PV166015/PAstV3-GDYJ173-2011/CHN/2011/Sus-scrofa/Mammalia_184:234:284	PV166015/PAstV3-GDYJ173-2011/CHN/2011/Sus-scrofa/Mammalia	100.000	100	0	0	1	100	184	283	4.66e-47	182
PV166015/PAstV3-GDYJ173-2011/CHN/2011/Sus-scrofa/Mammalia_184:234:284	PX137026/PAstV3-XJCZ24-2024/CHN/2024-04-24/Sus-scrofa/Mammalia	98.000	100	2	0	1	100	370	469	2.17e-45	176
PV166015/PAstV3-GDYJ173-2011/CHN/2011/Sus-scrofa/Mammalia_184:234:284	PV166014/PAstV3-GDFS59-2011/CHN/2011/Sus-scrofa/Mammalia	97.959	98	2	0	1	98	184	281	2.80e-44	172
PV166015/PAstV3-GDYJ173-2011/CHN/2011/Sus-scrofa/Mammalia_184:234:284	LC900406/PoAstV-3-wt-Pig-Japan-Uchi-12-2019/JPN/2019-10-08/Sus-scrofa/Mammalia	97.000	100	3	0	1	100	370	469	1.01e-43	171
PV166015/PAstV3-GDYJ173-2011/CHN/2011/Sus-scrofa/Mammalia_184:234:284	KY933399/U460/UGA/2012-11/Sus-scrofa/Mammalia	95.918	98	4	0	1	98	181	278	6.07e-41	161
PV166015/PAstV3-GDYJ173-2011/CHN/2011/Sus-scrofa/Mammalia_184:234:284	PV166016/PAstV3-HLJDQ8-2018/CHN/2018/Sus-scrofa/Mammalia	94.565	92	5	0	1	92	190	281	6.11e-36	145
PV166015/PAstV3-GDYJ173-2011/CHN/2011/Sus-scrofa/Mammalia_184:234:284	PX137022/PAstV3-XJJY14-2023/CHN/2023-02-20/Sus-scrofa/Mammalia	93.478	92	6	0	1	92	235	326	2.84e-34	139
PV166015/PAstV3-GDYJ173-2011/CHN/2011/Sus-scrofa/Mammalia_184:234:284	PX137023/PAstV3-XJJY17-2023/CHN/2023-02-20/Sus-scrofa/Mammalia	93.478	92	6	0	1	92	235	326	2.84e-34	139
PV166015/PAstV3-GDYJ173-2011/CHN/2011/Sus-scrofa/Mammalia_184:234:284	PX137024/PAstV3-XJJY9-2023/CHN/2023-02-20/Sus-scrofa/Mammalia	93.478	92	6	0	1	92	235	326	2.84e-34	139
PV166015/PAstV3-GDYJ173-2011/CHN/2011/Sus-scrofa/Mammalia_184:234:284	PX137025/PAstV3-XJJY5-2023/CHN/2023-02-20/Sus-scrofa/Mammalia	93.478	92	6	0	1	92	235	326	2.84e-34	139
PV166015/PAstV3-GDYJ173-2011/CHN/2011/Sus-scrofa/Mammalia_184:234:284	PV166019/PAstV3-LNLY-2024/CHN/2024/Sus-scrofa/Mammalia	93.478	92	6	0	1	92	190	281	2.84e-34	139
PV166015/PAstV3-GDYJ173-2011/CHN/2011/Sus-scrofa/Mammalia_184:234:284	PV166020/PAstV3-NMBB3-2023/CHN/2023/Sus-scrofa/Mammalia	93.478	92	6	0	1	92	190	281	2.84e-34	139
PV166015/PAstV3-GDYJ173-2011/CHN/2011/Sus-scrofa/Mammalia_184:234:284	PV166021/PAstV3-XJJY5-2023/CHN/2023/Sus-scrofa/Mammalia	93.478	92	6	0	1	92	190	281	2.84e-34	139
PV166015/PAstV3-GDYJ173-2011/CHN/2011/Sus-scrofa/Mammalia_184:234:284	PV166022/PAstV3-XJJY9-2023/CHN/2023/Sus-scrofa/Mammalia	93.478	92	6	0	1	92	190	281	2.84e-34	139
PV166015/PAstV3-GDYJ173-2011/CHN/2011/Sus-scrofa/Mammalia_184:234:284	PV166023/PAstV3-XJJY14-2023/CHN/2023/Sus-scrofa/Mammalia	93.478	92	6	0	1	92	190	281	2.84e-34	139
PV166015/PAstV3-GDYJ173-2011/CHN/2011/Sus-scrofa/Mammalia_184:234:284	PV166024/PAstV3-XJJY17-2023/CHN/2023/Sus-scrofa/Mammalia	93.478	92	6	0	1	92	190	281	2.84e-34	139
PV166015/PAstV3-GDYJ173-2011/CHN/2011/Sus-scrofa/Mammalia_184:234:284	PX137021/PAstV3-LNBP9-2022/CHN/2022-12-01/Sus-scrofa/Mammalia	92.632	95	6	1	1	95	256	349	1.02e-33	137
PV166015/PAstV3-GDYJ173-2011/CHN/2011/Sus-scrofa/Mammalia_184:234:284	PV166017/PAstV3-LNBP7-2023/CHN/2023/Sus-scrofa/Mammalia	92.632	95	6	1	1	95	190	283	1.02e-33	137
PV166015/PAstV3-GDYJ173-2011/CHN/2011/Sus-scrofa/Mammalia_184:234:284	PV166018/PAstV3-LNBP9-2023/CHN/2023/Sus-scrofa/Mammalia	92.632	95	6	1	1	95	190	283	1.02e-33	137
PV166015/PAstV3-GDYJ173-2011/CHN/2011/Sus-scrofa/Mammalia_184:234:284	PV166012/PAstV3-GDFS5-1994/CHN/1994/Sus-scrofa/Mammalia	92.391	92	7	0	1	92	190	281	1.32e-32	134
PV166015/PAstV3-GDYJ173-2011/CHN/2011/Sus-scrofa/Mammalia_184:234:284	PV166013/PAstV3-GDQY16-1998/CHN/1998/Sus-scrofa/Mammalia	92.391	92	7	0	1	92	190	281	1.32e-32	134
PV166015/PAstV3-GDYJ173-2011/CHN/2011/Sus-scrofa/Mammalia_184:234:284	LC201598/NA/JPN/2014/Sus-scrofa/Mammalia	91.579	95	7	1	1	95	376	469	4.76e-32	132
PV166015/PAstV3-GDYJ173-2011/CHN/2011/Sus-scrofa/Mammalia_184:234:284	KC692365/fox-5/LAO/2012-03-15/Vulpes-vulpes/Mammalia	91.304	92	7	1	6	97	202	292	2.21e-30	126
PV166015/PAstV3-GDYJ173-2011/CHN/2011/Sus-scrofa/Mammalia_184:234:284	PP871720/astro_vt_2/VNM/2014-07-08_2016-10-11/Sus-scrofa/Mammalia	89.000	100	11	0	1	100	184	283	2.21e-30	126
PV166015/PAstV3-GDYJ173-2011/CHN/2011/Sus-scrofa/Mammalia_184:234:284	KM017741/FAstV-D1/USA/2013-10/Felis-catus/Mammalia	92.771	83	5	1	18	100	214	295	1.03e-28	121
PV166015/PAstV3-GDYJ173-2011/CHN/2011/Sus-scrofa/Mammalia_184:234:284	NC_024701/FAstV-D1/USA/2013-10/Felis-catus/Mammalia	92.771	83	5	1	18	100	214	295	1.03e-28	121
PV166015/PAstV3-GDYJ173-2011/CHN/2011/Sus-scrofa/Mammalia_184:234:284	MW037840/NA/AUS/2017-05/Felis-catus/Mammalia	92.405	79	6	0	22	100	250	328	4.79e-27	115
PV166015/PAstV3-GDYJ173-2011/CHN/2011/Sus-scrofa/Mammalia_184:234:284	MZ357116/Rpin315AstV01-12/CHN/2019-10-31/Ailurus-fulgens/Mammalia	91.139	79	7	0	22	100	217	295	2.23e-25	110
PV166015/PAstV3-GDYJ173-2011/CHN/2011/Sus-scrofa/Mammalia_184:234:284	OL444939/CHN-2020-1/CHN/2020/Mustela-putorius/Mammalia	91.250	80	6	1	18	97	214	292	2.23e-25	110
PV166015/PAstV3-GDYJ173-2011/CHN/2011/Sus-scrofa/Mammalia_184:234:284	PV418557/CaAstV-Dog-AUS-perth_6-2022/AUS/2022-03/Canis-lupus/Mammalia	91.139	79	6	1	18	96	250	327	8.02e-25	108
PV166015/PAstV3-GDYJ173-2011/CHN/2011/Sus-scrofa/Mammalia_397:447:497	PV166015/PAstV3-GDYJ173-2011/CHN/2011/Sus-scrofa/Mammalia	100.000	100	0	0	1	100	397	496	4.66e-47	182
PV166015/PAstV3-GDYJ173-2011/CHN/2011/Sus-scrofa/Mammalia_397:447:497	PV166014/PAstV3-GDFS59-2011/CHN/2011/Sus-scrofa/Mammalia	97.000	100	3	0	1	100	397	496	1.01e-43	171
PV166015/PAstV3-GDYJ173-2011/CHN/2011/Sus-scrofa/Mammalia_397:447:497	PX137026/PAstV3-XJCZ24-2024/CHN/2024-04-24/Sus-scrofa/Mammalia	96.000	100	4	0	1	100	583	682	4.69e-42	165
PV166015/PAstV3-GDYJ173-2011/CHN/2011/Sus-scrofa/Mammalia_397:447:497	LC900406/PoAstV-3-wt-Pig-Japan-Uchi-12-2019/JPN/2019-10-08/Sus-scrofa/Mammalia	92.000	100	8	0	1	100	583	682	7.90e-35	141
PV166015/PAstV3-GDYJ173-2011/CHN/2011/Sus-scrofa/Mammalia_687:737:787	PV166014/PAstV3-GDFS59-2011/CHN/2011/Sus-scrofa/Mammalia	99.000	100	1	0	1	100	687	786	4.66e-47	182
PV166015/PAstV3-GDYJ173-2011/CHN/2011/Sus-scrofa/Mammalia_687:737:787	PV166015/PAstV3-GDYJ173-2011/CHN/2011/Sus-scrofa/Mammalia	100.000	100	0	0	1	100	687	786	4.66e-47	182
PV166015/PAstV3-GDYJ173-2011/CHN/2011/Sus-scrofa/Mammalia_687:737:787	PX137026/PAstV3-XJCZ24-2024/CHN/2024-04-24/Sus-scrofa/Mammalia	95.960	99	4	0	1	99	873	971	1.69e-41	163
PV166015/PAstV3-GDYJ173-2011/CHN/2011/Sus-scrofa/Mammalia_687:737:787	LC900406/PoAstV-3-wt-Pig-Japan-Uchi-12-2019/JPN/2019-10-08/Sus-scrofa/Mammalia	88.000	100	12	0	1	100	873	972	1.03e-28	121
PV166015/PAstV3-GDYJ173-2011/CHN/2011/Sus-scrofa/Mammalia_687:737:787	PP871720/astro_vt_2/VNM/2014-07-08_2016-10-11/Sus-scrofa/Mammalia	88.172	93	11	0	1	93	687	779	1.72e-26	113
PX236817/M22/LAO/2021/Trichosurus-vulpecula/Mammalia_473:523:535:537:543:573	PX236817/M22/LAO/2021/Trichosurus-vulpecula/Mammalia	100.000	100	0	0	1	100	473	572	1.01e-43	171
PX236817/M22/LAO/2021/Trichosurus-vulpecula/Mammalia_473:523:535:537:543:573	PX236818/M23/LAO/2021/Trichosurus-vulpecula/Mammalia	88.776	98	11	0	3	100	475	572	2.21e-30	126
PX255447/BTY1YZ/LAO/2017-07-04/Homo-sapiens/Mammalia_1862:1946:1962	PX255447/BTY1YZ/LAO/2017-07-04/Homo-sapiens/Mammalia	100.000	101	0	0	1	101	1862	1962	1.31e-47	183
PX255447/BTY1YZ/LAO/2017-07-04/Homo-sapiens/Mammalia_1862:1946:1962	MT267482/NA/ZAF/2015/Homo-sapiens/Mammalia	97.030	101	2	1	1	101	1862	1961	3.67e-43	169
PX255447/BTY1YZ/LAO/2017-07-04/Homo-sapiens/Mammalia_1862:1946:1962	MW485043/NA/KEN/2019-04-15/Homo-sapiens/Mammalia	98.810	84	1	0	1	84	1862	1945	1.33e-37	150
PX255447/BTY1YZ/LAO/2017-07-04/Homo-sapiens/Mammalia_1862:1946:1962	MT267483/NA/ZAF/2015/Homo-sapiens/Mammalia	94.000	100	5	1	1	100	1862	1960	1.33e-37	150
PX255447/BTY1YZ/LAO/2017-07-04/Homo-sapiens/Mammalia_1862:1946:1962	MK059951/NA/USA/NA/Homo-sapiens/Mammalia	93.878	98	5	1	3	100	1864	1960	4.78e-37	148
PX255447/BTY1YZ/LAO/2017-07-04/Homo-sapiens/Mammalia_1862:1946:1962	GU223905/Rus-Nsc03-H191/RUS/2003-11-10/Homo-sapiens/Mammalia	93.000	100	6	1	1	100	1862	1960	1.72e-36	147
PX255447/BTY1YZ/LAO/2017-07-04/Homo-sapiens/Mammalia_1862:1946:1962	AF141381/NA/NA/NA/NA/NA	92.000	100	7	1	1	100	1862	1960	8.00e-35	141
PX255447/BTY1YZ/LAO/2017-07-04/Homo-sapiens/Mammalia_1862:1946:1962	JF491430/Rus-Nsc04-H355/RUS/2004-02-21/Homo-sapiens/Mammalia	92.000	100	7	1	1	100	1862	1960	8.00e-35	141
PX255447/BTY1YZ/LAO/2017-07-04/Homo-sapiens/Mammalia_1862:1946:1962	ON807344/G22-002/FRA/2006-02-28/NA/NA	93.617	94	5	1	1	94	1862	1954	8.00e-35	141
PX255447/BTY1YZ/LAO/2017-07-04/Homo-sapiens/Mammalia_1862:1946:1962	ON807345/G22-003/FRA/2006-07-23/NA/NA	93.617	94	5	1	1	94	1862	1954	8.00e-35	141
PX255447/BTY1YZ/LAO/2017-07-04/Homo-sapiens/Mammalia_1862:1946:1962	KY271946/NA/USA/2015-05-31/Homo-sapiens/Mammalia	91.089	101	8	1	1	101	1862	1961	1.04e-33	137
PX255447/BTY1YZ/LAO/2017-07-04/Homo-sapiens/Mammalia_1862:1946:1962	LC732124/Child-with-acute-gastroenteritis/JPN/2016-05-24/Homo-sapiens/Mammalia	91.089	101	8	1	1	101	1862	1961	1.04e-33	137
PX255447/BTY1YZ/LAO/2017-07-04/Homo-sapiens/Mammalia_1862:1946:1962	PP901928/E60S2/IRL/NA/Homo-sapiens/Mammalia	91.089	101	8	1	1	101	1862	1961	1.04e-33	137
PX255447/BTY1YZ/LAO/2017-07-04/Homo-sapiens/Mammalia_1862:1946:1962	GU732187/Rus-Nsc08-3364/RUS/2008-04-21/Homo-sapiens/Mammalia	91.000	100	8	1	1	100	1862	1960	3.72e-33	135
PX255447/BTY1YZ/LAO/2017-07-04/Homo-sapiens/Mammalia_1862:1946:1962	MK296753/17W1028/IRL/2018-12-28/Homo-sapiens/Mammalia	90.099	101	9	1	1	101	1862	1961	4.82e-32	132
PX255447/BTY1YZ/LAO/2017-07-04/Homo-sapiens/Mammalia_1862:1946:1962	PP901927/E60S1/IRL/NA/Homo-sapiens/Mammalia	90.099	101	9	1	1	101	1862	1961	4.82e-32	132
PX255447/BTY1YZ/LAO/2017-07-04/Homo-sapiens/Mammalia_1862:1946:1962	MG571777/NA/LAO/2015/Homo-sapiens/Mammalia	89.109	101	10	1	1	101	1862	1961	2.24e-30	126
PX255447/BTY1YZ/LAO/2017-07-04/Homo-sapiens/Mammalia_1862:1946:1962	LC694985/HAstV3-190610-Tokyo-2019/JPN/2019-07/Homo-sapiens/Mammalia	89.109	101	10	1	1	101	1862	1961	2.24e-30	126
PX255447/BTY1YZ/LAO/2017-07-04/Homo-sapiens/Mammalia_1862:1946:1962	MN444721/NA/USA/2017-05/Homo-sapiens/Mammalia	92.857	84	6	0	1	84	1862	1945	2.90e-29	122
PX255447/BTY1YZ/LAO/2017-07-04/Homo-sapiens/Mammalia_1862:1946:1962	OR792802/P1/FRA/2023-06/Homo-sapiens/Mammalia	92.857	84	6	0	1	84	1862	1945	2.90e-29	122
PX255447/BTY1YZ/LAO/2017-07-04/Homo-sapiens/Mammalia_1862:1946:1962	LC732123/Child-with-acute-gastroenteritis/JPN/2016-05-07/Homo-sapiens/Mammalia	91.667	84	7	0	1	84	1862	1945	1.35e-27	117
PX255447/BTY1YZ/LAO/2017-07-04/Homo-sapiens/Mammalia_1862:1946:1962	PQ496890/Yunnan_B197/CHN/2023-12/Homo-sapiens/Mammalia	91.667	84	7	0	1	84	1862	1945	1.35e-27	117
PX255447/BTY1YZ/LAO/2017-07-04/Homo-sapiens/Mammalia_1862:1946:1962	LC732122/Child-with-acute-gastroenteritis/JPN/2016-04-24/Homo-sapiens/Mammalia	90.476	84	8	0	1	84	1862	1945	6.27e-26	111
PV843273/S091-2023_1/ZMB/2019-10-25/NA/NA_1694:1744:1794	PV843273/S091-2023_1/ZMB/2019-10-25/NA/NA	100.000	100	0	0	1	100	1694	1793	4.66e-47	182
PV843273/S091-2023_1/ZMB/2019-10-25/NA/NA_1694:1744:1794	GQ502193/VA2-human-Stl-WD0680-2009/USA/2009/Homo-sapiens/Mammalia	97.000	100	3	0	1	100	1694	1793	1.01e-43	171
PV843273/S091-2023_1/ZMB/2019-10-25/NA/NA_1694:1744:1794	MZ603076/HAstV-VA2_RVAB/NA/2010/NA/NA	97.000	100	3	0	1	100	1694	1793	1.01e-43	171
PV843273/S091-2023_1/ZMB/2019-10-25/NA/NA_1694:1744:1794	GQ415660/NI-295/NER/2007-03-21/Homo-sapiens/Mammalia	93.000	100	7	0	1	100	1694	1793	4.72e-37	148
PV843273/S091-2023_1/ZMB/2019-10-25/NA/NA_1694:1744:1794	NC_013443/NI-295/NER/2007-03-21/Homo-sapiens/Mammalia	93.000	100	7	0	1	100	1694	1793	4.72e-37	148
PV843273/S091-2023_1/ZMB/2019-10-25/NA/NA_1694:1744:1794	OQ968312/21153-SD-CHN-VA2/CHN/2021/Homo-sapiens/Mammalia	92.000	100	8	0	1	100	1694	1793	2.20e-35	143
PV544235/UMN_2024/USA/2024/Mus-musculus/Mammalia_391:441:491	PV544235/UMN_2024/USA/2024/Mus-musculus/Mammalia	100.000	100	0	0	1	100	391	490	4.66e-47	182
PV544235/UMN_2024/USA/2024/Mus-musculus/Mammalia_391:441:491	MN503236/WCM1-NY-USA-2018/USA/2018-05-04/Mus-musculus/Mammalia	97.959	98	2	0	1	98	424	521	2.80e-44	172
PV544235/UMN_2024/USA/2024/Mus-musculus/Mammalia_391:441:491	MN503237/WCM2-NY-USA-2018/USA/2018-05-04/Mus-musculus/Mammalia	97.959	98	2	0	1	98	424	521	2.80e-44	172
PV544235/UMN_2024/USA/2024/Mus-musculus/Mammalia_391:441:491	MF175073/MAV2-NYC-2014-M007-0090/USA/2014-08-15/Mus-musculus/Mammalia	95.000	100	5	0	1	100	391	490	2.18e-40	159
PV544235/UMN_2024/USA/2024/Mus-musculus/Mammalia_391:441:491	MN503235/TIB-224-MA-USA-2018/USA/2018-05-04/Mus-musculus/Mammalia	94.000	100	6	0	1	100	424	523	1.02e-38	154
PV544235/UMN_2024/USA/2024/Mus-musculus/Mammalia_391:441:491	MN503238/MI-USA-2018/USA/2018-12-20/Mus-musculus/Mammalia	88.000	100	12	0	1	100	424	523	1.03e-28	121
PV544235/UMN_2024/USA/2024/Mus-musculus/Mammalia_608:658:708	MF175073/MAV2-NYC-2014-M007-0090/USA/2014-08-15/Mus-musculus/Mammalia	98.000	100	2	0	1	100	608	707	6.02e-46	178
PV544235/UMN_2024/USA/2024/Mus-musculus/Mammalia_608:658:708	PV544235/UMN_2024/USA/2024/Mus-musculus/Mammalia	100.000	100	0	0	1	100	608	707	6.02e-46	178
PV544235/UMN_2024/USA/2024/Mus-musculus/Mammalia_608:658:708	MN503235/TIB-224-MA-USA-2018/USA/2018-05-04/Mus-musculus/Mammalia	97.000	100	3	0	1	100	641	740	2.80e-44	172
PV544235/UMN_2024/USA/2024/Mus-musculus/Mammalia_608:658:708	MN503237/WCM2-NY-USA-2018/USA/2018-05-04/Mus-musculus/Mammalia	90.000	100	10	0	1	100	641	740	1.32e-32	134
PV544235/UMN_2024/USA/2024/Mus-musculus/Mammalia_608:658:708	MN503238/MI-USA-2018/USA/2018-12-20/Mus-musculus/Mammalia	90.000	100	10	0	1	100	641	740	1.32e-32	134
PV544235/UMN_2024/USA/2024/Mus-musculus/Mammalia_608:658:708	MN503236/WCM1-NY-USA-2018/USA/2018-05-04/Mus-musculus/Mammalia	89.000	100	11	0	1	100	641	740	6.15e-31	128
PV544235/UMN_2024/USA/2024/Mus-musculus/Mammalia_608:658:708	PV351774/HN_K12f_6/CHN/2024-06-20/Suncus-murinus/Mammalia	87.755	98	12	0	1	98	608	705	3.70e-28	119
PV544235/UMN_2024/USA/2024/Mus-musculus/Mammalia_608:658:708	PV979748/Rhabdo_Mix_4_123_Astrovirus_shrew_240620/CHN/2024-06-20/Suncus-murinus/Mammalia	87.755	98	12	0	1	98	608	705	3.70e-28	119
PV544235/UMN_2024/USA/2024/Mus-musculus/Mammalia_608:658:708	MT549859/CHN-148/CHN/2016/Rattus-norvegicus/Mammalia	87.629	97	12	0	1	97	608	704	1.33e-27	117
PV544235/UMN_2024/USA/2024/Mus-musculus/Mammalia_608:658:708	PV351770/HN_K2f_471/CHN/2024-06-20/Suncus-murinus/Mammalia	86.598	97	13	0	1	97	608	704	6.20e-26	111
PV544235/UMN_2024/USA/2024/Mus-musculus/Mammalia_608:658:708	OQ802726/WZ_Ra.norvegicus_astro_2/CHN/2016_2017/Rattus-norvegicus/Mammalia	85.567	97	14	0	1	97	608	704	2.88e-24	106
PV544235/UMN_2024/USA/2024/Mus-musculus/Mammalia_652:702:752	PV544235/UMN_2024/USA/2024/Mus-musculus/Mammalia	100.000	100	0	0	1	100	652	751	7.79e-45	174
PV544235/UMN_2024/USA/2024/Mus-musculus/Mammalia_652:702:752	MF175073/MAV2-NYC-2014-M007-0090/USA/2014-08-15/Mus-musculus/Mammalia	95.000	100	5	0	1	100	652	751	1.69e-41	163
PV544235/UMN_2024/USA/2024/Mus-musculus/Mammalia_652:702:752	MN503235/TIB-224-MA-USA-2018/USA/2018-05-04/Mus-musculus/Mammalia	95.000	100	5	0	1	100	685	784	1.69e-41	163
PV544235/UMN_2024/USA/2024/Mus-musculus/Mammalia_652:702:752	MN503236/WCM1-NY-USA-2018/USA/2018-05-04/Mus-musculus/Mammalia	85.000	100	15	0	1	100	685	784	8.02e-25	108
PV544235/UMN_2024/USA/2024/Mus-musculus/Mammalia_652:702:752	MN503237/WCM2-NY-USA-2018/USA/2018-05-04/Mus-musculus/Mammalia	85.000	100	15	0	1	100	685	784	8.02e-25	108
PV544235/UMN_2024/USA/2024/Mus-musculus/Mammalia_694:744:794	PV544235/UMN_2024/USA/2024/Mus-musculus/Mammalia	100.000	100	0	0	1	100	694	793	6.02e-46	178
PV544235/UMN_2024/USA/2024/Mus-musculus/Mammalia_694:744:794	MF175073/MAV2-NYC-2014-M007-0090/USA/2014-08-15/Mus-musculus/Mammalia	96.000	100	4	0	1	100	694	793	1.30e-42	167
PV544235/UMN_2024/USA/2024/Mus-musculus/Mammalia_694:744:794	MN503235/TIB-224-MA-USA-2018/USA/2018-05-04/Mus-musculus/Mammalia	95.000	100	5	0	1	100	727	826	6.07e-41	161
PV544235/UMN_2024/USA/2024/Mus-musculus/Mammalia_694:744:794	MN503236/WCM1-NY-USA-2018/USA/2018-05-04/Mus-musculus/Mammalia	85.000	100	15	0	1	100	727	826	2.88e-24	106
PV544235/UMN_2024/USA/2024/Mus-musculus/Mammalia_694:744:794	MN503237/WCM2-NY-USA-2018/USA/2018-05-04/Mus-musculus/Mammalia	85.000	100	15	0	1	100	727	826	2.88e-24	106
PV544235/UMN_2024/USA/2024/Mus-musculus/Mammalia_694:744:794	MN503238/MI-USA-2018/USA/2018-12-20/Mus-musculus/Mammalia	85.000	100	15	0	1	100	727	826	2.88e-24	106
PV544235/UMN_2024/USA/2024/Mus-musculus/Mammalia_694:744:794	PV351770/HN_K2f_471/CHN/2024-06-20/Suncus-murinus/Mammalia	85.000	100	15	0	1	100	694	793	2.88e-24	106
PV544235/UMN_2024/USA/2024/Mus-musculus/Mammalia_694:744:794	MT549859/CHN-148/CHN/2016/Rattus-norvegicus/Mammalia	84.000	100	16	0	1	100	694	793	1.34e-22	100
PV544235/UMN_2024/USA/2024/Mus-musculus/Mammalia_751:801:851	PV544235/UMN_2024/USA/2024/Mus-musculus/Mammalia	100.000	100	0	0	1	100	751	850	4.66e-47	182
PV544235/UMN_2024/USA/2024/Mus-musculus/Mammalia_751:801:851	MF175073/MAV2-NYC-2014-M007-0090/USA/2014-08-15/Mus-musculus/Mammalia	96.000	100	4	0	1	100	751	850	4.69e-42	165
PV544235/UMN_2024/USA/2024/Mus-musculus/Mammalia_751:801:851	MN503235/TIB-224-MA-USA-2018/USA/2018-05-04/Mus-musculus/Mammalia	96.000	100	4	0	1	100	784	883	4.69e-42	165
PV544235/UMN_2024/USA/2024/Mus-musculus/Mammalia_751:801:851	MN503236/WCM1-NY-USA-2018/USA/2018-05-04/Mus-musculus/Mammalia	89.000	100	11	0	1	100	784	883	2.21e-30	126
PV544235/UMN_2024/USA/2024/Mus-musculus/Mammalia_751:801:851	MN503237/WCM2-NY-USA-2018/USA/2018-05-04/Mus-musculus/Mammalia	89.000	100	11	0	1	100	784	883	2.21e-30	126
PV544235/UMN_2024/USA/2024/Mus-musculus/Mammalia_751:801:851	MN503238/MI-USA-2018/USA/2018-12-20/Mus-musculus/Mammalia	86.000	100	14	0	1	100	784	883	2.23e-25	110
PV544235/UMN_2024/USA/2024/Mus-musculus/Mammalia_982:1032:1082	MF175073/MAV2-NYC-2014-M007-0090/USA/2014-08-15/Mus-musculus/Mammalia	98.000	100	2	0	1	100	982	1081	6.02e-46	178
PV544235/UMN_2024/USA/2024/Mus-musculus/Mammalia_982:1032:1082	PV544235/UMN_2024/USA/2024/Mus-musculus/Mammalia	100.000	100	0	0	1	100	982	1081	6.02e-46	178
PV544235/UMN_2024/USA/2024/Mus-musculus/Mammalia_1018:1068:1118	PV544235/UMN_2024/USA/2024/Mus-musculus/Mammalia	100.000	100	0	0	1	100	1018	1117	6.02e-46	178
PV544235/UMN_2024/USA/2024/Mus-musculus/Mammalia_1018:1068:1118	MF175073/MAV2-NYC-2014-M007-0090/USA/2014-08-15/Mus-musculus/Mammalia	97.000	100	3	0	1	100	1018	1117	2.80e-44	172
PV544235/UMN_2024/USA/2024/Mus-musculus/Mammalia_1150:1200:1250	PV544235/UMN_2024/USA/2024/Mus-musculus/Mammalia	100.000	100	0	0	1	100	1150	1249	4.66e-47	182
PV544235/UMN_2024/USA/2024/Mus-musculus/Mammalia_1150:1200:1250	MF175073/MAV2-NYC-2014-M007-0090/USA/2014-08-15/Mus-musculus/Mammalia	98.000	100	2	0	1	100	1150	1249	2.17e-45	176
PV544235/UMN_2024/USA/2024/Mus-musculus/Mammalia_1424:1474:1524	PV544235/UMN_2024/USA/2024/Mus-musculus/Mammalia	100.000	100	0	0	1	100	1424	1523	4.66e-47	182
PV544235/UMN_2024/USA/2024/Mus-musculus/Mammalia_1424:1474:1524	MF175073/MAV2-NYC-2014-M007-0090/USA/2014-08-15/Mus-musculus/Mammalia	98.000	100	2	0	1	100	1424	1523	2.17e-45	176
PV544235/UMN_2024/USA/2024/Mus-musculus/Mammalia_1601:1651:1701	PV544235/UMN_2024/USA/2024/Mus-musculus/Mammalia	100.000	100	0	0	1	100	1601	1700	4.66e-47	182
PV544235/UMN_2024/USA/2024/Mus-musculus/Mammalia_1601:1651:1701	MF175073/MAV2-NYC-2014-M007-0090/USA/2014-08-15/Mus-musculus/Mammalia	97.000	100	3	0	1	100	1601	1700	1.01e-43	171
PV544235/UMN_2024/USA/2024/Mus-musculus/Mammalia_1900:1950:2000	PV544235/UMN_2024/USA/2024/Mus-musculus/Mammalia	100.000	100	0	0	1	100	1900	1999	4.66e-47	182
PV544235/UMN_2024/USA/2024/Mus-musculus/Mammalia_1900:1950:2000	MF175073/MAV2-NYC-2014-M007-0090/USA/2014-08-15/Mus-musculus/Mammalia	96.000	100	4	0	1	100	1900	1999	4.69e-42	165
PV544235/UMN_2024/USA/2024/Mus-musculus/Mammalia_1990:2040:2090	PV544235/UMN_2024/USA/2024/Mus-musculus/Mammalia	100.000	100	0	0	1	100	1990	2089	4.66e-47	182
PV544235/UMN_2024/USA/2024/Mus-musculus/Mammalia_1990:2040:2090	MF175073/MAV2-NYC-2014-M007-0090/USA/2014-08-15/Mus-musculus/Mammalia	98.000	100	2	0	1	100	1990	2089	2.17e-45	176
PV544235/UMN_2024/USA/2024/Mus-musculus/Mammalia_1990:2040:2090	MN503238/MI-USA-2018/USA/2018-12-20/Mus-musculus/Mammalia	87.356	87	11	0	4	90	2023	2109	3.73e-23	102
PV093023/NA/CHN/2023-01-01/Neogale-vison/Mammalia_7:57:107	PV093022/NA/CHN/2023-01-01/Neogale-vison/Mammalia	99.000	100	1	0	1	100	7	106	4.66e-47	182
PV093023/NA/CHN/2023-01-01/Neogale-vison/Mammalia_7:57:107	PV093023/NA/CHN/2023-01-01/Neogale-vison/Mammalia	100.000	100	0	0	1	100	7	106	4.66e-47	182
PV093023/NA/CHN/2023-01-01/Neogale-vison/Mammalia_7:57:107	OM469229/ANV-PB23-SI7-Switzerland-2019/LAO/2019/Gallus-gallus/Aves	98.000	100	2	0	1	100	7	106	2.17e-45	176
PV093023/NA/CHN/2023-01-01/Neogale-vison/Mammalia_7:57:107	OM469230/ANV-PB31-SI19-Switzerland-2019/LAO/2019/Gallus-gallus/Aves	98.000	100	2	0	1	100	7	106	2.17e-45	176
PV093023/NA/CHN/2023-01-01/Neogale-vison/Mammalia_7:57:107	OM469231/ANV-PB21-SI5-Switzerland-2019/LAO/2019/Gallus-gallus/Aves	98.000	100	2	0	1	100	7	106	2.17e-45	176
PV093023/NA/CHN/2023-01-01/Neogale-vison/Mammalia_7:57:107	MW684829/Chicken-NLD-2019-V_M_041_astro_13/LAO/2019/Gallus-gallus/Aves	97.000	100	3	0	1	100	7	106	3.63e-43	169
PV093023/NA/CHN/2023-01-01/Neogale-vison/Mammalia_7:57:107	OM469236/ANV-PB5-HI5-Switzerland-2019/LAO/2019/Gallus-gallus/Aves	97.000	100	3	0	1	100	7	106	3.63e-43	169
PV093023/NA/CHN/2023-01-01/Neogale-vison/Mammalia_7:57:107	OM469232/ANV-PB7-HI6-Switzerland-2019/LAO/2019/Gallus-gallus/Aves	96.000	100	4	0	1	100	7	106	1.69e-41	163
PV093023/NA/CHN/2023-01-01/Neogale-vison/Mammalia_7:57:107	OM469233/ANV-PB11-HI6-Switzerland-2019/LAO/2019/Gallus-gallus/Aves	96.000	100	4	0	1	100	7	106	1.69e-41	163
PV093023/NA/CHN/2023-01-01/Neogale-vison/Mammalia_7:57:107	OM469234/ANV-PB1-HI5-Switzerland-2019/LAO/2019/Gallus-gallus/Aves	96.000	100	4	0	1	100	7	106	1.69e-41	163
PV093023/NA/CHN/2023-01-01/Neogale-vison/Mammalia_7:57:107	OM469235/ANV-PB15-HI11-Switzerland-2019/LAO/2019/Gallus-gallus/Aves	96.000	100	4	0	1	100	7	106	1.69e-41	163
PV093023/NA/CHN/2023-01-01/Neogale-vison/Mammalia_7:57:107	OM469237/ANV-PB55-SI14-Switzerland-2019/LAO/2019/Gallus-gallus/Aves	96.000	100	4	0	1	100	7	106	1.69e-41	163
PV093023/NA/CHN/2023-01-01/Neogale-vison/Mammalia_7:57:107	ON964512/NA/CHN/2020-12/Gallus-gallus/Aves	95.918	98	4	0	1	98	7	104	6.07e-41	161
PV093023/NA/CHN/2023-01-01/Neogale-vison/Mammalia_7:57:107	KM254166/AstroQ45-2013/KOR/2013-08/Gallus-gallus/Aves	95.960	99	2	2	1	98	7	104	2.18e-40	159
PV093023/NA/CHN/2023-01-01/Neogale-vison/Mammalia_7:57:107	MW684825/Chicken-NLD-2019-V_M_038_astro_6/LAO/2019/Gallus-gallus/Aves	95.000	100	5	0	1	100	7	106	2.18e-40	159
PV093023/NA/CHN/2023-01-01/Neogale-vison/Mammalia_7:57:107	MW684827/Chicken-NLD-2019-V_M_039_astro_3/LAO/2019/Gallus-gallus/Aves	95.000	100	5	0	1	100	7	106	2.18e-40	159
PV093023/NA/CHN/2023-01-01/Neogale-vison/Mammalia_7:57:107	MN732559/NA/CHN/2017/Gallus-gallus/Aves	94.898	98	5	0	1	98	7	104	2.82e-39	156
PV093023/NA/CHN/2023-01-01/Neogale-vison/Mammalia_7:57:107	OQ685945/ANV-ck-TZ-Iringa-2151-IM162-2019/TZA/2019-04-11/Gallus-gallus/Aves	94.898	98	5	0	1	98	7	104	2.82e-39	156
PV093023/NA/CHN/2023-01-01/Neogale-vison/Mammalia_7:57:107	PP871786/astro_vt_68/VNM/2014-07-08_2016-10-11/Gallus-gallus/Aves	94.000	100	6	0	1	100	7	106	1.02e-38	154
PV093023/NA/CHN/2023-01-01/Neogale-vison/Mammalia_7:57:107	MN732558/NA/CHN/2018/Gallus-gallus/Aves	94.000	100	6	0	1	100	7	106	3.65e-38	152
PV093023/NA/CHN/2023-01-01/Neogale-vison/Mammalia_7:57:107	MW784099/361bR-171897/CHN/NA/NA/NA	93.000	100	7	0	1	100	7	106	4.72e-37	148
PV093023/NA/CHN/2023-01-01/Neogale-vison/Mammalia_7:57:107	MW784086/232-76811/CHN/NA/NA/NA	92.000	100	8	0	1	100	7	106	2.20e-35	143
PV093023/NA/CHN/2023-01-01/Neogale-vison/Mammalia_7:57:107	MW684819/Chicken-NLD-2019-V_M_030_astro_12/LAO/2019/Gallus-gallus/Aves	92.000	100	8	0	1	100	7	106	7.90e-35	141
PV093023/NA/CHN/2023-01-01/Neogale-vison/Mammalia_7:57:107	MW684824/Chicken-NLD-2019-V_M_038_astro_5/LAO/2019/Gallus-gallus/Aves	91.000	100	9	0	1	100	7	106	1.02e-33	137
PV093023/NA/CHN/2023-01-01/Neogale-vison/Mammalia_7:57:107	MW684826/Chicken-NLD-2019-V_M_039_astro_2/LAO/2019/Gallus-gallus/Aves	91.000	100	9	0	1	100	7	106	1.02e-33	137
PV093023/NA/CHN/2023-01-01/Neogale-vison/Mammalia_7:57:107	MW784097/297b-22705/CHN/NA/NA/NA	91.000	100	9	0	1	100	7	106	1.02e-33	137
PV093023/NA/CHN/2023-01-01/Neogale-vison/Mammalia_7:57:107	HM029238/NA/CHN/2009/Gallus-gallus/Aves	90.625	96	9	0	1	96	7	102	6.15e-31	128
PV093023/NA/CHN/2023-01-01/Neogale-vison/Mammalia_7:57:107	MW684818/Chicken-NLD-2019-V_M_015_astro_2/LAO/2019/Gallus-gallus/Aves	89.796	98	10	0	1	98	7	104	2.21e-30	126
PV093023/NA/CHN/2023-01-01/Neogale-vison/Mammalia_7:57:107	MW684833/Chicken-NLD-2019-V_M_053_astro_2/LAO/2019/Gallus-gallus/Aves	89.796	98	10	0	1	98	7	104	2.21e-30	126
PV093023/NA/CHN/2023-01-01/Neogale-vison/Mammalia_7:57:107	MW684820/Chicken-NLD-2019-V_M_033_astro_3/LAO/2019/Gallus-gallus/Aves	89.000	100	11	0	1	100	7	106	7.96e-30	124
PV093023/NA/CHN/2023-01-01/Neogale-vison/Mammalia_109:159:209	PV093023/NA/CHN/2023-01-01/Neogale-vison/Mammalia	100.000	100	0	0	1	100	109	208	4.66e-47	182
PV093023/NA/CHN/2023-01-01/Neogale-vison/Mammalia_109:159:209	PV093022/NA/CHN/2023-01-01/Neogale-vison/Mammalia	96.000	100	4	0	1	100	109	208	1.30e-42	167
PV093023/NA/CHN/2023-01-01/Neogale-vison/Mammalia_109:159:209	MW684825/Chicken-NLD-2019-V_M_038_astro_6/LAO/2019/Gallus-gallus/Aves	92.000	100	8	0	1	100	109	208	7.90e-35	141
PV093023/NA/CHN/2023-01-01/Neogale-vison/Mammalia_109:159:209	MW684827/Chicken-NLD-2019-V_M_039_astro_3/LAO/2019/Gallus-gallus/Aves	92.000	100	8	0	1	100	109	208	7.90e-35	141
PV093023/NA/CHN/2023-01-01/Neogale-vison/Mammalia_109:159:209	MN732558/NA/CHN/2018/Gallus-gallus/Aves	91.579	95	8	0	1	95	109	203	1.32e-32	134
PV093023/NA/CHN/2023-01-01/Neogale-vison/Mammalia_109:159:209	MW684819/Chicken-NLD-2019-V_M_030_astro_12/LAO/2019/Gallus-gallus/Aves	91.579	95	8	0	1	95	109	203	1.32e-32	134
PV093023/NA/CHN/2023-01-01/Neogale-vison/Mammalia_109:159:209	OM469232/ANV-PB7-HI6-Switzerland-2019/LAO/2019/Gallus-gallus/Aves	94.186	86	5	0	1	86	109	194	1.32e-32	134
PV093023/NA/CHN/2023-01-01/Neogale-vison/Mammalia_109:159:209	OM469233/ANV-PB11-HI6-Switzerland-2019/LAO/2019/Gallus-gallus/Aves	94.186	86	5	0	1	86	109	194	1.32e-32	134
PV093023/NA/CHN/2023-01-01/Neogale-vison/Mammalia_109:159:209	OM469234/ANV-PB1-HI5-Switzerland-2019/LAO/2019/Gallus-gallus/Aves	94.186	86	5	0	1	86	109	194	1.32e-32	134
PV093023/NA/CHN/2023-01-01/Neogale-vison/Mammalia_109:159:209	OM469236/ANV-PB5-HI5-Switzerland-2019/LAO/2019/Gallus-gallus/Aves	94.186	86	5	0	1	86	109	194	1.32e-32	134
PV093023/NA/CHN/2023-01-01/Neogale-vison/Mammalia_109:159:209	OM469237/ANV-PB55-SI14-Switzerland-2019/LAO/2019/Gallus-gallus/Aves	94.186	86	5	0	1	86	109	194	1.32e-32	134
PV093023/NA/CHN/2023-01-01/Neogale-vison/Mammalia_109:159:209	MW684820/Chicken-NLD-2019-V_M_033_astro_3/LAO/2019/Gallus-gallus/Aves	90.000	100	10	0	1	100	109	208	4.76e-32	132
PV093023/NA/CHN/2023-01-01/Neogale-vison/Mammalia_109:159:209	MW684821/Chicken-NLD-2019-V_M_034_astro_2/LAO/2019/Gallus-gallus/Aves	90.000	100	10	0	1	100	109	208	4.76e-32	132
PV093023/NA/CHN/2023-01-01/Neogale-vison/Mammalia_109:159:209	MW684822/Chicken-NLD-2019-V_M_036_astro_4/LAO/2019/Gallus-gallus/Aves	90.000	100	10	0	1	100	109	208	4.76e-32	132
PV093023/NA/CHN/2023-01-01/Neogale-vison/Mammalia_109:159:209	MW684832/Chicken-NLD-2019-V_M_048_astro_2/LAO/2019/Gallus-gallus/Aves	90.000	100	10	0	1	100	109	208	4.76e-32	132
PV093023/NA/CHN/2023-01-01/Neogale-vison/Mammalia_109:159:209	OM469229/ANV-PB23-SI7-Switzerland-2019/LAO/2019/Gallus-gallus/Aves	93.103	87	6	0	1	87	109	195	1.71e-31	130
PV093023/NA/CHN/2023-01-01/Neogale-vison/Mammalia_109:159:209	OM469230/ANV-PB31-SI19-Switzerland-2019/LAO/2019/Gallus-gallus/Aves	93.103	87	6	0	1	87	109	195	1.71e-31	130
PV093023/NA/CHN/2023-01-01/Neogale-vison/Mammalia_109:159:209	OM469231/ANV-PB21-SI5-Switzerland-2019/LAO/2019/Gallus-gallus/Aves	93.103	87	6	0	1	87	109	195	1.71e-31	130
PV093023/NA/CHN/2023-01-01/Neogale-vison/Mammalia_109:159:209	OM469235/ANV-PB15-HI11-Switzerland-2019/LAO/2019/Gallus-gallus/Aves	93.976	83	5	0	1	83	109	191	6.15e-31	128
PV093023/NA/CHN/2023-01-01/Neogale-vison/Mammalia_109:159:209	MW684829/Chicken-NLD-2019-V_M_041_astro_13/LAO/2019/Gallus-gallus/Aves	91.954	87	7	0	1	87	109	195	7.96e-30	124
PV093023/NA/CHN/2023-01-01/Neogale-vison/Mammalia_109:159:209	MW784086/232-76811/CHN/NA/NA/NA	92.683	82	6	0	3	84	111	192	1.03e-28	121
PV093023/NA/CHN/2023-01-01/Neogale-vison/Mammalia_109:159:209	MW784097/297b-22705/CHN/NA/NA/NA	90.361	83	8	0	1	83	109	191	6.20e-26	111
PV093023/NA/CHN/2023-01-01/Neogale-vison/Mammalia_109:159:209	ON964512/NA/CHN/2020-12/Gallus-gallus/Aves	89.286	84	9	0	1	84	106	189	8.02e-25	108
PV093023/NA/CHN/2023-01-01/Neogale-vison/Mammalia_109:159:209	MW784099/361bR-171897/CHN/NA/NA/NA	88.235	85	9	1	1	84	108	192	3.73e-23	102
PV093023/NA/CHN/2023-01-01/Neogale-vison/Mammalia_308:358:360:408	PV093023/NA/CHN/2023-01-01/Neogale-vison/Mammalia	100.000	100	0	0	1	100	308	407	6.02e-46	178
PV093023/NA/CHN/2023-01-01/Neogale-vison/Mammalia_308:358:360:408	PV093022/NA/CHN/2023-01-01/Neogale-vison/Mammalia	95.000	100	5	0	1	100	308	407	6.07e-41	161
PV093023/NA/CHN/2023-01-01/Neogale-vison/Mammalia_308:358:360:408	MN732558/NA/CHN/2018/Gallus-gallus/Aves	89.000	100	11	0	1	100	308	407	6.15e-31	128
PV093023/NA/CHN/2023-01-01/Neogale-vison/Mammalia_308:358:360:408	OM469232/ANV-PB7-HI6-Switzerland-2019/LAO/2019/Gallus-gallus/Aves	87.000	100	13	0	1	100	308	407	1.33e-27	117
PV093023/NA/CHN/2023-01-01/Neogale-vison/Mammalia_308:358:360:408	OM469233/ANV-PB11-HI6-Switzerland-2019/LAO/2019/Gallus-gallus/Aves	87.000	100	13	0	1	100	308	407	1.33e-27	117
PV093023/NA/CHN/2023-01-01/Neogale-vison/Mammalia_308:358:360:408	OM469234/ANV-PB1-HI5-Switzerland-2019/LAO/2019/Gallus-gallus/Aves	87.000	100	13	0	1	100	308	407	1.33e-27	117
PV093023/NA/CHN/2023-01-01/Neogale-vison/Mammalia_308:358:360:408	OM469235/ANV-PB15-HI11-Switzerland-2019/LAO/2019/Gallus-gallus/Aves	87.000	100	13	0	1	100	308	407	1.33e-27	117
PV093023/NA/CHN/2023-01-01/Neogale-vison/Mammalia_308:358:360:408	OM469236/ANV-PB5-HI5-Switzerland-2019/LAO/2019/Gallus-gallus/Aves	86.000	100	14	0	1	100	308	407	6.20e-26	111
PV093023/NA/CHN/2023-01-01/Neogale-vison/Mammalia_308:358:360:408	OM469237/ANV-PB55-SI14-Switzerland-2019/LAO/2019/Gallus-gallus/Aves	86.000	100	14	0	1	100	308	407	6.20e-26	111
PV093023/NA/CHN/2023-01-01/Neogale-vison/Mammalia_308:358:360:408	MW684819/Chicken-NLD-2019-V_M_030_astro_12/LAO/2019/Gallus-gallus/Aves	86.000	100	14	0	1	100	308	407	2.23e-25	110
PV093023/NA/CHN/2023-01-01/Neogale-vison/Mammalia_308:358:360:408	OM469229/ANV-PB23-SI7-Switzerland-2019/LAO/2019/Gallus-gallus/Aves	86.000	100	14	0	1	100	308	407	2.23e-25	110
PV093023/NA/CHN/2023-01-01/Neogale-vison/Mammalia_308:358:360:408	OM469231/ANV-PB21-SI5-Switzerland-2019/LAO/2019/Gallus-gallus/Aves	86.000	100	14	0	1	100	308	407	2.23e-25	110
PV093023/NA/CHN/2023-01-01/Neogale-vison/Mammalia_308:358:360:408	OM469230/ANV-PB31-SI19-Switzerland-2019/LAO/2019/Gallus-gallus/Aves	85.000	100	15	0	1	100	308	407	1.04e-23	104
PV093022/NA/CHN/2023-01-01/Neogale-vison/Mammalia_7:57:107	PV093022/NA/CHN/2023-01-01/Neogale-vison/Mammalia	100.000	100	0	0	1	100	7	106	4.66e-47	182
PV093022/NA/CHN/2023-01-01/Neogale-vison/Mammalia_7:57:107	PV093023/NA/CHN/2023-01-01/Neogale-vison/Mammalia	99.000	100	1	0	1	100	7	106	4.66e-47	182
PV093022/NA/CHN/2023-01-01/Neogale-vison/Mammalia_7:57:107	OM469229/ANV-PB23-SI7-Switzerland-2019/LAO/2019/Gallus-gallus/Aves	98.000	100	2	0	1	100	7	106	7.79e-45	174
PV093022/NA/CHN/2023-01-01/Neogale-vison/Mammalia_7:57:107	OM469230/ANV-PB31-SI19-Switzerland-2019/LAO/2019/Gallus-gallus/Aves	98.000	100	2	0	1	100	7	106	7.79e-45	174
PV093022/NA/CHN/2023-01-01/Neogale-vison/Mammalia_7:57:107	OM469231/ANV-PB21-SI5-Switzerland-2019/LAO/2019/Gallus-gallus/Aves	98.000	100	2	0	1	100	7	106	7.79e-45	174
PV093022/NA/CHN/2023-01-01/Neogale-vison/Mammalia_7:57:107	OM469236/ANV-PB5-HI5-Switzerland-2019/LAO/2019/Gallus-gallus/Aves	97.000	100	3	0	1	100	7	106	1.01e-43	171
PV093022/NA/CHN/2023-01-01/Neogale-vison/Mammalia_7:57:107	MW684829/Chicken-NLD-2019-V_M_041_astro_13/LAO/2019/Gallus-gallus/Aves	97.000	100	3	0	1	100	7	106	3.63e-43	169
PV093022/NA/CHN/2023-01-01/Neogale-vison/Mammalia_7:57:107	OM469232/ANV-PB7-HI6-Switzerland-2019/LAO/2019/Gallus-gallus/Aves	96.000	100	4	0	1	100	7	106	4.69e-42	165
PV093022/NA/CHN/2023-01-01/Neogale-vison/Mammalia_7:57:107	OM469233/ANV-PB11-HI6-Switzerland-2019/LAO/2019/Gallus-gallus/Aves	96.000	100	4	0	1	100	7	106	4.69e-42	165
PV093022/NA/CHN/2023-01-01/Neogale-vison/Mammalia_7:57:107	OM469234/ANV-PB1-HI5-Switzerland-2019/LAO/2019/Gallus-gallus/Aves	96.000	100	4	0	1	100	7	106	4.69e-42	165
PV093022/NA/CHN/2023-01-01/Neogale-vison/Mammalia_7:57:107	OM469235/ANV-PB15-HI11-Switzerland-2019/LAO/2019/Gallus-gallus/Aves	96.000	100	4	0	1	100	7	106	4.69e-42	165
PV093022/NA/CHN/2023-01-01/Neogale-vison/Mammalia_7:57:107	OM469237/ANV-PB55-SI14-Switzerland-2019/LAO/2019/Gallus-gallus/Aves	96.000	100	4	0	1	100	7	106	4.69e-42	165
PV093022/NA/CHN/2023-01-01/Neogale-vison/Mammalia_7:57:107	KM254166/AstroQ45-2013/KOR/2013-08/Gallus-gallus/Aves	95.960	99	2	2	1	98	7	104	2.18e-40	159
PV093022/NA/CHN/2023-01-01/Neogale-vison/Mammalia_7:57:107	ON964512/NA/CHN/2020-12/Gallus-gallus/Aves	95.918	98	4	0	1	98	7	104	2.18e-40	159
PV093022/NA/CHN/2023-01-01/Neogale-vison/Mammalia_7:57:107	MW684825/Chicken-NLD-2019-V_M_038_astro_6/LAO/2019/Gallus-gallus/Aves	95.000	100	5	0	1	100	7	106	7.85e-40	158
PV093022/NA/CHN/2023-01-01/Neogale-vison/Mammalia_7:57:107	MW684827/Chicken-NLD-2019-V_M_039_astro_3/LAO/2019/Gallus-gallus/Aves	95.000	100	5	0	1	100	7	106	7.85e-40	158
PV093022/NA/CHN/2023-01-01/Neogale-vison/Mammalia_7:57:107	MN732559/NA/CHN/2017/Gallus-gallus/Aves	94.898	98	5	0	1	98	7	104	1.02e-38	154
PV093022/NA/CHN/2023-01-01/Neogale-vison/Mammalia_7:57:107	OQ685945/ANV-ck-TZ-Iringa-2151-IM162-2019/TZA/2019-04-11/Gallus-gallus/Aves	94.898	98	5	0	1	98	7	104	1.02e-38	154
PV093022/NA/CHN/2023-01-01/Neogale-vison/Mammalia_7:57:107	PP871786/astro_vt_68/VNM/2014-07-08_2016-10-11/Gallus-gallus/Aves	94.000	100	6	0	1	100	7	106	1.02e-38	154
PV093022/NA/CHN/2023-01-01/Neogale-vison/Mammalia_7:57:107	MN732558/NA/CHN/2018/Gallus-gallus/Aves	94.000	100	6	0	1	100	7	106	3.65e-38	152
PV093022/NA/CHN/2023-01-01/Neogale-vison/Mammalia_7:57:107	MW784099/361bR-171897/CHN/NA/NA/NA	93.000	100	7	0	1	100	7	106	4.72e-37	148
PV093022/NA/CHN/2023-01-01/Neogale-vison/Mammalia_7:57:107	MW684819/Chicken-NLD-2019-V_M_030_astro_12/LAO/2019/Gallus-gallus/Aves	92.000	100	8	0	1	100	7	106	2.20e-35	143
PV093022/NA/CHN/2023-01-01/Neogale-vison/Mammalia_7:57:107	MW784086/232-76811/CHN/NA/NA/NA	92.000	100	8	0	1	100	7	106	7.90e-35	141
PV093022/NA/CHN/2023-01-01/Neogale-vison/Mammalia_7:57:107	MW684824/Chicken-NLD-2019-V_M_038_astro_5/LAO/2019/Gallus-gallus/Aves	91.000	100	9	0	1	100	7	106	3.68e-33	135
PV093022/NA/CHN/2023-01-01/Neogale-vison/Mammalia_7:57:107	MW684826/Chicken-NLD-2019-V_M_039_astro_2/LAO/2019/Gallus-gallus/Aves	91.000	100	9	0	1	100	7	106	3.68e-33	135
PV093022/NA/CHN/2023-01-01/Neogale-vison/Mammalia_7:57:107	MW784097/297b-22705/CHN/NA/NA/NA	91.000	100	9	0	1	100	7	106	3.68e-33	135
PV093022/NA/CHN/2023-01-01/Neogale-vison/Mammalia_7:57:107	HM029238/NA/CHN/2009/Gallus-gallus/Aves	90.625	96	9	0	1	96	7	102	1.71e-31	130
PV093022/NA/CHN/2023-01-01/Neogale-vison/Mammalia_7:57:107	MW684818/Chicken-NLD-2019-V_M_015_astro_2/LAO/2019/Gallus-gallus/Aves	89.796	98	10	0	1	98	7	104	2.21e-30	126
PV093022/NA/CHN/2023-01-01/Neogale-vison/Mammalia_7:57:107	MW684833/Chicken-NLD-2019-V_M_053_astro_2/LAO/2019/Gallus-gallus/Aves	89.796	98	10	0	1	98	7	104	2.21e-30	126
PV093022/NA/CHN/2023-01-01/Neogale-vison/Mammalia_7:57:107	MW684820/Chicken-NLD-2019-V_M_033_astro_3/LAO/2019/Gallus-gallus/Aves	89.000	100	11	0	1	100	7	106	7.96e-30	124
PV093022/NA/CHN/2023-01-01/Neogale-vison/Mammalia_67:117:167	PV093022/NA/CHN/2023-01-01/Neogale-vison/Mammalia	100.000	100	0	0	1	100	67	166	4.66e-47	182
PV093022/NA/CHN/2023-01-01/Neogale-vison/Mammalia_67:117:167	PV093023/NA/CHN/2023-01-01/Neogale-vison/Mammalia	96.000	100	4	0	1	100	67	166	1.30e-42	167
PV093022/NA/CHN/2023-01-01/Neogale-vison/Mammalia_67:117:167	MW684829/Chicken-NLD-2019-V_M_041_astro_13/LAO/2019/Gallus-gallus/Aves	96.000	100	4	0	1	100	67	166	4.69e-42	165
PV093022/NA/CHN/2023-01-01/Neogale-vison/Mammalia_67:117:167	OM469229/ANV-PB23-SI7-Switzerland-2019/LAO/2019/Gallus-gallus/Aves	96.000	100	4	0	1	100	67	166	4.69e-42	165
PV093022/NA/CHN/2023-01-01/Neogale-vison/Mammalia_67:117:167	OM469230/ANV-PB31-SI19-Switzerland-2019/LAO/2019/Gallus-gallus/Aves	96.000	100	4	0	1	100	67	166	4.69e-42	165
PV093022/NA/CHN/2023-01-01/Neogale-vison/Mammalia_67:117:167	OM469231/ANV-PB21-SI5-Switzerland-2019/LAO/2019/Gallus-gallus/Aves	96.000	100	4	0	1	100	67	166	4.69e-42	165
PV093022/NA/CHN/2023-01-01/Neogale-vison/Mammalia_67:117:167	MW684825/Chicken-NLD-2019-V_M_038_astro_6/LAO/2019/Gallus-gallus/Aves	95.000	100	5	0	1	100	67	166	2.18e-40	159
PV093022/NA/CHN/2023-01-01/Neogale-vison/Mammalia_67:117:167	MW684827/Chicken-NLD-2019-V_M_039_astro_3/LAO/2019/Gallus-gallus/Aves	95.000	100	5	0	1	100	67	166	2.18e-40	159
PV093022/NA/CHN/2023-01-01/Neogale-vison/Mammalia_67:117:167	OM469232/ANV-PB7-HI6-Switzerland-2019/LAO/2019/Gallus-gallus/Aves	95.000	100	5	0	1	100	67	166	2.18e-40	159
PV093022/NA/CHN/2023-01-01/Neogale-vison/Mammalia_67:117:167	OM469233/ANV-PB11-HI6-Switzerland-2019/LAO/2019/Gallus-gallus/Aves	95.000	100	5	0	1	100	67	166	2.18e-40	159
PV093022/NA/CHN/2023-01-01/Neogale-vison/Mammalia_67:117:167	OM469234/ANV-PB1-HI5-Switzerland-2019/LAO/2019/Gallus-gallus/Aves	95.000	100	5	0	1	100	67	166	2.18e-40	159
PV093022/NA/CHN/2023-01-01/Neogale-vison/Mammalia_67:117:167	OM469235/ANV-PB15-HI11-Switzerland-2019/LAO/2019/Gallus-gallus/Aves	95.000	100	5	0	1	100	67	166	2.18e-40	159
PV093022/NA/CHN/2023-01-01/Neogale-vison/Mammalia_67:117:167	OM469236/ANV-PB5-HI5-Switzerland-2019/LAO/2019/Gallus-gallus/Aves	94.000	100	6	0	1	100	67	166	1.02e-38	154
PV093022/NA/CHN/2023-01-01/Neogale-vison/Mammalia_67:117:167	OM469237/ANV-PB55-SI14-Switzerland-2019/LAO/2019/Gallus-gallus/Aves	94.000	100	6	0	1	100	67	166	1.02e-38	154
PV093022/NA/CHN/2023-01-01/Neogale-vison/Mammalia_67:117:167	MW784086/232-76811/CHN/NA/NA/NA	93.878	98	6	0	1	98	67	164	1.31e-37	150
PV093022/NA/CHN/2023-01-01/Neogale-vison/Mammalia_67:117:167	MN732558/NA/CHN/2018/Gallus-gallus/Aves	93.000	100	7	0	1	100	67	166	4.72e-37	148
PV093022/NA/CHN/2023-01-01/Neogale-vison/Mammalia_67:117:167	MW684819/Chicken-NLD-2019-V_M_030_astro_12/LAO/2019/Gallus-gallus/Aves	92.000	100	8	0	1	100	67	166	2.20e-35	143
PV093022/NA/CHN/2023-01-01/Neogale-vison/Mammalia_67:117:167	MW684820/Chicken-NLD-2019-V_M_033_astro_3/LAO/2019/Gallus-gallus/Aves	92.000	100	8	0	1	100	67	166	7.90e-35	141
PV093022/NA/CHN/2023-01-01/Neogale-vison/Mammalia_67:117:167	MW684821/Chicken-NLD-2019-V_M_034_astro_2/LAO/2019/Gallus-gallus/Aves	92.000	100	8	0	1	100	67	166	7.90e-35	141
PV093022/NA/CHN/2023-01-01/Neogale-vison/Mammalia_67:117:167	MW684822/Chicken-NLD-2019-V_M_036_astro_4/LAO/2019/Gallus-gallus/Aves	92.000	100	8	0	1	100	67	166	7.90e-35	141
PV093022/NA/CHN/2023-01-01/Neogale-vison/Mammalia_67:117:167	MW684832/Chicken-NLD-2019-V_M_048_astro_2/LAO/2019/Gallus-gallus/Aves	92.000	100	8	0	1	100	67	166	7.90e-35	141
PV093022/NA/CHN/2023-01-01/Neogale-vison/Mammalia_67:117:167	MW784097/297b-22705/CHN/NA/NA/NA	91.753	97	8	0	1	97	67	163	1.02e-33	137
PV093022/NA/CHN/2023-01-01/Neogale-vison/Mammalia_67:117:167	MW784099/361bR-171897/CHN/NA/NA/NA	91.000	100	9	0	1	100	67	166	1.02e-33	137
PV093022/NA/CHN/2023-01-01/Neogale-vison/Mammalia_67:117:167	PP871786/astro_vt_68/VNM/2014-07-08_2016-10-11/Gallus-gallus/Aves	91.000	100	9	0	1	100	67	166	1.02e-33	137
PV093022/NA/CHN/2023-01-01/Neogale-vison/Mammalia_67:117:167	ON964512/NA/CHN/2020-12/Gallus-gallus/Aves	89.000	100	8	1	1	100	67	163	1.03e-28	121
PV093022/NA/CHN/2023-01-01/Neogale-vison/Mammalia_67:117:167	OQ685945/ANV-ck-TZ-Iringa-2151-IM162-2019/TZA/2019-04-11/Gallus-gallus/Aves	88.000	100	9	2	1	100	67	163	4.79e-27	115
PV093022/NA/CHN/2023-01-01/Neogale-vison/Mammalia_67:117:167	MN732559/NA/CHN/2017/Gallus-gallus/Aves	87.129	101	11	2	1	100	67	166	1.72e-26	113
PV093022/NA/CHN/2023-01-01/Neogale-vison/Mammalia_67:117:167	MW684818/Chicken-NLD-2019-V_M_015_astro_2/LAO/2019/Gallus-gallus/Aves	86.000	100	11	1	1	100	67	163	2.88e-24	106
PV093022/NA/CHN/2023-01-01/Neogale-vison/Mammalia_67:117:167	MW684833/Chicken-NLD-2019-V_M_053_astro_2/LAO/2019/Gallus-gallus/Aves	86.000	100	11	1	1	100	67	163	2.88e-24	106
PV093022/NA/CHN/2023-01-01/Neogale-vison/Mammalia_67:117:167	MW684824/Chicken-NLD-2019-V_M_038_astro_5/LAO/2019/Gallus-gallus/Aves	85.149	101	13	2	1	100	67	166	3.73e-23	102
PV093019/NA/CHN/2023-01-01/Neogale-vison/Mammalia_1450:1500:1550	PV093018/NA/CHN/2023-01-01/Neogale-vison/Mammalia	99.000	100	1	0	1	100	1450	1549	4.66e-47	182
PV093019/NA/CHN/2023-01-01/Neogale-vison/Mammalia_1450:1500:1550	PV093019/NA/CHN/2023-01-01/Neogale-vison/Mammalia	100.000	100	0	0	1	100	1450	1549	4.66e-47	182
PV093019/NA/CHN/2023-01-01/Neogale-vison/Mammalia_1450:1500:1550	PV093020/NA/CHN/2023-01-01/Neogale-vison/Mammalia	99.000	100	1	0	1	100	1450	1549	4.66e-47	182
PV093019/NA/CHN/2023-01-01/Neogale-vison/Mammalia_1450:1500:1550	PV093021/NA/CHN/2023-01-01/Neogale-vison/Mammalia	99.000	100	1	0	1	100	1450	1549	4.66e-47	182
OQ236129/AstV-SC-L74.18d-2021/CHN/2021-12/Hipposideros-armiger/Mammalia_159:209:259	OQ236124/AstV-CQ-L76.18d-2021/CHN/2021-12/Hipposideros-armiger/Mammalia	99.000	100	1	0	1	100	159	258	4.66e-47	182
OQ236129/AstV-SC-L74.18d-2021/CHN/2021-12/Hipposideros-armiger/Mammalia_159:209:259	OQ236129/AstV-SC-L74.18d-2021/CHN/2021-12/Hipposideros-armiger/Mammalia	100.000	100	0	0	1	100	159	258	4.66e-47	182
OQ236122/AstV-CQ-L76.18b-2021/CHN/2021-12/Hipposideros-armiger/Mammalia_55:105:155	OQ236122/AstV-CQ-L76.18b-2021/CHN/2021-12/Hipposideros-armiger/Mammalia	100.000	100	0	0	1	100	55	154	4.66e-47	182
OQ236122/AstV-CQ-L76.18b-2021/CHN/2021-12/Hipposideros-armiger/Mammalia_268:318:368	OQ236122/AstV-CQ-L76.18b-2021/CHN/2021-12/Hipposideros-armiger/Mammalia	100.000	100	0	0	1	100	268	367	4.66e-47	182
OQ236122/AstV-CQ-L76.18b-2021/CHN/2021-12/Hipposideros-armiger/Mammalia_268:318:368	OQ236121/AstV-CQ-L76.18a-2021/CHN/2021-12/Hipposideros-armiger/Mammalia	88.000	100	12	0	1	100	265	364	1.03e-28	121
OQ236122/AstV-CQ-L76.18b-2021/CHN/2021-12/Hipposideros-armiger/Mammalia_268:318:368	OQ236126/AstV-SC-L74.18a-2021/CHN/2021-12/Hipposideros-armiger/Mammalia	88.000	100	12	0	1	100	268	367	1.03e-28	121
OQ236122/AstV-CQ-L76.18b-2021/CHN/2021-12/Hipposideros-armiger/Mammalia_1178:1228:1278	OQ236122/AstV-CQ-L76.18b-2021/CHN/2021-12/Hipposideros-armiger/Mammalia	100.000	100	0	0	1	100	1178	1277	4.66e-47	182
OP076766/BcAstV-NMG59-CHN-2015/CHN/2015-06/Camelus-bactrianus/Mammalia_1430:1480:1530	OP076766/BcAstV-NMG59-CHN-2015/CHN/2015-06/Camelus-bactrianus/Mammalia	100.000	100	0	0	1	100	1430	1529	4.66e-47	182
ON205965/AAstv-CHN-Goose-2018/CHN/2018-05/Anser-anser/Aves_1231:1281:1331	MH052598/NA/CHN/2017-11-16/Anser-anser/Aves	99.000	100	1	0	1	100	1231	1330	4.66e-47	182
ON205965/AAstv-CHN-Goose-2018/CHN/2018-05/Anser-anser/Aves_1231:1281:1331	MH807626/NA/CHN/2018-01-08/Anser-anser/Aves	99.000	100	1	0	1	100	1231	1330	4.66e-47	182
ON205965/AAstv-CHN-Goose-2018/CHN/2018-05/Anser-anser/Aves_1231:1281:1331	MN399857/SDXT/CHN/2019-03-15/Anas-platyrhynchos/Aves	99.000	100	1	0	1	100	1231	1330	4.66e-47	182
ON205965/AAstv-CHN-Goose-2018/CHN/2018-05/Anser-anser/Aves_1231:1281:1331	MN175321/NA/CHN/2018-07-09/Anser-anser/Aves	99.000	100	1	0	1	100	1231	1330	4.66e-47	182
ON205965/AAstv-CHN-Goose-2018/CHN/2018-05/Anser-anser/Aves_1231:1281:1331	MN428641/AHAU1/CHN/2018/Anser-anser/Aves	99.000	100	1	0	1	100	1231	1330	4.66e-47	182
ON205965/AAstv-CHN-Goose-2018/CHN/2018-05/Anser-anser/Aves_1231:1281:1331	MN428644/AHAU4/CHN/2018/Anser-anser/Aves	99.000	100	1	0	1	100	1231	1330	4.66e-47	182
ON205965/AAstv-CHN-Goose-2018/CHN/2018-05/Anser-anser/Aves_1231:1281:1331	MN894548/NA/CHN/2019-06-16/Anser-anser/Aves	99.000	100	1	0	1	100	1231	1330	4.66e-47	182
ON205965/AAstv-CHN-Goose-2018/CHN/2018-05/Anser-anser/Aves_1231:1281:1331	MN307114/AstV-HN01-Goose-0103-18/CHN/2018-01-03/Anser-anser/Aves	99.000	100	1	0	1	100	1231	1330	4.66e-47	182
ON205965/AAstv-CHN-Goose-2018/CHN/2018-05/Anser-anser/Aves_1231:1281:1331	MN307116/AstV-AH02-Goose-0715-18/CHN/2018-07-15/Anser-anser/Aves	99.000	100	1	0	1	100	1231	1330	4.66e-47	182
ON205965/AAstv-CHN-Goose-2018/CHN/2018-05/Anser-anser/Aves_1231:1281:1331	MN307118/AstV-HB01-Goose-0123-19/CHN/2019-01-03/Anser-anser/Aves	99.000	100	1	0	1	100	1231	1330	4.66e-47	182
ON205965/AAstv-CHN-Goose-2018/CHN/2018-05/Anser-anser/Aves_1231:1281:1331	MT934437/NA/CHN/2019-05/Anser-anser/Aves	99.000	100	1	0	1	100	1231	1330	4.66e-47	182
ON205965/AAstv-CHN-Goose-2018/CHN/2018-05/Anser-anser/Aves_1231:1281:1331	MT934438/NA/CHN/2019-05/Anser-anser/Aves	99.000	100	1	0	1	100	1231	1330	4.66e-47	182
ON205965/AAstv-CHN-Goose-2018/CHN/2018-05/Anser-anser/Aves_1231:1281:1331	MT934439/NA/CHN/2019-05/Anser-anser/Aves	99.000	100	1	0	1	100	1231	1330	4.66e-47	182
ON205965/AAstv-CHN-Goose-2018/CHN/2018-05/Anser-anser/Aves_1231:1281:1331	MW413813/XT1/CHN/2020-05-05/Anser-anser/Aves	99.000	100	1	0	1	100	1231	1330	4.66e-47	182
ON205965/AAstv-CHN-Goose-2018/CHN/2018-05/Anser-anser/Aves_1231:1281:1331	MW592377/HNKF-1-China-2020/CHN/2020/Anser-anser/Aves	99.000	100	1	0	1	100	1231	1330	4.66e-47	182
ON205965/AAstv-CHN-Goose-2018/CHN/2018-05/Anser-anser/Aves_1231:1281:1331	MW592378/HNSQ-6-China-2020/CHN/2020/Anser-anser/Aves	99.000	100	1	0	1	100	1231	1330	4.66e-47	182
ON205965/AAstv-CHN-Goose-2018/CHN/2018-05/Anser-anser/Aves_1231:1281:1331	MZ367612/HNNY0620/CHN/2020-06-20/Cairina-moschata/Aves	99.000	100	1	0	1	100	1231	1330	4.66e-47	182
ON205965/AAstv-CHN-Goose-2018/CHN/2018-05/Anser-anser/Aves_1231:1281:1331	MW505485/NA/CHN/2019-08-05/Anser-anser/Aves	99.000	100	1	0	1	100	1231	1330	4.66e-47	182
ON205965/AAstv-CHN-Goose-2018/CHN/2018-05/Anser-anser/Aves_1231:1281:1331	MW505486/NA/CHN/2019-07-05/Anser-anser/Aves	99.000	100	1	0	1	100	1231	1330	4.66e-47	182
ON205965/AAstv-CHN-Goose-2018/CHN/2018-05/Anser-anser/Aves_1231:1281:1331	MW505487/NA/CHN/2019-06-11/Anser-anser/Aves	99.000	100	1	0	1	100	1231	1330	4.66e-47	182
ON205965/AAstv-CHN-Goose-2018/CHN/2018-05/Anser-anser/Aves_1231:1281:1331	MW505488/NA/CHN/2019-07-16/Anser-anser/Aves	99.000	100	1	0	1	100	1231	1330	4.66e-47	182
ON205965/AAstv-CHN-Goose-2018/CHN/2018-05/Anser-anser/Aves_1231:1281:1331	OP020131/NA/CHN/2022-01-16/Anser-anser/Aves	99.000	100	1	0	1	100	1231	1330	4.66e-47	182
ON205965/AAstv-CHN-Goose-2018/CHN/2018-05/Anser-anser/Aves_1231:1281:1331	OL963556/JSSQ/CHN/2020-07-11/Anser-anser/Aves	99.000	100	1	0	1	100	1231	1330	4.66e-47	182
ON205965/AAstv-CHN-Goose-2018/CHN/2018-05/Anser-anser/Aves_1231:1281:1331	OL982613/XSSH/CHN/2020-06-10/Anser-anser/Aves	99.000	100	1	0	1	100	1231	1330	4.66e-47	182
ON205965/AAstv-CHN-Goose-2018/CHN/2018-05/Anser-anser/Aves_1231:1281:1331	OM100595/AstV-HB04-Goose-0811-19/CHN/2019-08-12/Anser-anser/Aves	99.000	100	1	0	1	100	1231	1330	4.66e-47	182
ON205965/AAstv-CHN-Goose-2018/CHN/2018-05/Anser-anser/Aves_1231:1281:1331	OM100598/AstV-HN04-Goose-0514-20/CHN/2020-05-14/Anser-anser/Aves	99.000	100	1	0	1	100	1231	1330	4.66e-47	182
ON205965/AAstv-CHN-Goose-2018/CHN/2018-05/Anser-anser/Aves_1231:1281:1331	OL853843/HLJ/CHN/2019/Anser-anser/Aves	99.000	100	1	0	1	100	1231	1330	4.66e-47	182
ON205965/AAstv-CHN-Goose-2018/CHN/2018-05/Anser-anser/Aves_1231:1281:1331	ON745304/ZJCX/CHN/2021-06-15/Anser-anser/Aves	99.000	100	1	0	1	100	1231	1330	4.66e-47	182
ON205965/AAstv-CHN-Goose-2018/CHN/2018-05/Anser-anser/Aves_1231:1281:1331	ON205965/AAstv-CHN-Goose-2018/CHN/2018-05/Anser-anser/Aves	100.000	100	0	0	1	100	1231	1330	4.66e-47	182
ON205965/AAstv-CHN-Goose-2018/CHN/2018-05/Anser-anser/Aves_1231:1281:1331	OP484924/NA/CHN/2018-04-11/Anser-anser/Aves	99.000	100	1	0	1	100	1231	1330	4.66e-47	182
OQ110736/BJ09/CHN/2019-03-20/Homo-sapiens/Mammalia_2164:2214:2264	OQ110731/BJ01/CHN/2019-03-20/Homo-sapiens/Mammalia	100.000	100	0	0	1	100	2164	2263	4.66e-47	182
OQ110736/BJ09/CHN/2019-03-20/Homo-sapiens/Mammalia_2164:2214:2264	OQ110732/BJ02/CHN/2019-03-20/Homo-sapiens/Mammalia	100.000	100	0	0	1	100	2164	2263	4.66e-47	182
OQ110736/BJ09/CHN/2019-03-20/Homo-sapiens/Mammalia_2164:2214:2264	OQ110733/BJ04/CHN/2019-03-20/Homo-sapiens/Mammalia	100.000	100	0	0	1	100	2164	2263	4.66e-47	182
OQ110736/BJ09/CHN/2019-03-20/Homo-sapiens/Mammalia_2164:2214:2264	OQ110734/BJ06/CHN/2019-03-20/Homo-sapiens/Mammalia	100.000	100	0	0	1	100	2164	2263	4.66e-47	182
OQ110736/BJ09/CHN/2019-03-20/Homo-sapiens/Mammalia_2164:2214:2264	OQ110735/BJ08/CHN/2019-03-20/Homo-sapiens/Mammalia	100.000	100	0	0	1	100	2164	2263	4.66e-47	182
OQ110736/BJ09/CHN/2019-03-20/Homo-sapiens/Mammalia_2164:2214:2264	OQ110736/BJ09/CHN/2019-03-20/Homo-sapiens/Mammalia	100.000	100	0	0	1	100	2164	2263	4.66e-47	182
OQ110736/BJ09/CHN/2019-03-20/Homo-sapiens/Mammalia_2164:2214:2264	ON571595/2019-Fuzhou-289/CHN/2019/Homo-sapiens/Mammalia	99.000	100	1	0	1	100	2164	2263	4.66e-47	182
OQ110736/BJ09/CHN/2019-03-20/Homo-sapiens/Mammalia_2164:2214:2264	JQ403108/DL030/CHN/2010/Homo-sapiens/Mammalia	98.000	100	2	0	1	100	2164	2263	2.17e-45	176
OQ110736/BJ09/CHN/2019-03-20/Homo-sapiens/Mammalia_2164:2214:2264	KF157967/NA/HUN/2012-11/Homo-sapiens/Mammalia	98.000	100	2	0	1	100	2344	2443	2.17e-45	176
OQ110736/BJ09/CHN/2019-03-20/Homo-sapiens/Mammalia_2164:2214:2264	MF684776/2013-Fuzhou-85/CHN/2013/Homo-sapiens/Mammalia	98.000	100	2	0	1	100	2164	2263	2.17e-45	176
OQ110736/BJ09/CHN/2019-03-20/Homo-sapiens/Mammalia_2164:2214:2264	MG921619/Yu-1-CHN/CHN/2016/Homo-sapiens/Mammalia	98.000	100	2	0	1	100	2344	2443	2.17e-45	176
OQ110736/BJ09/CHN/2019-03-20/Homo-sapiens/Mammalia_2164:2214:2264	MN433706/NA/USA/2014-05/Homo-sapiens/Mammalia	98.000	100	2	0	1	100	2164	2263	2.17e-45	176
OQ110736/BJ09/CHN/2019-03-20/Homo-sapiens/Mammalia_2164:2214:2264	MW485044/NA/KEN/2019-06-01/Homo-sapiens/Mammalia	98.000	100	2	0	1	100	2164	2263	2.17e-45	176
OQ110736/BJ09/CHN/2019-03-20/Homo-sapiens/Mammalia_2164:2214:2264	MT267476/NA/ZAF/2015/Homo-sapiens/Mammalia	98.000	100	2	0	1	100	2164	2263	2.17e-45	176
OQ110736/BJ09/CHN/2019-03-20/Homo-sapiens/Mammalia_2164:2214:2264	OP482093/HAstV-5-CHN-2103CP1-2021/NA/NA/NA/NA	98.000	100	2	0	1	100	2164	2263	2.17e-45	176
OQ110736/BJ09/CHN/2019-03-20/Homo-sapiens/Mammalia_2164:2214:2264	OP482094/HAstV-5-CHN-2103CP2-2021/NA/NA/NA/NA	98.000	100	2	0	1	100	2164	2263	2.17e-45	176
OQ110736/BJ09/CHN/2019-03-20/Homo-sapiens/Mammalia_2164:2214:2264	OR222910/SY2106/CHN/2021/Homo-sapiens/Mammalia	98.000	100	2	0	1	100	2164	2263	2.17e-45	176
OQ110736/BJ09/CHN/2019-03-20/Homo-sapiens/Mammalia_2164:2214:2264	MT906856/BRA-TO-65/BRA/2015/Homo-sapiens/Mammalia	97.000	100	3	0	1	100	2164	2263	1.01e-43	171
OQ110736/BJ09/CHN/2019-03-20/Homo-sapiens/Mammalia_2164:2214:2264	MT906857/BRA-TO-40/BRA/2014/Homo-sapiens/Mammalia	97.000	100	3	0	1	100	2164	2263	1.01e-43	171
OQ110736/BJ09/CHN/2019-03-20/Homo-sapiens/Mammalia_2164:2214:2264	MT906858/BRA-TO-57/BRA/2014/Homo-sapiens/Mammalia	97.000	100	3	0	1	100	2164	2263	1.01e-43	171
OQ110736/BJ09/CHN/2019-03-20/Homo-sapiens/Mammalia_2164:2214:2264	MT906859/BRA-TO-32/BRA/2014/Homo-sapiens/Mammalia	97.000	100	3	0	1	100	2344	2443	1.01e-43	171
OQ110736/BJ09/CHN/2019-03-20/Homo-sapiens/Mammalia_2164:2214:2264	PX255449/BTY1JJ/LAO/2016-03-10/Homo-sapiens/Mammalia	97.000	100	3	0	1	100	2344	2443	1.01e-43	171
OQ110736/BJ09/CHN/2019-03-20/Homo-sapiens/Mammalia_2164:2214:2264	DQ028633/Goiania-GO-12-94-Brazil/BRA/NA/NA/NA	96.000	100	4	0	1	100	2164	2263	4.69e-42	165
OQ110736/BJ09/CHN/2019-03-20/Homo-sapiens/Mammalia_2164:2214:2264	MH933758/CMRHP34/CMR/2014-12/Homo-sapiens/Mammalia	96.000	100	4	0	1	100	2164	2263	4.69e-42	165
OQ110736/BJ09/CHN/2019-03-20/Homo-sapiens/Mammalia_2164:2214:2264	MH933759/CMRHP43/CMR/2014-12/Homo-sapiens/Mammalia	96.000	100	4	0	1	100	2164	2263	4.69e-42	165
OQ110736/BJ09/CHN/2019-03-20/Homo-sapiens/Mammalia_2164:2214:2264	MK059953/NA/USA/NA/Homo-sapiens/Mammalia	95.000	100	5	0	1	100	2164	2263	2.18e-40	159
OQ110736/BJ09/CHN/2019-03-20/Homo-sapiens/Mammalia_2164:2214:2264	OR448832/A16_AFP5_NGR_2020/NER/2020/Homo-sapiens/Mammalia	95.000	100	5	0	1	100	2164	2263	2.18e-40	159
OQ110736/BJ09/CHN/2019-03-20/Homo-sapiens/Mammalia_2164:2214:2264	AF260508/NA/NA/NA/NA/NA	87.952	83	10	0	1	83	2341	2423	1.34e-22	100
OQ110736/BJ09/CHN/2019-03-20/Homo-sapiens/Mammalia_2164:2214:2264	OR448830/2069_AFP2_NGR_2020/NER/2020/Homo-sapiens/Mammalia	87.952	83	10	0	1	83	2161	2243	1.34e-22	100
OQ110735/BJ08/CHN/2019-03-20/Homo-sapiens/Mammalia_2164:2214:2264	OQ110731/BJ01/CHN/2019-03-20/Homo-sapiens/Mammalia	100.000	100	0	0	1	100	2164	2263	4.66e-47	182
OQ110735/BJ08/CHN/2019-03-20/Homo-sapiens/Mammalia_2164:2214:2264	OQ110732/BJ02/CHN/2019-03-20/Homo-sapiens/Mammalia	100.000	100	0	0	1	100	2164	2263	4.66e-47	182
OQ110735/BJ08/CHN/2019-03-20/Homo-sapiens/Mammalia_2164:2214:2264	OQ110733/BJ04/CHN/2019-03-20/Homo-sapiens/Mammalia	100.000	100	0	0	1	100	2164	2263	4.66e-47	182
OQ110735/BJ08/CHN/2019-03-20/Homo-sapiens/Mammalia_2164:2214:2264	OQ110734/BJ06/CHN/2019-03-20/Homo-sapiens/Mammalia	100.000	100	0	0	1	100	2164	2263	4.66e-47	182
OQ110735/BJ08/CHN/2019-03-20/Homo-sapiens/Mammalia_2164:2214:2264	OQ110735/BJ08/CHN/2019-03-20/Homo-sapiens/Mammalia	100.000	100	0	0	1	100	2164	2263	4.66e-47	182
OQ110735/BJ08/CHN/2019-03-20/Homo-sapiens/Mammalia_2164:2214:2264	OQ110736/BJ09/CHN/2019-03-20/Homo-sapiens/Mammalia	100.000	100	0	0	1	100	2164	2263	4.66e-47	182
OQ110735/BJ08/CHN/2019-03-20/Homo-sapiens/Mammalia_2164:2214:2264	ON571595/2019-Fuzhou-289/CHN/2019/Homo-sapiens/Mammalia	99.000	100	1	0	1	100	2164	2263	4.66e-47	182
OQ110735/BJ08/CHN/2019-03-20/Homo-sapiens/Mammalia_2164:2214:2264	JQ403108/DL030/CHN/2010/Homo-sapiens/Mammalia	98.000	100	2	0	1	100	2164	2263	2.17e-45	176
OQ110735/BJ08/CHN/2019-03-20/Homo-sapiens/Mammalia_2164:2214:2264	KF157967/NA/HUN/2012-11/Homo-sapiens/Mammalia	98.000	100	2	0	1	100	2344	2443	2.17e-45	176
OQ110735/BJ08/CHN/2019-03-20/Homo-sapiens/Mammalia_2164:2214:2264	MF684776/2013-Fuzhou-85/CHN/2013/Homo-sapiens/Mammalia	98.000	100	2	0	1	100	2164	2263	2.17e-45	176
OQ110735/BJ08/CHN/2019-03-20/Homo-sapiens/Mammalia_2164:2214:2264	MG921619/Yu-1-CHN/CHN/2016/Homo-sapiens/Mammalia	98.000	100	2	0	1	100	2344	2443	2.17e-45	176
OQ110735/BJ08/CHN/2019-03-20/Homo-sapiens/Mammalia_2164:2214:2264	MN433706/NA/USA/2014-05/Homo-sapiens/Mammalia	98.000	100	2	0	1	100	2164	2263	2.17e-45	176
OQ110735/BJ08/CHN/2019-03-20/Homo-sapiens/Mammalia_2164:2214:2264	MW485044/NA/KEN/2019-06-01/Homo-sapiens/Mammalia	98.000	100	2	0	1	100	2164	2263	2.17e-45	176
OQ110735/BJ08/CHN/2019-03-20/Homo-sapiens/Mammalia_2164:2214:2264	MT267476/NA/ZAF/2015/Homo-sapiens/Mammalia	98.000	100	2	0	1	100	2164	2263	2.17e-45	176
OQ110735/BJ08/CHN/2019-03-20/Homo-sapiens/Mammalia_2164:2214:2264	OP482093/HAstV-5-CHN-2103CP1-2021/NA/NA/NA/NA	98.000	100	2	0	1	100	2164	2263	2.17e-45	176
OQ110735/BJ08/CHN/2019-03-20/Homo-sapiens/Mammalia_2164:2214:2264	OP482094/HAstV-5-CHN-2103CP2-2021/NA/NA/NA/NA	98.000	100	2	0	1	100	2164	2263	2.17e-45	176
OQ110735/BJ08/CHN/2019-03-20/Homo-sapiens/Mammalia_2164:2214:2264	OR222910/SY2106/CHN/2021/Homo-sapiens/Mammalia	98.000	100	2	0	1	100	2164	2263	2.17e-45	176
OQ110735/BJ08/CHN/2019-03-20/Homo-sapiens/Mammalia_2164:2214:2264	MT906856/BRA-TO-65/BRA/2015/Homo-sapiens/Mammalia	97.000	100	3	0	1	100	2164	2263	1.01e-43	171
OQ110735/BJ08/CHN/2019-03-20/Homo-sapiens/Mammalia_2164:2214:2264	MT906857/BRA-TO-40/BRA/2014/Homo-sapiens/Mammalia	97.000	100	3	0	1	100	2164	2263	1.01e-43	171
OQ110735/BJ08/CHN/2019-03-20/Homo-sapiens/Mammalia_2164:2214:2264	MT906858/BRA-TO-57/BRA/2014/Homo-sapiens/Mammalia	97.000	100	3	0	1	100	2164	2263	1.01e-43	171
OQ110735/BJ08/CHN/2019-03-20/Homo-sapiens/Mammalia_2164:2214:2264	MT906859/BRA-TO-32/BRA/2014/Homo-sapiens/Mammalia	97.000	100	3	0	1	100	2344	2443	1.01e-43	171
OQ110735/BJ08/CHN/2019-03-20/Homo-sapiens/Mammalia_2164:2214:2264	PX255449/BTY1JJ/LAO/2016-03-10/Homo-sapiens/Mammalia	97.000	100	3	0	1	100	2344	2443	1.01e-43	171
OQ110735/BJ08/CHN/2019-03-20/Homo-sapiens/Mammalia_2164:2214:2264	DQ028633/Goiania-GO-12-94-Brazil/BRA/NA/NA/NA	96.000	100	4	0	1	100	2164	2263	4.69e-42	165
OQ110735/BJ08/CHN/2019-03-20/Homo-sapiens/Mammalia_2164:2214:2264	MH933758/CMRHP34/CMR/2014-12/Homo-sapiens/Mammalia	96.000	100	4	0	1	100	2164	2263	4.69e-42	165
OQ110735/BJ08/CHN/2019-03-20/Homo-sapiens/Mammalia_2164:2214:2264	MH933759/CMRHP43/CMR/2014-12/Homo-sapiens/Mammalia	96.000	100	4	0	1	100	2164	2263	4.69e-42	165
OQ110735/BJ08/CHN/2019-03-20/Homo-sapiens/Mammalia_2164:2214:2264	MK059953/NA/USA/NA/Homo-sapiens/Mammalia	95.000	100	5	0	1	100	2164	2263	2.18e-40	159
OQ110735/BJ08/CHN/2019-03-20/Homo-sapiens/Mammalia_2164:2214:2264	OR448832/A16_AFP5_NGR_2020/NER/2020/Homo-sapiens/Mammalia	95.000	100	5	0	1	100	2164	2263	2.18e-40	159
OQ110735/BJ08/CHN/2019-03-20/Homo-sapiens/Mammalia_2164:2214:2264	AF260508/NA/NA/NA/NA/NA	87.952	83	10	0	1	83	2341	2423	1.34e-22	100
OQ110735/BJ08/CHN/2019-03-20/Homo-sapiens/Mammalia_2164:2214:2264	OR448830/2069_AFP2_NGR_2020/NER/2020/Homo-sapiens/Mammalia	87.952	83	10	0	1	83	2161	2243	1.34e-22	100
OQ110734/BJ06/CHN/2019-03-20/Homo-sapiens/Mammalia_2164:2214:2264	OQ110731/BJ01/CHN/2019-03-20/Homo-sapiens/Mammalia	100.000	100	0	0	1	100	2164	2263	4.66e-47	182
OQ110734/BJ06/CHN/2019-03-20/Homo-sapiens/Mammalia_2164:2214:2264	OQ110732/BJ02/CHN/2019-03-20/Homo-sapiens/Mammalia	100.000	100	0	0	1	100	2164	2263	4.66e-47	182
OQ110734/BJ06/CHN/2019-03-20/Homo-sapiens/Mammalia_2164:2214:2264	OQ110733/BJ04/CHN/2019-03-20/Homo-sapiens/Mammalia	100.000	100	0	0	1	100	2164	2263	4.66e-47	182
OQ110734/BJ06/CHN/2019-03-20/Homo-sapiens/Mammalia_2164:2214:2264	OQ110734/BJ06/CHN/2019-03-20/Homo-sapiens/Mammalia	100.000	100	0	0	1	100	2164	2263	4.66e-47	182
OQ110734/BJ06/CHN/2019-03-20/Homo-sapiens/Mammalia_2164:2214:2264	OQ110735/BJ08/CHN/2019-03-20/Homo-sapiens/Mammalia	100.000	100	0	0	1	100	2164	2263	4.66e-47	182
OQ110734/BJ06/CHN/2019-03-20/Homo-sapiens/Mammalia_2164:2214:2264	OQ110736/BJ09/CHN/2019-03-20/Homo-sapiens/Mammalia	100.000	100	0	0	1	100	2164	2263	4.66e-47	182
OQ110734/BJ06/CHN/2019-03-20/Homo-sapiens/Mammalia_2164:2214:2264	ON571595/2019-Fuzhou-289/CHN/2019/Homo-sapiens/Mammalia	99.000	100	1	0	1	100	2164	2263	4.66e-47	182
OQ110734/BJ06/CHN/2019-03-20/Homo-sapiens/Mammalia_2164:2214:2264	JQ403108/DL030/CHN/2010/Homo-sapiens/Mammalia	98.000	100	2	0	1	100	2164	2263	2.17e-45	176
OQ110734/BJ06/CHN/2019-03-20/Homo-sapiens/Mammalia_2164:2214:2264	KF157967/NA/HUN/2012-11/Homo-sapiens/Mammalia	98.000	100	2	0	1	100	2344	2443	2.17e-45	176
OQ110734/BJ06/CHN/2019-03-20/Homo-sapiens/Mammalia_2164:2214:2264	MF684776/2013-Fuzhou-85/CHN/2013/Homo-sapiens/Mammalia	98.000	100	2	0	1	100	2164	2263	2.17e-45	176
OQ110734/BJ06/CHN/2019-03-20/Homo-sapiens/Mammalia_2164:2214:2264	MG921619/Yu-1-CHN/CHN/2016/Homo-sapiens/Mammalia	98.000	100	2	0	1	100	2344	2443	2.17e-45	176
OQ110734/BJ06/CHN/2019-03-20/Homo-sapiens/Mammalia_2164:2214:2264	MN433706/NA/USA/2014-05/Homo-sapiens/Mammalia	98.000	100	2	0	1	100	2164	2263	2.17e-45	176
OQ110734/BJ06/CHN/2019-03-20/Homo-sapiens/Mammalia_2164:2214:2264	MW485044/NA/KEN/2019-06-01/Homo-sapiens/Mammalia	98.000	100	2	0	1	100	2164	2263	2.17e-45	176
OQ110734/BJ06/CHN/2019-03-20/Homo-sapiens/Mammalia_2164:2214:2264	MT267476/NA/ZAF/2015/Homo-sapiens/Mammalia	98.000	100	2	0	1	100	2164	2263	2.17e-45	176
OQ110734/BJ06/CHN/2019-03-20/Homo-sapiens/Mammalia_2164:2214:2264	OP482093/HAstV-5-CHN-2103CP1-2021/NA/NA/NA/NA	98.000	100	2	0	1	100	2164	2263	2.17e-45	176
OQ110734/BJ06/CHN/2019-03-20/Homo-sapiens/Mammalia_2164:2214:2264	OP482094/HAstV-5-CHN-2103CP2-2021/NA/NA/NA/NA	98.000	100	2	0	1	100	2164	2263	2.17e-45	176
OQ110734/BJ06/CHN/2019-03-20/Homo-sapiens/Mammalia_2164:2214:2264	OR222910/SY2106/CHN/2021/Homo-sapiens/Mammalia	98.000	100	2	0	1	100	2164	2263	2.17e-45	176
OQ110734/BJ06/CHN/2019-03-20/Homo-sapiens/Mammalia_2164:2214:2264	MT906856/BRA-TO-65/BRA/2015/Homo-sapiens/Mammalia	97.000	100	3	0	1	100	2164	2263	1.01e-43	171
OQ110734/BJ06/CHN/2019-03-20/Homo-sapiens/Mammalia_2164:2214:2264	MT906857/BRA-TO-40/BRA/2014/Homo-sapiens/Mammalia	97.000	100	3	0	1	100	2164	2263	1.01e-43	171
OQ110734/BJ06/CHN/2019-03-20/Homo-sapiens/Mammalia_2164:2214:2264	MT906858/BRA-TO-57/BRA/2014/Homo-sapiens/Mammalia	97.000	100	3	0	1	100	2164	2263	1.01e-43	171
OQ110734/BJ06/CHN/2019-03-20/Homo-sapiens/Mammalia_2164:2214:2264	MT906859/BRA-TO-32/BRA/2014/Homo-sapiens/Mammalia	97.000	100	3	0	1	100	2344	2443	1.01e-43	171
OQ110734/BJ06/CHN/2019-03-20/Homo-sapiens/Mammalia_2164:2214:2264	PX255449/BTY1JJ/LAO/2016-03-10/Homo-sapiens/Mammalia	97.000	100	3	0	1	100	2344	2443	1.01e-43	171
OQ110734/BJ06/CHN/2019-03-20/Homo-sapiens/Mammalia_2164:2214:2264	DQ028633/Goiania-GO-12-94-Brazil/BRA/NA/NA/NA	96.000	100	4	0	1	100	2164	2263	4.69e-42	165
OQ110734/BJ06/CHN/2019-03-20/Homo-sapiens/Mammalia_2164:2214:2264	MH933758/CMRHP34/CMR/2014-12/Homo-sapiens/Mammalia	96.000	100	4	0	1	100	2164	2263	4.69e-42	165
OQ110734/BJ06/CHN/2019-03-20/Homo-sapiens/Mammalia_2164:2214:2264	MH933759/CMRHP43/CMR/2014-12/Homo-sapiens/Mammalia	96.000	100	4	0	1	100	2164	2263	4.69e-42	165
OQ110734/BJ06/CHN/2019-03-20/Homo-sapiens/Mammalia_2164:2214:2264	MK059953/NA/USA/NA/Homo-sapiens/Mammalia	95.000	100	5	0	1	100	2164	2263	2.18e-40	159
OQ110734/BJ06/CHN/2019-03-20/Homo-sapiens/Mammalia_2164:2214:2264	OR448832/A16_AFP5_NGR_2020/NER/2020/Homo-sapiens/Mammalia	95.000	100	5	0	1	100	2164	2263	2.18e-40	159
OQ110734/BJ06/CHN/2019-03-20/Homo-sapiens/Mammalia_2164:2214:2264	AF260508/NA/NA/NA/NA/NA	87.952	83	10	0	1	83	2341	2423	1.34e-22	100
OQ110734/BJ06/CHN/2019-03-20/Homo-sapiens/Mammalia_2164:2214:2264	OR448830/2069_AFP2_NGR_2020/NER/2020/Homo-sapiens/Mammalia	87.952	83	10	0	1	83	2161	2243	1.34e-22	100
OQ110733/BJ04/CHN/2019-03-20/Homo-sapiens/Mammalia_2164:2214:2264	OQ110731/BJ01/CHN/2019-03-20/Homo-sapiens/Mammalia	100.000	100	0	0	1	100	2164	2263	4.66e-47	182
OQ110733/BJ04/CHN/2019-03-20/Homo-sapiens/Mammalia_2164:2214:2264	OQ110732/BJ02/CHN/2019-03-20/Homo-sapiens/Mammalia	100.000	100	0	0	1	100	2164	2263	4.66e-47	182
OQ110733/BJ04/CHN/2019-03-20/Homo-sapiens/Mammalia_2164:2214:2264	OQ110733/BJ04/CHN/2019-03-20/Homo-sapiens/Mammalia	100.000	100	0	0	1	100	2164	2263	4.66e-47	182
OQ110733/BJ04/CHN/2019-03-20/Homo-sapiens/Mammalia_2164:2214:2264	OQ110734/BJ06/CHN/2019-03-20/Homo-sapiens/Mammalia	100.000	100	0	0	1	100	2164	2263	4.66e-47	182
OQ110733/BJ04/CHN/2019-03-20/Homo-sapiens/Mammalia_2164:2214:2264	OQ110735/BJ08/CHN/2019-03-20/Homo-sapiens/Mammalia	100.000	100	0	0	1	100	2164	2263	4.66e-47	182
OQ110733/BJ04/CHN/2019-03-20/Homo-sapiens/Mammalia_2164:2214:2264	OQ110736/BJ09/CHN/2019-03-20/Homo-sapiens/Mammalia	100.000	100	0	0	1	100	2164	2263	4.66e-47	182
OQ110733/BJ04/CHN/2019-03-20/Homo-sapiens/Mammalia_2164:2214:2264	ON571595/2019-Fuzhou-289/CHN/2019/Homo-sapiens/Mammalia	99.000	100	1	0	1	100	2164	2263	4.66e-47	182
OQ110733/BJ04/CHN/2019-03-20/Homo-sapiens/Mammalia_2164:2214:2264	JQ403108/DL030/CHN/2010/Homo-sapiens/Mammalia	98.000	100	2	0	1	100	2164	2263	2.17e-45	176
OQ110733/BJ04/CHN/2019-03-20/Homo-sapiens/Mammalia_2164:2214:2264	KF157967/NA/HUN/2012-11/Homo-sapiens/Mammalia	98.000	100	2	0	1	100	2344	2443	2.17e-45	176
OQ110733/BJ04/CHN/2019-03-20/Homo-sapiens/Mammalia_2164:2214:2264	MF684776/2013-Fuzhou-85/CHN/2013/Homo-sapiens/Mammalia	98.000	100	2	0	1	100	2164	2263	2.17e-45	176
OQ110733/BJ04/CHN/2019-03-20/Homo-sapiens/Mammalia_2164:2214:2264	MG921619/Yu-1-CHN/CHN/2016/Homo-sapiens/Mammalia	98.000	100	2	0	1	100	2344	2443	2.17e-45	176
OQ110733/BJ04/CHN/2019-03-20/Homo-sapiens/Mammalia_2164:2214:2264	MN433706/NA/USA/2014-05/Homo-sapiens/Mammalia	98.000	100	2	0	1	100	2164	2263	2.17e-45	176
OQ110733/BJ04/CHN/2019-03-20/Homo-sapiens/Mammalia_2164:2214:2264	MW485044/NA/KEN/2019-06-01/Homo-sapiens/Mammalia	98.000	100	2	0	1	100	2164	2263	2.17e-45	176
OQ110733/BJ04/CHN/2019-03-20/Homo-sapiens/Mammalia_2164:2214:2264	MT267476/NA/ZAF/2015/Homo-sapiens/Mammalia	98.000	100	2	0	1	100	2164	2263	2.17e-45	176
OQ110733/BJ04/CHN/2019-03-20/Homo-sapiens/Mammalia_2164:2214:2264	OP482093/HAstV-5-CHN-2103CP1-2021/NA/NA/NA/NA	98.000	100	2	0	1	100	2164	2263	2.17e-45	176
OQ110733/BJ04/CHN/2019-03-20/Homo-sapiens/Mammalia_2164:2214:2264	OP482094/HAstV-5-CHN-2103CP2-2021/NA/NA/NA/NA	98.000	100	2	0	1	100	2164	2263	2.17e-45	176
OQ110733/BJ04/CHN/2019-03-20/Homo-sapiens/Mammalia_2164:2214:2264	OR222910/SY2106/CHN/2021/Homo-sapiens/Mammalia	98.000	100	2	0	1	100	2164	2263	2.17e-45	176
OQ110733/BJ04/CHN/2019-03-20/Homo-sapiens/Mammalia_2164:2214:2264	MT906856/BRA-TO-65/BRA/2015/Homo-sapiens/Mammalia	97.000	100	3	0	1	100	2164	2263	1.01e-43	171
OQ110733/BJ04/CHN/2019-03-20/Homo-sapiens/Mammalia_2164:2214:2264	MT906857/BRA-TO-40/BRA/2014/Homo-sapiens/Mammalia	97.000	100	3	0	1	100	2164	2263	1.01e-43	171
OQ110733/BJ04/CHN/2019-03-20/Homo-sapiens/Mammalia_2164:2214:2264	MT906858/BRA-TO-57/BRA/2014/Homo-sapiens/Mammalia	97.000	100	3	0	1	100	2164	2263	1.01e-43	171
OQ110733/BJ04/CHN/2019-03-20/Homo-sapiens/Mammalia_2164:2214:2264	MT906859/BRA-TO-32/BRA/2014/Homo-sapiens/Mammalia	97.000	100	3	0	1	100	2344	2443	1.01e-43	171
OQ110733/BJ04/CHN/2019-03-20/Homo-sapiens/Mammalia_2164:2214:2264	PX255449/BTY1JJ/LAO/2016-03-10/Homo-sapiens/Mammalia	97.000	100	3	0	1	100	2344	2443	1.01e-43	171
OQ110733/BJ04/CHN/2019-03-20/Homo-sapiens/Mammalia_2164:2214:2264	DQ028633/Goiania-GO-12-94-Brazil/BRA/NA/NA/NA	96.000	100	4	0	1	100	2164	2263	4.69e-42	165
OQ110733/BJ04/CHN/2019-03-20/Homo-sapiens/Mammalia_2164:2214:2264	MH933758/CMRHP34/CMR/2014-12/Homo-sapiens/Mammalia	96.000	100	4	0	1	100	2164	2263	4.69e-42	165
OQ110733/BJ04/CHN/2019-03-20/Homo-sapiens/Mammalia_2164:2214:2264	MH933759/CMRHP43/CMR/2014-12/Homo-sapiens/Mammalia	96.000	100	4	0	1	100	2164	2263	4.69e-42	165
OQ110733/BJ04/CHN/2019-03-20/Homo-sapiens/Mammalia_2164:2214:2264	MK059953/NA/USA/NA/Homo-sapiens/Mammalia	95.000	100	5	0	1	100	2164	2263	2.18e-40	159
OQ110733/BJ04/CHN/2019-03-20/Homo-sapiens/Mammalia_2164:2214:2264	OR448832/A16_AFP5_NGR_2020/NER/2020/Homo-sapiens/Mammalia	95.000	100	5	0	1	100	2164	2263	2.18e-40	159
OQ110733/BJ04/CHN/2019-03-20/Homo-sapiens/Mammalia_2164:2214:2264	AF260508/NA/NA/NA/NA/NA	87.952	83	10	0	1	83	2341	2423	1.34e-22	100
OQ110733/BJ04/CHN/2019-03-20/Homo-sapiens/Mammalia_2164:2214:2264	OR448830/2069_AFP2_NGR_2020/NER/2020/Homo-sapiens/Mammalia	87.952	83	10	0	1	83	2161	2243	1.34e-22	100
OQ110732/BJ02/CHN/2019-03-20/Homo-sapiens/Mammalia_2164:2214:2264	OQ110731/BJ01/CHN/2019-03-20/Homo-sapiens/Mammalia	100.000	100	0	0	1	100	2164	2263	4.66e-47	182
OQ110732/BJ02/CHN/2019-03-20/Homo-sapiens/Mammalia_2164:2214:2264	OQ110732/BJ02/CHN/2019-03-20/Homo-sapiens/Mammalia	100.000	100	0	0	1	100	2164	2263	4.66e-47	182
OQ110732/BJ02/CHN/2019-03-20/Homo-sapiens/Mammalia_2164:2214:2264	OQ110733/BJ04/CHN/2019-03-20/Homo-sapiens/Mammalia	100.000	100	0	0	1	100	2164	2263	4.66e-47	182
OQ110732/BJ02/CHN/2019-03-20/Homo-sapiens/Mammalia_2164:2214:2264	OQ110734/BJ06/CHN/2019-03-20/Homo-sapiens/Mammalia	100.000	100	0	0	1	100	2164	2263	4.66e-47	182
OQ110732/BJ02/CHN/2019-03-20/Homo-sapiens/Mammalia_2164:2214:2264	OQ110735/BJ08/CHN/2019-03-20/Homo-sapiens/Mammalia	100.000	100	0	0	1	100	2164	2263	4.66e-47	182
OQ110732/BJ02/CHN/2019-03-20/Homo-sapiens/Mammalia_2164:2214:2264	OQ110736/BJ09/CHN/2019-03-20/Homo-sapiens/Mammalia	100.000	100	0	0	1	100	2164	2263	4.66e-47	182
OQ110732/BJ02/CHN/2019-03-20/Homo-sapiens/Mammalia_2164:2214:2264	ON571595/2019-Fuzhou-289/CHN/2019/Homo-sapiens/Mammalia	99.000	100	1	0	1	100	2164	2263	4.66e-47	182
OQ110732/BJ02/CHN/2019-03-20/Homo-sapiens/Mammalia_2164:2214:2264	JQ403108/DL030/CHN/2010/Homo-sapiens/Mammalia	98.000	100	2	0	1	100	2164	2263	2.17e-45	176
OQ110732/BJ02/CHN/2019-03-20/Homo-sapiens/Mammalia_2164:2214:2264	KF157967/NA/HUN/2012-11/Homo-sapiens/Mammalia	98.000	100	2	0	1	100	2344	2443	2.17e-45	176
OQ110732/BJ02/CHN/2019-03-20/Homo-sapiens/Mammalia_2164:2214:2264	MF684776/2013-Fuzhou-85/CHN/2013/Homo-sapiens/Mammalia	98.000	100	2	0	1	100	2164	2263	2.17e-45	176
OQ110732/BJ02/CHN/2019-03-20/Homo-sapiens/Mammalia_2164:2214:2264	MG921619/Yu-1-CHN/CHN/2016/Homo-sapiens/Mammalia	98.000	100	2	0	1	100	2344	2443	2.17e-45	176
OQ110732/BJ02/CHN/2019-03-20/Homo-sapiens/Mammalia_2164:2214:2264	MN433706/NA/USA/2014-05/Homo-sapiens/Mammalia	98.000	100	2	0	1	100	2164	2263	2.17e-45	176
OQ110732/BJ02/CHN/2019-03-20/Homo-sapiens/Mammalia_2164:2214:2264	MW485044/NA/KEN/2019-06-01/Homo-sapiens/Mammalia	98.000	100	2	0	1	100	2164	2263	2.17e-45	176
OQ110732/BJ02/CHN/2019-03-20/Homo-sapiens/Mammalia_2164:2214:2264	MT267476/NA/ZAF/2015/Homo-sapiens/Mammalia	98.000	100	2	0	1	100	2164	2263	2.17e-45	176
OQ110732/BJ02/CHN/2019-03-20/Homo-sapiens/Mammalia_2164:2214:2264	OP482093/HAstV-5-CHN-2103CP1-2021/NA/NA/NA/NA	98.000	100	2	0	1	100	2164	2263	2.17e-45	176
OQ110732/BJ02/CHN/2019-03-20/Homo-sapiens/Mammalia_2164:2214:2264	OP482094/HAstV-5-CHN-2103CP2-2021/NA/NA/NA/NA	98.000	100	2	0	1	100	2164	2263	2.17e-45	176
OQ110732/BJ02/CHN/2019-03-20/Homo-sapiens/Mammalia_2164:2214:2264	OR222910/SY2106/CHN/2021/Homo-sapiens/Mammalia	98.000	100	2	0	1	100	2164	2263	2.17e-45	176
OQ110732/BJ02/CHN/2019-03-20/Homo-sapiens/Mammalia_2164:2214:2264	MT906856/BRA-TO-65/BRA/2015/Homo-sapiens/Mammalia	97.000	100	3	0	1	100	2164	2263	1.01e-43	171
OQ110732/BJ02/CHN/2019-03-20/Homo-sapiens/Mammalia_2164:2214:2264	MT906857/BRA-TO-40/BRA/2014/Homo-sapiens/Mammalia	97.000	100	3	0	1	100	2164	2263	1.01e-43	171
OQ110732/BJ02/CHN/2019-03-20/Homo-sapiens/Mammalia_2164:2214:2264	MT906858/BRA-TO-57/BRA/2014/Homo-sapiens/Mammalia	97.000	100	3	0	1	100	2164	2263	1.01e-43	171
OQ110732/BJ02/CHN/2019-03-20/Homo-sapiens/Mammalia_2164:2214:2264	MT906859/BRA-TO-32/BRA/2014/Homo-sapiens/Mammalia	97.000	100	3	0	1	100	2344	2443	1.01e-43	171
OQ110732/BJ02/CHN/2019-03-20/Homo-sapiens/Mammalia_2164:2214:2264	PX255449/BTY1JJ/LAO/2016-03-10/Homo-sapiens/Mammalia	97.000	100	3	0	1	100	2344	2443	1.01e-43	171
OQ110732/BJ02/CHN/2019-03-20/Homo-sapiens/Mammalia_2164:2214:2264	DQ028633/Goiania-GO-12-94-Brazil/BRA/NA/NA/NA	96.000	100	4	0	1	100	2164	2263	4.69e-42	165
OQ110732/BJ02/CHN/2019-03-20/Homo-sapiens/Mammalia_2164:2214:2264	MH933758/CMRHP34/CMR/2014-12/Homo-sapiens/Mammalia	96.000	100	4	0	1	100	2164	2263	4.69e-42	165
OQ110732/BJ02/CHN/2019-03-20/Homo-sapiens/Mammalia_2164:2214:2264	MH933759/CMRHP43/CMR/2014-12/Homo-sapiens/Mammalia	96.000	100	4	0	1	100	2164	2263	4.69e-42	165
OQ110732/BJ02/CHN/2019-03-20/Homo-sapiens/Mammalia_2164:2214:2264	MK059953/NA/USA/NA/Homo-sapiens/Mammalia	95.000	100	5	0	1	100	2164	2263	2.18e-40	159
OQ110732/BJ02/CHN/2019-03-20/Homo-sapiens/Mammalia_2164:2214:2264	OR448832/A16_AFP5_NGR_2020/NER/2020/Homo-sapiens/Mammalia	95.000	100	5	0	1	100	2164	2263	2.18e-40	159
OQ110732/BJ02/CHN/2019-03-20/Homo-sapiens/Mammalia_2164:2214:2264	AF260508/NA/NA/NA/NA/NA	87.952	83	10	0	1	83	2341	2423	1.34e-22	100
OQ110732/BJ02/CHN/2019-03-20/Homo-sapiens/Mammalia_2164:2214:2264	OR448830/2069_AFP2_NGR_2020/NER/2020/Homo-sapiens/Mammalia	87.952	83	10	0	1	83	2161	2243	1.34e-22	100
OQ110731/BJ01/CHN/2019-03-20/Homo-sapiens/Mammalia_2164:2214:2264	OQ110731/BJ01/CHN/2019-03-20/Homo-sapiens/Mammalia	100.000	100	0	0	1	100	2164	2263	4.66e-47	182
OQ110731/BJ01/CHN/2019-03-20/Homo-sapiens/Mammalia_2164:2214:2264	OQ110732/BJ02/CHN/2019-03-20/Homo-sapiens/Mammalia	100.000	100	0	0	1	100	2164	2263	4.66e-47	182
OQ110731/BJ01/CHN/2019-03-20/Homo-sapiens/Mammalia_2164:2214:2264	OQ110733/BJ04/CHN/2019-03-20/Homo-sapiens/Mammalia	100.000	100	0	0	1	100	2164	2263	4.66e-47	182
OQ110731/BJ01/CHN/2019-03-20/Homo-sapiens/Mammalia_2164:2214:2264	OQ110734/BJ06/CHN/2019-03-20/Homo-sapiens/Mammalia	100.000	100	0	0	1	100	2164	2263	4.66e-47	182
OQ110731/BJ01/CHN/2019-03-20/Homo-sapiens/Mammalia_2164:2214:2264	OQ110735/BJ08/CHN/2019-03-20/Homo-sapiens/Mammalia	100.000	100	0	0	1	100	2164	2263	4.66e-47	182
OQ110731/BJ01/CHN/2019-03-20/Homo-sapiens/Mammalia_2164:2214:2264	OQ110736/BJ09/CHN/2019-03-20/Homo-sapiens/Mammalia	100.000	100	0	0	1	100	2164	2263	4.66e-47	182
OQ110731/BJ01/CHN/2019-03-20/Homo-sapiens/Mammalia_2164:2214:2264	ON571595/2019-Fuzhou-289/CHN/2019/Homo-sapiens/Mammalia	99.000	100	1	0	1	100	2164	2263	4.66e-47	182
OQ110731/BJ01/CHN/2019-03-20/Homo-sapiens/Mammalia_2164:2214:2264	JQ403108/DL030/CHN/2010/Homo-sapiens/Mammalia	98.000	100	2	0	1	100	2164	2263	2.17e-45	176
OQ110731/BJ01/CHN/2019-03-20/Homo-sapiens/Mammalia_2164:2214:2264	KF157967/NA/HUN/2012-11/Homo-sapiens/Mammalia	98.000	100	2	0	1	100	2344	2443	2.17e-45	176
OQ110731/BJ01/CHN/2019-03-20/Homo-sapiens/Mammalia_2164:2214:2264	MF684776/2013-Fuzhou-85/CHN/2013/Homo-sapiens/Mammalia	98.000	100	2	0	1	100	2164	2263	2.17e-45	176
OQ110731/BJ01/CHN/2019-03-20/Homo-sapiens/Mammalia_2164:2214:2264	MG921619/Yu-1-CHN/CHN/2016/Homo-sapiens/Mammalia	98.000	100	2	0	1	100	2344	2443	2.17e-45	176
OQ110731/BJ01/CHN/2019-03-20/Homo-sapiens/Mammalia_2164:2214:2264	MN433706/NA/USA/2014-05/Homo-sapiens/Mammalia	98.000	100	2	0	1	100	2164	2263	2.17e-45	176
OQ110731/BJ01/CHN/2019-03-20/Homo-sapiens/Mammalia_2164:2214:2264	MW485044/NA/KEN/2019-06-01/Homo-sapiens/Mammalia	98.000	100	2	0	1	100	2164	2263	2.17e-45	176
OQ110731/BJ01/CHN/2019-03-20/Homo-sapiens/Mammalia_2164:2214:2264	MT267476/NA/ZAF/2015/Homo-sapiens/Mammalia	98.000	100	2	0	1	100	2164	2263	2.17e-45	176
OQ110731/BJ01/CHN/2019-03-20/Homo-sapiens/Mammalia_2164:2214:2264	OP482093/HAstV-5-CHN-2103CP1-2021/NA/NA/NA/NA	98.000	100	2	0	1	100	2164	2263	2.17e-45	176
OQ110731/BJ01/CHN/2019-03-20/Homo-sapiens/Mammalia_2164:2214:2264	OP482094/HAstV-5-CHN-2103CP2-2021/NA/NA/NA/NA	98.000	100	2	0	1	100	2164	2263	2.17e-45	176
OQ110731/BJ01/CHN/2019-03-20/Homo-sapiens/Mammalia_2164:2214:2264	OR222910/SY2106/CHN/2021/Homo-sapiens/Mammalia	98.000	100	2	0	1	100	2164	2263	2.17e-45	176
OQ110731/BJ01/CHN/2019-03-20/Homo-sapiens/Mammalia_2164:2214:2264	MT906856/BRA-TO-65/BRA/2015/Homo-sapiens/Mammalia	97.000	100	3	0	1	100	2164	2263	1.01e-43	171
OQ110731/BJ01/CHN/2019-03-20/Homo-sapiens/Mammalia_2164:2214:2264	MT906857/BRA-TO-40/BRA/2014/Homo-sapiens/Mammalia	97.000	100	3	0	1	100	2164	2263	1.01e-43	171
OQ110731/BJ01/CHN/2019-03-20/Homo-sapiens/Mammalia_2164:2214:2264	MT906858/BRA-TO-57/BRA/2014/Homo-sapiens/Mammalia	97.000	100	3	0	1	100	2164	2263	1.01e-43	171
OQ110731/BJ01/CHN/2019-03-20/Homo-sapiens/Mammalia_2164:2214:2264	MT906859/BRA-TO-32/BRA/2014/Homo-sapiens/Mammalia	97.000	100	3	0	1	100	2344	2443	1.01e-43	171
OQ110731/BJ01/CHN/2019-03-20/Homo-sapiens/Mammalia_2164:2214:2264	PX255449/BTY1JJ/LAO/2016-03-10/Homo-sapiens/Mammalia	97.000	100	3	0	1	100	2344	2443	1.01e-43	171
OQ110731/BJ01/CHN/2019-03-20/Homo-sapiens/Mammalia_2164:2214:2264	DQ028633/Goiania-GO-12-94-Brazil/BRA/NA/NA/NA	96.000	100	4	0	1	100	2164	2263	4.69e-42	165
OQ110731/BJ01/CHN/2019-03-20/Homo-sapiens/Mammalia_2164:2214:2264	MH933758/CMRHP34/CMR/2014-12/Homo-sapiens/Mammalia	96.000	100	4	0	1	100	2164	2263	4.69e-42	165
OQ110731/BJ01/CHN/2019-03-20/Homo-sapiens/Mammalia_2164:2214:2264	MH933759/CMRHP43/CMR/2014-12/Homo-sapiens/Mammalia	96.000	100	4	0	1	100	2164	2263	4.69e-42	165
OQ110731/BJ01/CHN/2019-03-20/Homo-sapiens/Mammalia_2164:2214:2264	MK059953/NA/USA/NA/Homo-sapiens/Mammalia	95.000	100	5	0	1	100	2164	2263	2.18e-40	159
OQ110731/BJ01/CHN/2019-03-20/Homo-sapiens/Mammalia_2164:2214:2264	OR448832/A16_AFP5_NGR_2020/NER/2020/Homo-sapiens/Mammalia	95.000	100	5	0	1	100	2164	2263	2.18e-40	159
OQ110731/BJ01/CHN/2019-03-20/Homo-sapiens/Mammalia_2164:2214:2264	AF260508/NA/NA/NA/NA/NA	87.952	83	10	0	1	83	2341	2423	1.34e-22	100
OQ110731/BJ01/CHN/2019-03-20/Homo-sapiens/Mammalia_2164:2214:2264	OR448830/2069_AFP2_NGR_2020/NER/2020/Homo-sapiens/Mammalia	87.952	83	10	0	1	83	2161	2243	1.34e-22	100
ON714997/SP-VC9/ESP/2017-01-25/Sus-scrofa/Mammalia_1881:1931:1981	ON714996/SP-VC36/ESP/2017-08-04/Sus-scrofa/Mammalia	100.000	100	0	0	1	100	1881	1980	4.66e-47	182
ON714997/SP-VC9/ESP/2017-01-25/Sus-scrofa/Mammalia_1881:1931:1981	ON714997/SP-VC9/ESP/2017-01-25/Sus-scrofa/Mammalia	100.000	100	0	0	1	100	1881	1980	4.66e-47	182
ON714997/SP-VC9/ESP/2017-01-25/Sus-scrofa/Mammalia_1881:1931:1981	JX556690/AstV2-US-IA122/USA/2011-06-23/Sus-scrofa/Mammalia	90.385	104	6	3	1	100	1875	1978	1.71e-31	130
ON714997/SP-VC9/ESP/2017-01-25/Sus-scrofa/Mammalia_1881:1931:1981	JF713710/NA/USA/2010/Sus-scrofa/Mammalia	89.024	82	6	3	1	80	1827	1907	1.34e-22	100
ON714997/SP-VC9/ESP/2017-01-25/Sus-scrofa/Mammalia_1881:1931:1981	NC_023674/NA/USA/2010/Sus-scrofa/Mammalia	89.024	82	6	3	1	80	1827	1907	1.34e-22	100
ON714996/SP-VC36/ESP/2017-08-04/Sus-scrofa/Mammalia_1881:1931:1981	ON714996/SP-VC36/ESP/2017-08-04/Sus-scrofa/Mammalia	100.000	100	0	0	1	100	1881	1980	4.66e-47	182
ON714996/SP-VC36/ESP/2017-08-04/Sus-scrofa/Mammalia_1881:1931:1981	ON714997/SP-VC9/ESP/2017-01-25/Sus-scrofa/Mammalia	100.000	100	0	0	1	100	1881	1980	4.66e-47	182
ON714996/SP-VC36/ESP/2017-08-04/Sus-scrofa/Mammalia_1881:1931:1981	JX556690/AstV2-US-IA122/USA/2011-06-23/Sus-scrofa/Mammalia	90.385	104	6	3	1	100	1875	1978	1.71e-31	130
ON714996/SP-VC36/ESP/2017-08-04/Sus-scrofa/Mammalia_1881:1931:1981	JF713710/NA/USA/2010/Sus-scrofa/Mammalia	89.024	82	6	3	1	80	1827	1907	1.34e-22	100
ON714996/SP-VC36/ESP/2017-08-04/Sus-scrofa/Mammalia_1881:1931:1981	NC_023674/NA/USA/2010/Sus-scrofa/Mammalia	89.024	82	6	3	1	80	1827	1907	1.34e-22	100
ON714999/SP-VC41/ESP/2017-10-19/Sus-scrofa/Mammalia_6:56:106	KP982872/Bel-12R021/BEL/NA/Sus-scrofa/Mammalia	99.000	100	1	0	1	100	6	105	4.66e-47	182
ON714999/SP-VC41/ESP/2017-10-19/Sus-scrofa/Mammalia_6:56:106	MW082586/NA/CHN/2018/Sus-scrofa/Mammalia	99.000	100	1	0	1	100	63	162	4.66e-47	182
ON714999/SP-VC41/ESP/2017-10-19/Sus-scrofa/Mammalia_6:56:106	ON714998/SP-VC29/ESP/2017-06-06/Sus-scrofa/Mammalia	99.000	100	1	0	1	100	6	105	4.66e-47	182
ON714999/SP-VC41/ESP/2017-10-19/Sus-scrofa/Mammalia_6:56:106	ON714999/SP-VC41/ESP/2017-10-19/Sus-scrofa/Mammalia	100.000	100	0	0	1	100	6	105	4.66e-47	182
ON714999/SP-VC41/ESP/2017-10-19/Sus-scrofa/Mammalia_6:56:106	PP871783/astro_vt_65/VNM/2014-06-19_2016-11-18/Sus-scrofa/Mammalia	99.000	100	1	0	1	100	63	162	4.66e-47	182
ON714999/SP-VC41/ESP/2017-10-19/Sus-scrofa/Mammalia_6:56:106	PP871748/astro_vt_30/VNM/2014-05-29_2016-07-14/Sus-scrofa/Mammalia	98.000	100	2	0	1	100	63	162	2.17e-45	176
ON714999/SP-VC41/ESP/2017-10-19/Sus-scrofa/Mammalia_6:56:106	PP871751/astro_vt_33/VNM/2014-05-29_2016-07-14/Sus-scrofa/Mammalia	98.000	100	2	0	1	100	63	162	2.17e-45	176
ON714999/SP-VC41/ESP/2017-10-19/Sus-scrofa/Mammalia_6:56:106	PP871791/astro_vt_73/VNM/2015-01-27_2016-02-25/Sus-scrofa/Mammalia	98.000	100	2	0	1	100	63	162	2.17e-45	176
ON714999/SP-VC41/ESP/2017-10-19/Sus-scrofa/Mammalia_6:56:106	LC900382/PoAstV-2-wt-Pig-Japan-HgYa-1-2018/JPN/2018-06-27/Sus-scrofa/Mammalia	98.000	100	2	0	1	100	63	162	2.17e-45	176
ON714999/SP-VC41/ESP/2017-10-19/Sus-scrofa/Mammalia_6:56:106	LC900381/PoAstV-2-wt-Pig-Japan-Ishi-Ya-4-2017/JPN/2017-11-16/Sus-scrofa/Mammalia	97.000	100	3	0	1	100	63	162	1.01e-43	171
ON714999/SP-VC41/ESP/2017-10-19/Sus-scrofa/Mammalia_6:56:106	LC900385/PoAstV-2-wt-Pig-Japan-HgOg-11-2018/JPN/2018-06-27/Sus-scrofa/Mammalia	97.000	100	3	0	1	100	33	132	1.01e-43	171
ON714999/SP-VC41/ESP/2017-10-19/Sus-scrofa/Mammalia_6:56:106	MW504558/15216_AST_len_6470_cov_1464.991738/USA/2018-11-17/Sus-scrofa/Mammalia	95.000	100	5	0	1	100	6	105	2.18e-40	159
ON714999/SP-VC41/ESP/2017-10-19/Sus-scrofa/Mammalia_6:56:106	MW504560/15213_AST_len_6405_cov_45.141575/USA/2018-10-02/Sus-scrofa/Mammalia	95.000	100	5	0	1	100	6	105	2.18e-40	159
ON714999/SP-VC41/ESP/2017-10-19/Sus-scrofa/Mammalia_6:56:106	MW504561/15215_AST_len_6433_cov_73.331765/USA/2018-10-18/Sus-scrofa/Mammalia	95.000	100	5	0	1	100	6	105	2.18e-40	159
ON714999/SP-VC41/ESP/2017-10-19/Sus-scrofa/Mammalia_6:56:106	LC900360/PoAstV-2-wt-Wild_Boar-Japan-Noto-1-2023/JPN/2023-07-05/Sus-scrofa/Mammalia	95.000	100	5	0	1	100	63	162	2.18e-40	159
ON714999/SP-VC41/ESP/2017-10-19/Sus-scrofa/Mammalia_6:56:106	LC900399/PoAstV-2-wt-Pig-Japan-Uchi-2-2019/JPN/2019-10-08/Sus-scrofa/Mammalia	95.000	100	5	0	1	100	63	162	2.18e-40	159
ON714999/SP-VC41/ESP/2017-10-19/Sus-scrofa/Mammalia_6:56:106	LC900417/PoAstV-2-wt-Pig-Japan-Ebi-6-2019/JPN/2019-10-15/Sus-scrofa/Mammalia	94.000	100	6	0	1	100	63	162	1.02e-38	154
ON714999/SP-VC41/ESP/2017-10-19/Sus-scrofa/Mammalia_6:56:106	KY214438/15V010/BEL/2015-01/Sus-scrofa/Mammalia	93.000	100	4	1	1	100	63	159	6.11e-36	145
ON714999/SP-VC41/ESP/2017-10-19/Sus-scrofa/Mammalia_6:56:106	LC900419/PoAstV-2-wt-Pig-Japan-Ebi-B4-2020/JPN/2020-10-13/Sus-scrofa/Mammalia	93.000	100	4	1	1	100	63	159	6.11e-36	145
ON714999/SP-VC41/ESP/2017-10-19/Sus-scrofa/Mammalia_6:56:106	PX137017/PAstV2-AHHY6-2023/CHN/2023-03-08/Sus-scrofa/Mammalia	92.000	100	5	1	1	100	126	222	2.84e-34	139
ON714999/SP-VC41/ESP/2017-10-19/Sus-scrofa/Mammalia_6:56:106	MW504565/15212_AST_len_6392_cov_43.742307/USA/2018-08-30/Sus-scrofa/Mammalia	91.000	100	6	1	1	100	6	102	1.32e-32	134
ON714999/SP-VC41/ESP/2017-10-19/Sus-scrofa/Mammalia_6:56:106	MW504567/15214_AST_len_6394_cov_119.013882/USA/2018-10-09/Sus-scrofa/Mammalia	91.000	100	6	1	1	100	6	102	1.32e-32	134
ON714999/SP-VC41/ESP/2017-10-19/Sus-scrofa/Mammalia_6:56:106	MT758371/Egy-1/EGY/2015/Bos-taurus/Mammalia	90.291	103	4	6	1	100	6	105	4.76e-32	132
ON714999/SP-VC41/ESP/2017-10-19/Sus-scrofa/Mammalia_6:56:106	MK460230/PoAstV2-CHN-WG-R2-2017/CHN/2017-11/Sus-scrofa/Mammalia	90.099	101	5	4	1	100	126	222	6.15e-31	128
ON714999/SP-VC41/ESP/2017-10-19/Sus-scrofa/Mammalia_6:56:106	MW504550/15211_AST_len_6383_cov_846.694532/USA/2018-07-18/Sus-scrofa/Mammalia	90.099	101	5	5	1	100	6	102	6.15e-31	128
ON714999/SP-VC41/ESP/2017-10-19/Sus-scrofa/Mammalia_6:56:106	MW504551/15211_AST_len_5924_cov_1028.513035/USA/2018-07-18/Sus-scrofa/Mammalia	90.099	101	5	4	1	100	6	102	6.15e-31	128
ON714999/SP-VC41/ESP/2017-10-19/Sus-scrofa/Mammalia_6:56:106	MW504554/15213_AST_len_6398_cov_89.848021/USA/2018-10-02/Sus-scrofa/Mammalia	90.099	101	5	4	1	100	6	102	6.15e-31	128
ON714999/SP-VC41/ESP/2017-10-19/Sus-scrofa/Mammalia_6:56:106	MW504562/15214_AST_len_6398_cov_287.341794/USA/2018-10-09/Sus-scrofa/Mammalia	90.099	101	5	4	1	100	6	102	6.15e-31	128
ON714999/SP-VC41/ESP/2017-10-19/Sus-scrofa/Mammalia_6:56:106	MW504563/15217_AST_len_6409_cov_36.668240/USA/2018-11-18/Sus-scrofa/Mammalia	90.099	101	5	4	1	100	6	102	6.15e-31	128
ON714999/SP-VC41/ESP/2017-10-19/Sus-scrofa/Mammalia_6:56:106	MW504569/15210_AST_len_6256_cov_20.917755/USA/2018-06-07/Sus-scrofa/Mammalia	90.000	100	7	2	1	100	6	102	6.15e-31	128
ON792973/SP-VC9/ESP/2017-01-25/Sus-scrofa/Mammalia_1075:1125:1175	ON792973/SP-VC9/ESP/2017-01-25/Sus-scrofa/Mammalia	100.000	100	0	0	1	100	1075	1174	4.66e-47	182
ON792973/SP-VC9/ESP/2017-01-25/Sus-scrofa/Mammalia_1075:1125:1175	ON792974/SP-VT9/ESP/2018-01-31/Sus-scrofa/Mammalia	99.000	100	1	0	1	100	1075	1174	4.66e-47	182
ON792973/SP-VC9/ESP/2017-01-25/Sus-scrofa/Mammalia_1075:1125:1175	LC201615/NA/JPN/2015/Sus-scrofa/Mammalia	95.789	95	4	0	1	95	937	1031	2.82e-39	156
ON792973/SP-VC9/ESP/2017-01-25/Sus-scrofa/Mammalia_1075:1125:1175	LC201616/NA/JPN/2015/Sus-scrofa/Mammalia	95.789	95	4	0	1	95	937	1031	2.82e-39	156
ON792973/SP-VC9/ESP/2017-01-25/Sus-scrofa/Mammalia_1075:1125:1175	PP968017/PAstV5-GX2/CHN/2024-06/Sus-scrofa/Mammalia	94.000	100	6	0	1	100	1075	1174	1.02e-38	154
ON792973/SP-VC9/ESP/2017-01-25/Sus-scrofa/Mammalia_1075:1125:1175	JF713711/NA/USA/2010/Sus-scrofa/Mammalia	93.684	95	6	0	1	95	937	1031	6.11e-36	145
ON792973/SP-VC9/ESP/2017-01-25/Sus-scrofa/Mammalia_1075:1125:1175	MZ819168/PoAstV5-Swine-CHI-FB016-2017/CHL/2017/Sus-scrofa/Mammalia	92.857	98	7	0	1	98	937	1034	6.11e-36	145
ON792973/SP-VC9/ESP/2017-01-25/Sus-scrofa/Mammalia_1075:1125:1175	LC201617/NA/JPN/2015/Sus-scrofa/Mammalia	92.000	100	8	0	1	100	937	1036	2.20e-35	143
ON792973/SP-VC9/ESP/2017-01-25/Sus-scrofa/Mammalia_1075:1125:1175	LC201618/NA/JPN/2015/Sus-scrofa/Mammalia	92.000	100	8	0	1	100	937	1036	2.20e-35	143
ON792973/SP-VC9/ESP/2017-01-25/Sus-scrofa/Mammalia_1075:1125:1175	JX556693/AstV5-US-IA122/USA/2011-06-23/Sus-scrofa/Mammalia	92.632	95	7	0	1	95	1075	1169	2.84e-34	139
ON792973/SP-VC9/ESP/2017-01-25/Sus-scrofa/Mammalia_1075:1125:1175	NC_023636/AstV5-US-IA122/USA/2011-06-23/Sus-scrofa/Mammalia	92.632	95	7	0	1	95	1075	1169	2.84e-34	139
ON792973/SP-VC9/ESP/2017-01-25/Sus-scrofa/Mammalia_1075:1125:1175	MZ819167/PoAstV5-Swine-CHI-CF2671-2017/CHL/2017/Sus-scrofa/Mammalia	91.837	98	8	0	1	98	937	1034	2.84e-34	139
ON792973/SP-VC9/ESP/2017-01-25/Sus-scrofa/Mammalia_1075:1125:1175	MZ819170/PoAstV5-Swine-CHI-FB036-2017/CHL/2017/Sus-scrofa/Mammalia	91.837	98	8	0	1	98	937	1034	2.84e-34	139
ON792973/SP-VC9/ESP/2017-01-25/Sus-scrofa/Mammalia_1075:1125:1175	MZ819171/PoAstV5-Swine-CHI-FB033-2017/CHL/2017/Sus-scrofa/Mammalia	91.837	98	8	0	1	98	937	1034	2.84e-34	139
ON792973/SP-VC9/ESP/2017-01-25/Sus-scrofa/Mammalia_1075:1125:1175	MZ819172/PoAstV5-Swine-CHI-FB032-2017/CHL/2017/Sus-scrofa/Mammalia	91.837	98	8	0	1	98	937	1034	2.84e-34	139
ON792973/SP-VC9/ESP/2017-01-25/Sus-scrofa/Mammalia_1075:1125:1175	LC201619/NA/JPN/2015/Sus-scrofa/Mammalia	90.000	100	10	0	1	100	934	1033	4.76e-32	132
ON792973/SP-VC9/ESP/2017-01-25/Sus-scrofa/Mammalia_1075:1125:1175	LC900471/PoAstV-5-wt-Pig-Japan-G-HTuji-5-2022/JPN/2022-07-13/Sus-scrofa/Mammalia	89.000	100	11	0	1	100	937	1036	2.21e-30	126
ON792973/SP-VC9/ESP/2017-01-25/Sus-scrofa/Mammalia_1075:1125:1175	LC900472/PoAstV-5-wt-Pig-Japan-G-HTuji-7-2022/JPN/2022-07-13/Sus-scrofa/Mammalia	89.000	100	11	0	1	100	937	1036	2.21e-30	126
ON792973/SP-VC9/ESP/2017-01-25/Sus-scrofa/Mammalia_1075:1125:1175	MZ819166/PoAstV5-Swine-CHI-FB148-2015/CHL/2015/Sus-scrofa/Mammalia	88.776	98	11	0	1	98	937	1034	2.86e-29	122
ON792973/SP-VC9/ESP/2017-01-25/Sus-scrofa/Mammalia_1075:1125:1175	PX137063/PAstV5-XJCZ39-2024/CHN/2024-04-24/Sus-scrofa/Mammalia	89.474	95	10	0	1	95	1075	1169	2.86e-29	122
ON792973/SP-VC9/ESP/2017-01-25/Sus-scrofa/Mammalia_1075:1125:1175	LC201620/NA/JPN/2015/Sus-scrofa/Mammalia	88.421	95	11	0	1	95	937	1031	1.33e-27	117
ON792973/SP-VC9/ESP/2017-01-25/Sus-scrofa/Mammalia_1075:1125:1175	LC900443/PoAstV-5-wt-Pig-Japan-G-Tsuru-9-2022/JPN/2022-05-19/Sus-scrofa/Mammalia	87.000	100	13	0	1	100	937	1036	4.79e-27	115
OM480533/NA/CHN/2019/NA/Magnoliopsida_181:231:281	OM480533/NA/CHN/2019/NA/Magnoliopsida	100.000	100	0	0	1	100	181	280	4.66e-47	182
MW653753/USA-IA-32345-2020/USA/2020/Sus-scrofa/Mammalia_371:421:471	MW732151/NA/USA/2019/Sus-scrofa/Mammalia	99.000	100	1	0	1	100	371	470	4.66e-47	182
MW653753/USA-IA-32345-2020/USA/2020/Sus-scrofa/Mammalia_371:421:471	MW732156/NA/USA/2020/Sus-scrofa/Mammalia	99.000	100	1	0	1	100	371	470	4.66e-47	182
MW653753/USA-IA-32345-2020/USA/2020/Sus-scrofa/Mammalia_371:421:471	MW653753/USA-IA-32345-2020/USA/2020/Sus-scrofa/Mammalia	100.000	100	0	0	1	100	371	470	4.66e-47	182
MW653753/USA-IA-32345-2020/USA/2020/Sus-scrofa/Mammalia_371:421:471	KY940545/NA/USA/2017/Sus-scrofa/Mammalia	95.918	98	4	0	3	100	373	470	6.07e-41	161
MW653753/USA-IA-32345-2020/USA/2020/Sus-scrofa/Mammalia_371:421:471	MW732149/NA/USA/2020/Sus-scrofa/Mammalia	95.918	98	4	0	3	100	373	470	6.07e-41	161
MW653753/USA-IA-32345-2020/USA/2020/Sus-scrofa/Mammalia_371:421:471	MW732155/NA/USA/2020/Sus-scrofa/Mammalia	95.918	98	4	0	3	100	373	470	6.07e-41	161
MW653753/USA-IA-32345-2020/USA/2020/Sus-scrofa/Mammalia_371:421:471	MW732145/NA/USA/2020/Sus-scrofa/Mammalia	95.000	100	5	0	1	100	371	470	2.18e-40	159
MW653753/USA-IA-32345-2020/USA/2020/Sus-scrofa/Mammalia_371:421:471	MW732146/NA/USA/2020/Sus-scrofa/Mammalia	95.000	100	5	0	1	100	371	470	2.18e-40	159
MW653753/USA-IA-32345-2020/USA/2020/Sus-scrofa/Mammalia_371:421:471	MW732150/NA/USA/2020/Sus-scrofa/Mammalia	94.898	98	5	0	3	100	373	470	2.82e-39	156
MW653753/USA-IA-32345-2020/USA/2020/Sus-scrofa/Mammalia_371:421:471	MW732157/NA/USA/2020/Sus-scrofa/Mammalia	94.898	98	5	0	3	100	373	470	2.82e-39	156
MW653753/USA-IA-32345-2020/USA/2020/Sus-scrofa/Mammalia_371:421:471	MW653751/USA-IA-72701A-2019/USA/2019/Sus-scrofa/Mammalia	94.898	98	5	0	3	100	373	470	2.82e-39	156
MW653753/USA-IA-32345-2020/USA/2020/Sus-scrofa/Mammalia_371:421:471	MW653752/USA-IA-72701B-2019/USA/2019/Sus-scrofa/Mammalia	94.898	98	5	0	3	100	373	470	2.82e-39	156
MW653753/USA-IA-32345-2020/USA/2020/Sus-scrofa/Mammalia_371:421:471	JX556691/US-MO123/USA/2011-06-24/Sus-scrofa/Mammalia	93.000	100	7	0	1	100	371	470	4.72e-37	148
MW653753/USA-IA-32345-2020/USA/2020/Sus-scrofa/Mammalia_371:421:471	NC_019494/US-MO123/USA/2011-06-24/Sus-scrofa/Mammalia	93.000	100	7	0	1	100	371	470	4.72e-37	148
MW653753/USA-IA-32345-2020/USA/2020/Sus-scrofa/Mammalia_371:421:471	MW653750/USA-IA-53797GA-2019/USA/2019/Sus-scrofa/Mammalia	93.000	100	7	0	1	100	371	470	4.72e-37	148
MW653753/USA-IA-32345-2020/USA/2020/Sus-scrofa/Mammalia_371:421:471	MK962341/NA/ESP/2017-06-08/Sus-scrofa/Mammalia	92.000	100	8	0	1	100	371	470	2.20e-35	143
MW653753/USA-IA-32345-2020/USA/2020/Sus-scrofa/Mammalia_371:421:471	MW732148/NA/USA/2018/Sus-scrofa/Mammalia	91.837	98	8	0	3	100	373	470	2.84e-34	139
MW653753/USA-IA-32345-2020/USA/2020/Sus-scrofa/Mammalia_371:421:471	MW653748/USA-IA-6535D-2018/USA/2018/Sus-scrofa/Mammalia	91.837	98	8	0	3	100	373	470	2.84e-34	139
MW653753/USA-IA-32345-2020/USA/2020/Sus-scrofa/Mammalia_371:421:471	MW653749/USA-IA-53214C-2018/USA/2018/Sus-scrofa/Mammalia	91.837	98	8	0	3	100	373	470	2.84e-34	139
MW653753/USA-IA-32345-2020/USA/2020/Sus-scrofa/Mammalia_371:421:471	MW732152/NA/USA/2020/Sus-scrofa/Mammalia	91.000	100	9	0	1	100	371	470	1.02e-33	137
MW653753/USA-IA-32345-2020/USA/2020/Sus-scrofa/Mammalia_371:421:471	MW732153/NA/USA/2018/Sus-scrofa/Mammalia	90.816	98	9	0	3	100	373	470	1.32e-32	134
MW653753/USA-IA-32345-2020/USA/2020/Sus-scrofa/Mammalia_371:421:471	PX137020/PAstV3-AHCZ3-2022/CHN/2022-07-12/Sus-scrofa/Mammalia	90.000	100	10	0	1	100	371	470	4.76e-32	132
MW653753/USA-IA-32345-2020/USA/2020/Sus-scrofa/Mammalia_371:421:471	PV166011/PAstV3-AHCZ4-2022/CHN/2022/Sus-scrofa/Mammalia	90.000	100	10	0	1	100	185	284	4.76e-32	132
MW653753/USA-IA-32345-2020/USA/2020/Sus-scrofa/Mammalia_371:421:471	LC201599/NA/JPN/2014/Sus-scrofa/Mammalia	88.000	100	12	0	1	100	371	470	1.03e-28	121
MW653753/USA-IA-32345-2020/USA/2020/Sus-scrofa/Mammalia_371:421:471	KY073231/NA/HUN/2016/Sus-scrofa/Mammalia	88.000	100	12	0	1	100	182	281	1.03e-28	121
MW653753/USA-IA-32345-2020/USA/2020/Sus-scrofa/Mammalia_371:421:471	MK962342/NA/ESP/2017-07-04/Sus-scrofa/Mammalia	88.000	100	12	0	1	100	371	470	1.03e-28	121
MW653753/USA-IA-32345-2020/USA/2020/Sus-scrofa/Mammalia_371:421:471	LC201596/NA/JPN/2014/Sus-scrofa/Mammalia	87.000	100	13	0	1	100	374	473	4.79e-27	115
MW653753/USA-IA-32345-2020/USA/2020/Sus-scrofa/Mammalia_371:421:471	LC201597/NA/JPN/2014/Sus-scrofa/Mammalia	87.000	100	13	0	1	100	374	473	4.79e-27	115
MW653753/USA-IA-32345-2020/USA/2020/Sus-scrofa/Mammalia_371:421:471	KY073232/NA/HUN/2015/Sus-scrofa/Mammalia	87.000	100	13	0	1	100	182	281	4.79e-27	115
MW653753/USA-IA-32345-2020/USA/2020/Sus-scrofa/Mammalia_371:421:471	LC900448/PoAstV-3-wt-Pig-Japan-G-Taji-5-2022/JPN/2022-05-26/Sus-scrofa/Mammalia	87.000	100	13	0	1	100	371	470	4.79e-27	115
MN127957/NA/CHN/2018-11-29/Anser-anser/Aves_34:84:134	MN428642/GD-AHAU2/CHN/2018/Anser-anser/Aves	99.000	100	1	0	1	100	34	133	4.66e-47	182
MN127957/NA/CHN/2018-11-29/Anser-anser/Aves_34:84:134	MN127952/NA/CHN/2018-12-19/Anser-anser/Aves	99.000	100	1	0	1	100	34	133	4.66e-47	182
MN127957/NA/CHN/2018-11-29/Anser-anser/Aves_34:84:134	MN127953/NA/CHN/2019-01-03/Anser-anser/Aves	99.000	100	1	0	1	100	34	133	4.66e-47	182
MN127957/NA/CHN/2018-11-29/Anser-anser/Aves_34:84:134	MN127954/NA/CHN/2019-01-16/Anser-anser/Aves	99.000	100	1	0	1	100	34	133	4.66e-47	182
MN127957/NA/CHN/2018-11-29/Anser-anser/Aves_34:84:134	MN127955/NA/CHN/2019-01-16/Anser-anser/Aves	99.000	100	1	0	1	100	34	133	4.66e-47	182
MN127957/NA/CHN/2018-11-29/Anser-anser/Aves_34:84:134	MN127956/NA/CHN/2018-11-25/Anser-anser/Aves	99.000	100	1	0	1	100	34	133	4.66e-47	182
MN127957/NA/CHN/2018-11-29/Anser-anser/Aves_34:84:134	MN127957/NA/CHN/2018-11-29/Anser-anser/Aves	100.000	100	0	0	1	100	34	133	4.66e-47	182
MN127957/NA/CHN/2018-11-29/Anser-anser/Aves_34:84:134	MN127958/NA/CHN/2018-11-30/Anser-anser/Aves	99.000	100	1	0	1	100	34	133	4.66e-47	182
MN127957/NA/CHN/2018-11-29/Anser-anser/Aves_34:84:134	MW345727/SDPD/CHN/2019-01/Anser-anser/Aves	99.000	100	1	0	1	100	34	133	4.66e-47	182
MN127957/NA/CHN/2018-11-29/Anser-anser/Aves_34:84:134	MZ540211/NA/CHN/2019/Anser-anser/Aves	99.000	100	1	0	1	100	34	133	4.66e-47	182
MN127957/NA/CHN/2018-11-29/Anser-anser/Aves_34:84:134	MF772821/NA/CHN/2017-04/Anser-anser/Aves	98.000	100	2	0	1	100	34	133	2.17e-45	176
MN127957/NA/CHN/2018-11-29/Anser-anser/Aves_34:84:134	MG934571/GD/CHN/2017-11-01/Anser-anser/Aves	98.000	100	2	0	1	100	34	133	2.17e-45	176
MN127957/NA/CHN/2018-11-29/Anser-anser/Aves_34:84:134	KY807085/HN1G/CHN/2014-05-20/Anser-cygnoides/Aves	98.000	100	2	0	1	100	34	133	2.17e-45	176
MN127957/NA/CHN/2018-11-29/Anser-anser/Aves_34:84:134	MH807626/NA/CHN/2018-01-08/Anser-anser/Aves	98.000	100	2	0	1	100	34	133	2.17e-45	176
MN127957/NA/CHN/2018-11-29/Anser-anser/Aves_34:84:134	MK125058/JSHA/CHN/2016/Anser-anser/Aves	98.000	100	2	0	1	100	34	133	2.17e-45	176
MN127957/NA/CHN/2018-11-29/Anser-anser/Aves_34:84:134	MN399857/SDXT/CHN/2019-03-15/Anas-platyrhynchos/Aves	98.000	100	2	0	1	100	34	133	2.17e-45	176
MN127957/NA/CHN/2018-11-29/Anser-anser/Aves_34:84:134	MN337323/XX/CHN/2018-07-10/Anser-anser/Aves	98.000	100	2	0	1	100	34	133	2.17e-45	176
MN127957/NA/CHN/2018-11-29/Anser-anser/Aves_34:84:134	MN175321/NA/CHN/2018-07-09/Anser-anser/Aves	98.000	100	2	0	1	100	34	133	2.17e-45	176
MN127957/NA/CHN/2018-11-29/Anser-anser/Aves_34:84:134	MN428643/AHAU3/CHN/2018/Anser-anser/Aves	98.000	100	2	0	1	100	34	133	2.17e-45	176
MN127957/NA/CHN/2018-11-29/Anser-anser/Aves_34:84:134	MN428645/AHAU5/CHN/2018/Anser-anser/Aves	98.000	100	2	0	1	100	34	133	2.17e-45	176
MN127957/NA/CHN/2018-11-29/Anser-anser/Aves_34:84:134	MN307117/AstV-HN02-Goose-1119-18/CHN/2018-11-19/Anser-anser/Aves	98.000	100	2	0	1	100	34	133	2.17e-45	176
MN127957/NA/CHN/2018-11-29/Anser-anser/Aves_34:84:134	MN103532/NA/CHN/2018-07-01/Anser-anser/Aves	98.000	100	2	0	1	100	34	133	2.17e-45	176
MN127957/NA/CHN/2018-11-29/Anser-anser/Aves_34:84:134	MN127951/NA/CHN/2018-11-20/Anser-anser/Aves	98.000	100	2	0	1	100	34	133	2.17e-45	176
MN127957/NA/CHN/2018-11-29/Anser-anser/Aves_34:84:134	MN109954/NA/CHN/2018-07-01/Anser-anser/Aves	98.000	100	2	0	1	100	34	133	2.17e-45	176
MN127957/NA/CHN/2018-11-29/Anser-anser/Aves_34:84:134	MN109955/NA/CHN/2018-03-09/Anser-anser/Aves	98.000	100	2	0	1	100	34	133	2.17e-45	176
MN127957/NA/CHN/2018-11-29/Anser-anser/Aves_34:84:134	MN109956/NA/CHN/2018-08-25/Anser-anser/Aves	98.000	100	2	0	1	100	34	133	2.17e-45	176
MN127957/NA/CHN/2018-11-29/Anser-anser/Aves_34:84:134	MN109957/NA/CHN/2018-10-11/Anser-anser/Aves	98.000	100	2	0	1	100	34	133	2.17e-45	176
MN127957/NA/CHN/2018-11-29/Anser-anser/Aves_34:84:134	MT934437/NA/CHN/2019-05/Anser-anser/Aves	98.000	100	2	0	1	100	34	133	2.17e-45	176
MN127957/NA/CHN/2018-11-29/Anser-anser/Aves_34:84:134	MT934438/NA/CHN/2019-05/Anser-anser/Aves	98.000	100	2	0	1	100	34	133	2.17e-45	176
MN127957/NA/CHN/2018-11-29/Anser-anser/Aves_34:84:134	MT934439/NA/CHN/2019-05/Anser-anser/Aves	98.000	100	2	0	1	100	34	133	2.17e-45	176
MN127955/NA/CHN/2019-01-16/Anser-anser/Aves_211:261:311	MN175321/NA/CHN/2018-07-09/Anser-anser/Aves	99.000	100	1	0	1	100	211	310	4.66e-47	182
MN127955/NA/CHN/2019-01-16/Anser-anser/Aves_211:261:311	MN428645/AHAU5/CHN/2018/Anser-anser/Aves	99.000	100	1	0	1	100	211	310	4.66e-47	182
MN127955/NA/CHN/2019-01-16/Anser-anser/Aves_211:261:311	MN307116/AstV-AH02-Goose-0715-18/CHN/2018-07-15/Anser-anser/Aves	99.000	100	1	0	1	100	211	310	4.66e-47	182
MN127955/NA/CHN/2019-01-16/Anser-anser/Aves_211:261:311	MN307117/AstV-HN02-Goose-1119-18/CHN/2018-11-19/Anser-anser/Aves	99.000	100	1	0	1	100	211	310	4.66e-47	182
MN127955/NA/CHN/2019-01-16/Anser-anser/Aves_211:261:311	MN307119/AstV-HB02-Goose-0310-19/CHN/2019-03-10/Anser-anser/Aves	99.000	100	1	0	1	100	211	310	4.66e-47	182
MN127955/NA/CHN/2019-01-16/Anser-anser/Aves_211:261:311	MN307120/AstV-HN03-Goose-0402-19/CHN/2019-04-02/Anser-anser/Aves	99.000	100	1	0	1	100	211	310	4.66e-47	182
MN127955/NA/CHN/2019-01-16/Anser-anser/Aves_211:261:311	MN127952/NA/CHN/2018-12-19/Anser-anser/Aves	99.000	100	1	0	1	100	211	310	4.66e-47	182
MN127955/NA/CHN/2019-01-16/Anser-anser/Aves_211:261:311	MN127953/NA/CHN/2019-01-03/Anser-anser/Aves	99.000	100	1	0	1	100	211	310	4.66e-47	182
MN127955/NA/CHN/2019-01-16/Anser-anser/Aves_211:261:311	MN127955/NA/CHN/2019-01-16/Anser-anser/Aves	100.000	100	0	0	1	100	211	310	4.66e-47	182
MN127955/NA/CHN/2019-01-16/Anser-anser/Aves_211:261:311	MN127957/NA/CHN/2018-11-29/Anser-anser/Aves	99.000	100	1	0	1	100	211	310	4.66e-47	182
MN127955/NA/CHN/2019-01-16/Anser-anser/Aves_211:261:311	MN127958/NA/CHN/2018-11-30/Anser-anser/Aves	99.000	100	1	0	1	100	211	310	4.66e-47	182
MN127955/NA/CHN/2019-01-16/Anser-anser/Aves_211:261:311	MW592378/HNSQ-6-China-2020/CHN/2020/Anser-anser/Aves	99.000	100	1	0	1	100	211	310	4.66e-47	182
MN127955/NA/CHN/2019-01-16/Anser-anser/Aves_211:261:311	MW592379/HNXX-6-China-2020/CHN/2020/Anser-anser/Aves	99.000	100	1	0	1	100	211	310	4.66e-47	182
MN127955/NA/CHN/2019-01-16/Anser-anser/Aves_211:261:311	MT708902/AAstV-Goose-CHN-2019-DY-19/CHN/2019-09/Anser-anser/Aves	99.000	100	1	0	1	100	211	310	4.66e-47	182
MN127955/NA/CHN/2019-01-16/Anser-anser/Aves_211:261:311	MZ367612/HNNY0620/CHN/2020-06-20/Cairina-moschata/Aves	99.000	100	1	0	1	100	211	310	4.66e-47	182
MN127955/NA/CHN/2019-01-16/Anser-anser/Aves_211:261:311	OK571389/ZJLD/CHN/2020-06-10/Anser-anser/Aves	99.000	100	1	0	1	100	211	310	4.66e-47	182
MN127955/NA/CHN/2019-01-16/Anser-anser/Aves_211:261:311	OK571390/JRMS/CHN/2020-12-03/Anser-anser/Aves	99.000	100	1	0	1	100	211	310	4.66e-47	182
MN127955/NA/CHN/2019-01-16/Anser-anser/Aves_211:261:311	OM273302/NA/CHN/2021-03-12/Anser-anser/Aves	99.000	100	1	0	1	100	211	310	4.66e-47	182
MN127955/NA/CHN/2019-01-16/Anser-anser/Aves_211:261:311	OM273303/NA/CHN/2021-03-28/Anser-anser/Aves	99.000	100	1	0	1	100	211	310	4.66e-47	182
MN127955/NA/CHN/2019-01-16/Anser-anser/Aves_211:261:311	OM273304/NA/CHN/2021-04-10/Anser-anser/Aves	99.000	100	1	0	1	100	211	310	4.66e-47	182
MN127955/NA/CHN/2019-01-16/Anser-anser/Aves_211:261:311	OM273305/NA/CHN/2021-04-15/Anser-anser/Aves	99.000	100	1	0	1	100	211	310	4.66e-47	182
MN127955/NA/CHN/2019-01-16/Anser-anser/Aves_211:261:311	OM273306/NA/CHN/2021-04-26/Anser-anser/Aves	99.000	100	1	0	1	100	211	310	4.66e-47	182
MN127955/NA/CHN/2019-01-16/Anser-anser/Aves_211:261:311	OK148600/NA/CHN/2020-10-02/Anser-anser/Aves	99.000	100	1	0	1	100	211	310	4.66e-47	182
MN127955/NA/CHN/2019-01-16/Anser-anser/Aves_211:261:311	MW536497/YC20/CHN/2020-08-10/Anser-anser/Aves	99.000	100	1	0	1	100	211	310	4.66e-47	182
MN127955/NA/CHN/2019-01-16/Anser-anser/Aves_211:261:311	MZ819183/JRMS/CHN/2020-06/Anser-anser/Aves	99.000	100	1	0	1	100	211	310	4.66e-47	182
MN127955/NA/CHN/2019-01-16/Anser-anser/Aves_211:261:311	MZ819184/ZJLD/CHN/2020-06/Anser-anser/Aves	99.000	100	1	0	1	100	211	310	4.66e-47	182
MN127955/NA/CHN/2019-01-16/Anser-anser/Aves_211:261:311	MW505486/NA/CHN/2019-07-05/Anser-anser/Aves	99.000	100	1	0	1	100	211	310	4.66e-47	182
MN127955/NA/CHN/2019-01-16/Anser-anser/Aves_211:261:311	MW505489/NA/CHN/2019-06-21/Anser-anser/Aves	99.000	100	1	0	1	100	211	310	4.66e-47	182
MN127955/NA/CHN/2019-01-16/Anser-anser/Aves_211:261:311	MW505490/NA/CHN/2019-06-21/Anser-anser/Aves	99.000	100	1	0	1	100	211	310	4.66e-47	182
MN127955/NA/CHN/2019-01-16/Anser-anser/Aves_211:261:311	MW505492/NA/CHN/2019-06-20/Anser-anser/Aves	99.000	100	1	0	1	100	211	310	4.66e-47	182
MT549860/CHN-100/CHN/2016/Rattus-norvegicus/Mammalia_375:425:475	MT549860/CHN-100/CHN/2016/Rattus-norvegicus/Mammalia	100.000	100	0	0	1	100	375	474	4.66e-47	182
MT549860/CHN-100/CHN/2016/Rattus-norvegicus/Mammalia_375:425:475	KT946732/HK-1797F/HKG/NA/Rattus-andamanensis/Mammalia	85.000	100	15	0	1	100	381	480	1.04e-23	104
MT549860/CHN-100/CHN/2016/Rattus-norvegicus/Mammalia_375:425:475	KT946733/HK-1893F/HKG/NA/Rattus-andamanensis/Mammalia	85.000	100	15	0	1	100	381	480	1.04e-23	104
MT549860/CHN-100/CHN/2016/Rattus-norvegicus/Mammalia_375:425:475	KT946734/HK-1998F/HKG/NA/Rattus-andamanensis/Mammalia	85.000	100	15	0	1	100	381	480	1.04e-23	104
MT549860/CHN-100/CHN/2016/Rattus-norvegicus/Mammalia_625:675:725	MT549860/CHN-100/CHN/2016/Rattus-norvegicus/Mammalia	100.000	100	0	0	1	100	625	724	4.66e-47	182
MT549860/CHN-100/CHN/2016/Rattus-norvegicus/Mammalia_625:675:725	KT946732/HK-1797F/HKG/NA/Rattus-andamanensis/Mammalia	92.632	95	7	0	1	95	631	725	2.84e-34	139
MT549860/CHN-100/CHN/2016/Rattus-norvegicus/Mammalia_625:675:725	KT946733/HK-1893F/HKG/NA/Rattus-andamanensis/Mammalia	92.632	95	7	0	1	95	631	725	2.84e-34	139
MT549860/CHN-100/CHN/2016/Rattus-norvegicus/Mammalia_625:675:725	KT946734/HK-1998F/HKG/NA/Rattus-andamanensis/Mammalia	92.632	95	7	0	1	95	631	725	2.84e-34	139
MT549860/CHN-100/CHN/2016/Rattus-norvegicus/Mammalia_625:675:725	MT549858/CHN-147/CHN/2016/Rattus-norvegicus/Mammalia	86.000	100	14	0	1	100	598	697	2.23e-25	110
MT549860/CHN-100/CHN/2016/Rattus-norvegicus/Mammalia_625:675:725	MT549859/CHN-148/CHN/2016/Rattus-norvegicus/Mammalia	84.000	100	16	0	1	100	598	697	4.83e-22	99.0
MT549860/CHN-100/CHN/2016/Rattus-norvegicus/Mammalia_625:675:725	PV351774/HN_K12f_6/CHN/2024-06-20/Suncus-murinus/Mammalia	84.000	100	16	0	1	100	598	697	4.83e-22	99.0
MT549860/CHN-100/CHN/2016/Rattus-norvegicus/Mammalia_625:675:725	PV979748/Rhabdo_Mix_4_123_Astrovirus_shrew_240620/CHN/2024-06-20/Suncus-murinus/Mammalia	84.000	100	16	0	1	100	598	697	4.83e-22	99.0
MT549859/CHN-148/CHN/2016/Rattus-norvegicus/Mammalia_2116:2166:2216	MT549859/CHN-148/CHN/2016/Rattus-norvegicus/Mammalia	100.000	100	0	0	1	100	2116	2215	4.66e-47	182
MT549859/CHN-148/CHN/2016/Rattus-norvegicus/Mammalia_2116:2166:2216	OQ802726/WZ_Ra.norvegicus_astro_2/CHN/2016_2017/Rattus-norvegicus/Mammalia	93.878	98	6	0	1	98	2089	2186	1.31e-37	150
MT549859/CHN-148/CHN/2016/Rattus-norvegicus/Mammalia_2116:2166:2216	MT549858/CHN-147/CHN/2016/Rattus-norvegicus/Mammalia	91.489	94	8	0	3	96	2112	2205	4.76e-32	132
MT549859/CHN-148/CHN/2016/Rattus-norvegicus/Mammalia_2116:2166:2216	PV351770/HN_K2f_471/CHN/2024-06-20/Suncus-murinus/Mammalia	90.625	96	9	0	1	96	2110	2205	1.71e-31	130
MT549859/CHN-148/CHN/2016/Rattus-norvegicus/Mammalia_2116:2166:2216	KT946732/HK-1797F/HKG/NA/Rattus-andamanensis/Mammalia	89.000	100	11	0	1	100	2131	2230	7.96e-30	124
MT549859/CHN-148/CHN/2016/Rattus-norvegicus/Mammalia_2116:2166:2216	KT946733/HK-1893F/HKG/NA/Rattus-andamanensis/Mammalia	89.000	100	11	0	1	100	2131	2230	7.96e-30	124
MT549859/CHN-148/CHN/2016/Rattus-norvegicus/Mammalia_2116:2166:2216	KT946734/HK-1998F/HKG/NA/Rattus-andamanensis/Mammalia	89.000	100	11	0	1	100	2131	2230	7.96e-30	124
MT549859/CHN-148/CHN/2016/Rattus-norvegicus/Mammalia_2116:2166:2216	MT549860/CHN-100/CHN/2016/Rattus-norvegicus/Mammalia	89.247	93	10	0	2	94	2126	2218	3.70e-28	119
MT549859/CHN-148/CHN/2016/Rattus-norvegicus/Mammalia_2116:2166:2216	PQ678009/ZTYJ-YNSC199/CHN/2022/Rattus-tanezumi/Mammalia	87.500	96	12	0	1	96	2113	2208	1.72e-26	113
MN725025/NA/CHN/2018/Gallus-gallus/Aves_1489:1539:1589	MN725025/NA/CHN/2018/Gallus-gallus/Aves	100.000	100	0	0	1	100	1489	1588	4.66e-47	182
MN725025/NA/CHN/2018/Gallus-gallus/Aves_1489:1539:1589	MN725026/NA/CHN/2018/Gallus-gallus/Aves	99.000	100	1	0	1	100	1489	1588	4.66e-47	182
MN725025/NA/CHN/2018/Gallus-gallus/Aves_1489:1539:1589	MN807051/AAstV-Chicken-CHN-2018-CZ1801/CHN/2018/Gallus-gallus/Aves	99.000	100	1	0	1	100	1489	1588	4.66e-47	182
MN725025/NA/CHN/2018/Gallus-gallus/Aves_1489:1539:1589	MK746105/AAstV-Chicken-CHN-2017-NJ1701/CHN/2017/Gallus-gallus/Aves	98.000	100	2	0	1	100	1489	1588	2.17e-45	176
MN725025/NA/CHN/2018/Gallus-gallus/Aves_1489:1539:1589	OR545548/AAstV-Chicken-CHN-2022-SQ2201/CHN/2022/Gallus-gallus/Aves	98.000	100	2	0	1	100	1489	1588	2.17e-45	176
MN725025/NA/CHN/2018/Gallus-gallus/Aves_1489:1539:1589	PZ133622/Z1105-GD-2024/CHN/2024/Ptyas-mucosa/Lepidosauria	98.000	100	2	0	1	100	1489	1588	2.17e-45	176
MN725025/NA/CHN/2018/Gallus-gallus/Aves_1489:1539:1589	OP169001/AAstV-Chicken-CHN-2021-HA2101/CHN/2021/Gallus-gallus/Aves	97.895	95	2	0	1	95	1489	1583	1.30e-42	167
MN725025/NA/CHN/2018/Gallus-gallus/Aves_1489:1539:1589	PV093025/NA/CHN/2023-01-01/Neogale-vison/Mammalia	92.000	100	8	0	1	100	1489	1588	2.20e-35	143
MN725025/NA/CHN/2018/Gallus-gallus/Aves_1489:1539:1589	PV093026/NA/CHN/2023-01-01/Neogale-vison/Mammalia	92.000	100	8	0	1	100	1489	1588	2.20e-35	143
MN725025/NA/CHN/2018/Gallus-gallus/Aves_1489:1539:1589	PV093027/NA/CHN/2023-01-01/Neogale-vison/Mammalia	92.000	100	8	0	1	100	1489	1588	2.20e-35	143
MN725025/NA/CHN/2018/Gallus-gallus/Aves_1489:1539:1589	PV093028/NA/CHN/2023-01-01/Neogale-vison/Mammalia	92.000	100	8	0	1	100	1489	1588	2.20e-35	143
MN725025/NA/CHN/2018/Gallus-gallus/Aves_1489:1539:1589	PV093029/NA/CHN/2023-01-01/Neogale-vison/Mammalia	92.000	100	8	0	1	100	1489	1588	2.20e-35	143
MN725025/NA/CHN/2018/Gallus-gallus/Aves_1489:1539:1589	KY038163/CAstV-INDIA-ANAND-2016/IND/2016-02-24/Gallus-gallus/Aves	84.000	100	16	0	1	100	1489	1588	4.83e-22	99.0
MN725025/NA/CHN/2018/Gallus-gallus/Aves_1489:1539:1589	LC918465/CAstV-Chicken-JP-WG-5-89/JPN/1989/Gallus-gallus/Aves	84.158	101	14	2	1	100	1489	1588	4.83e-22	99.0
MG599895/NA/CHN/NA/Coelorinchus-multispinulosus/Actinopteri_733:783:833	MG599895/NA/CHN/NA/Coelorinchus-multispinulosus/Actinopteri	100.000	100	0	0	1	100	733	832	4.66e-47	182
MG599895/NA/CHN/NA/Coelorinchus-multispinulosus/Actinopteri_1282:1332:1382	MG599895/NA/CHN/NA/Coelorinchus-multispinulosus/Actinopteri	100.000	100	0	0	1	100	1282	1381	6.02e-46	178
MG599895/NA/CHN/NA/Coelorinchus-multispinulosus/Actinopteri_1312:1362:1412	MG599895/NA/CHN/NA/Coelorinchus-multispinulosus/Actinopteri	100.000	100	0	0	1	100	1312	1411	6.02e-46	178
MG599886/NA/CHN/NA/Lethenteron-camtschaticum/Hyperoartia_379:429:479	MG599886/NA/CHN/NA/Lethenteron-camtschaticum/Hyperoartia	100.000	100	0	0	1	100	379	478	7.79e-45	174
MG599886/NA/CHN/NA/Lethenteron-camtschaticum/Hyperoartia_412:462:474:512	MG599886/NA/CHN/NA/Lethenteron-camtschaticum/Hyperoartia	100.000	100	0	0	1	100	412	511	7.79e-45	174
MG599885/NA/CHN/NA/NA/NA_832:882:932	MG599885/NA/CHN/NA/NA/NA	100.000	100	0	0	1	100	832	931	4.66e-47	182
MG599885/NA/CHN/NA/NA/NA_832:882:932	MG599926/NA/CHN/NA/NA/Actinopteri	93.000	100	7	0	1	100	832	931	4.72e-37	148
MG599885/NA/CHN/NA/NA/NA_832:882:932	MG599929/NA/CHN/NA/Echelus-uropterus/Actinopteri	93.000	100	7	0	1	100	832	931	4.72e-37	148
MG599885/NA/CHN/NA/NA/NA_883:933:983	MG599885/NA/CHN/NA/NA/NA	100.000	100	0	0	1	100	883	982	4.66e-47	182
MG599885/NA/CHN/NA/NA/NA_883:933:983	MG599926/NA/CHN/NA/NA/Actinopteri	91.837	98	8	0	1	98	883	980	2.84e-34	139
MG599885/NA/CHN/NA/NA/NA_883:933:983	MG599929/NA/CHN/NA/Echelus-uropterus/Actinopteri	91.837	98	8	0	1	98	883	980	2.84e-34	139
MG599913/NA/CHN/NA/Pachytriton-brevipes/Amphibia_1264:1314:1364	MG599913/NA/CHN/NA/Pachytriton-brevipes/Amphibia	100.000	100	0	0	1	100	1264	1363	4.66e-47	182
NC_023675/NA/USA/2010/Sus-scrofa/Mammalia_2030:2080:2130	JF713713/NA/USA/2010/Sus-scrofa/Mammalia	100.000	100	0	0	1	100	2030	2129	4.66e-47	182
NC_023675/NA/USA/2010/Sus-scrofa/Mammalia_2030:2080:2130	NC_023675/NA/USA/2010/Sus-scrofa/Mammalia	100.000	100	0	0	1	100	2030	2129	4.66e-47	182
NC_023675/NA/USA/2010/Sus-scrofa/Mammalia_2030:2080:2130	JX556692/AstV4-US-IL135/USA/2011-06-27/Sus-scrofa/Mammalia	92.135	89	5	2	3	90	2032	2119	2.21e-30	126
NC_002470/provided-by-Dr.-Y.M.-Saif--Ohio-State-University/NA/NA/Meleagris-gallopavo/Aves_1141:1191:1241	Y15936/NA/NA/NA/Meleagris-gallopavo/Aves	100.000	100	0	0	1	100	1141	1240	4.66e-47	182
NC_002470/provided-by-Dr.-Y.M.-Saif--Ohio-State-University/NA/NA/Meleagris-gallopavo/Aves_1141:1191:1241	NC_002470/provided-by-Dr.-Y.M.-Saif--Ohio-State-University/NA/NA/Meleagris-gallopavo/Aves	100.000	100	0	0	1	100	1141	1240	4.66e-47	182
NC_002470/provided-by-Dr.-Y.M.-Saif--Ohio-State-University/NA/NA/Meleagris-gallopavo/Aves_1717:1767:1817	Y15936/NA/NA/NA/Meleagris-gallopavo/Aves	100.000	100	0	0	1	100	1717	1816	4.66e-47	182
NC_002470/provided-by-Dr.-Y.M.-Saif--Ohio-State-University/NA/NA/Meleagris-gallopavo/Aves_1717:1767:1817	NC_002470/provided-by-Dr.-Y.M.-Saif--Ohio-State-University/NA/NA/Meleagris-gallopavo/Aves	100.000	100	0	0	1	100	1717	1816	4.66e-47	182
MF175073/MAV2-NYC-2014-M007-0090/USA/2014-08-15/Mus-musculus/Mammalia_267:317:367	MF175073/MAV2-NYC-2014-M007-0090/USA/2014-08-15/Mus-musculus/Mammalia	100.000	100	0	0	1	100	267	366	4.66e-47	182
MF175073/MAV2-NYC-2014-M007-0090/USA/2014-08-15/Mus-musculus/Mammalia_267:317:367	PV544235/UMN_2024/USA/2024/Mus-musculus/Mammalia	98.000	100	2	0	1	100	267	366	2.17e-45	176
MF175073/MAV2-NYC-2014-M007-0090/USA/2014-08-15/Mus-musculus/Mammalia_267:317:367	MN503236/WCM1-NY-USA-2018/USA/2018-05-04/Mus-musculus/Mammalia	94.949	99	5	0	1	99	300	398	7.85e-40	158
MF175073/MAV2-NYC-2014-M007-0090/USA/2014-08-15/Mus-musculus/Mammalia_267:317:367	MN503237/WCM2-NY-USA-2018/USA/2018-05-04/Mus-musculus/Mammalia	94.949	99	5	0	1	99	300	398	7.85e-40	158
MF175073/MAV2-NYC-2014-M007-0090/USA/2014-08-15/Mus-musculus/Mammalia_267:317:367	MN503235/TIB-224-MA-USA-2018/USA/2018-05-04/Mus-musculus/Mammalia	92.929	99	7	0	1	99	300	398	1.70e-36	147
MF175073/MAV2-NYC-2014-M007-0090/USA/2014-08-15/Mus-musculus/Mammalia_267:317:367	MN503238/MI-USA-2018/USA/2018-12-20/Mus-musculus/Mammalia	86.735	98	13	0	2	99	301	398	6.20e-26	111
MF175073/MAV2-NYC-2014-M007-0090/USA/2014-08-15/Mus-musculus/Mammalia_267:317:367	OQ802726/WZ_Ra.norvegicus_astro_2/CHN/2016_2017/Rattus-norvegicus/Mammalia	85.263	95	14	0	2	96	268	362	1.34e-22	100
KM358468/NA/NA/NA/NA/NA_283:333:383	KM358468/NA/NA/NA/NA/NA	100.000	100	0	0	1	100	283	382	4.66e-47	182
KM358468/NA/NA/NA/NA/NA_283:333:383	KJ920196/HMO-CLondon1/GBR/2013-07-02/NA/NA	97.000	100	3	0	1	100	283	382	1.01e-43	171
KM358468/NA/NA/NA/NA/NA_283:333:383	KJ920197/HMO-CLondon2/GBR/2014-02-06/NA/NA	97.000	100	3	0	1	100	283	382	1.01e-43	171
KM358468/NA/NA/NA/NA/NA_283:333:383	GQ891990/SG/USA/2007/Homo-sapiens/Mammalia	96.000	100	4	0	1	100	283	382	4.69e-42	165
KM358468/NA/NA/NA/NA/NA_283:333:383	KM401565/NA/NA/NA/NA/NA	96.000	100	4	0	1	100	283	382	4.69e-42	165
KM358468/NA/NA/NA/NA/NA_283:333:383	GQ267696/SZ908/NA/2008/Homo-sapiens/Mammalia	96.000	100	4	0	1	100	283	382	4.69e-42	165
KM358468/NA/NA/NA/NA/NA_283:333:383	MH933754/CMRHP6/CMR/2014-12/Homo-sapiens/Mammalia	96.000	100	4	0	1	100	283	382	4.69e-42	165
KM358468/NA/NA/NA/NA/NA_283:333:383	MT432184/ITA-2018-205.18-5/ITA/2018/Homo-sapiens/Mammalia	96.000	100	4	0	1	100	283	382	4.69e-42	165
KM358468/NA/NA/NA/NA/NA_283:333:383	OP594725/NA/USA/2020/Homo-sapiens/Mammalia	96.000	100	4	0	1	100	283	382	4.69e-42	165
KM358468/NA/NA/NA/NA/NA_283:333:383	KY933670/C-P5/USA/2017-04-01/Homo-sapiens/Mammalia	95.000	100	5	0	1	100	283	382	2.18e-40	159
KM358468/NA/NA/NA/NA/NA_283:333:383	NC_013060/VA1/USA/2008-08/Homo-sapiens/Mammalia	95.000	100	5	0	1	100	283	382	2.18e-40	159
KM358468/NA/NA/NA/NA/NA_283:333:383	FJ973620/VA1/USA/2008-08/Homo-sapiens/Mammalia	95.000	100	5	0	1	100	283	382	2.18e-40	159
JX556690/AstV2-US-IA122/USA/2011-06-23/Sus-scrofa/Mammalia_1875:1925:1975	JX556690/AstV2-US-IA122/USA/2011-06-23/Sus-scrofa/Mammalia	100.000	100	0	0	1	100	1875	1974	4.66e-47	182
JX556690/AstV2-US-IA122/USA/2011-06-23/Sus-scrofa/Mammalia_1875:1925:1975	ON714996/SP-VC36/ESP/2017-08-04/Sus-scrofa/Mammalia	96.296	81	2	1	1	81	1881	1960	6.15e-31	128
JX556690/AstV2-US-IA122/USA/2011-06-23/Sus-scrofa/Mammalia_1875:1925:1975	ON714997/SP-VC9/ESP/2017-01-25/Sus-scrofa/Mammalia	96.296	81	2	1	1	81	1881	1960	6.15e-31	128
JX556690/AstV2-US-IA122/USA/2011-06-23/Sus-scrofa/Mammalia_2103:2153:2203	JX556690/AstV2-US-IA122/USA/2011-06-23/Sus-scrofa/Mammalia	100.000	100	0	0	1	100	2103	2202	4.66e-47	182
JX556690/AstV2-US-IA122/USA/2011-06-23/Sus-scrofa/Mammalia_2103:2153:2203	MZ819165/PoAstV2-Swine-CHI-CF2673-2017/CHL/2017/Sus-scrofa/Mammalia	97.000	100	3	0	1	100	2112	2211	1.01e-43	171
JX556690/AstV2-US-IA122/USA/2011-06-23/Sus-scrofa/Mammalia_2103:2153:2203	PX137016/PAstV2-AHFW5-2023/CHN/2023-11-10/Sus-scrofa/Mammalia	96.000	100	4	0	1	100	2106	2205	4.69e-42	165
JX556690/AstV2-US-IA122/USA/2011-06-23/Sus-scrofa/Mammalia_2103:2153:2203	PX137018/PAstV2-LNBP7-2022/CHN/2022-12-01/Sus-scrofa/Mammalia	96.000	100	4	0	1	100	2106	2205	4.69e-42	165
JX556690/AstV2-US-IA122/USA/2011-06-23/Sus-scrofa/Mammalia_2103:2153:2203	KJ495986/NA/USA/2012/Sus-scrofa/Mammalia	95.000	100	5	0	1	100	2049	2148	2.18e-40	159
JX556690/AstV2-US-IA122/USA/2011-06-23/Sus-scrofa/Mammalia_2103:2153:2203	MK378521/PoAstV_VIRES_HLJ01_C2/CHN/2017-04/Sus-scrofa/Mammalia	95.000	100	5	0	1	100	2055	2154	2.18e-40	159
JX556690/AstV2-US-IA122/USA/2011-06-23/Sus-scrofa/Mammalia_2103:2153:2203	PP871737/astro_vt_19/VNM/2015-01-27_2016-02-25/Sus-scrofa/Mammalia	95.000	100	5	0	1	100	2115	2214	2.18e-40	159
JX556690/AstV2-US-IA122/USA/2011-06-23/Sus-scrofa/Mammalia_2103:2153:2203	PX137015/PAstV2-AHFW4-2023/CHN/2023-11-10/Sus-scrofa/Mammalia	95.000	100	5	0	1	100	2184	2283	2.18e-40	159
JX556690/AstV2-US-IA122/USA/2011-06-23/Sus-scrofa/Mammalia_2103:2153:2203	LC900392/PoAstV-2-wt-Pig-Japan-MoI-22-2018/JPN/2018-06-27/Sus-scrofa/Mammalia	95.000	100	5	0	1	100	2118	2217	2.18e-40	159
JX556690/AstV2-US-IA122/USA/2011-06-23/Sus-scrofa/Mammalia_2103:2153:2203	LC201589/NA/JPN/2015/Sus-scrofa/Mammalia	94.000	100	6	0	1	100	2118	2217	1.02e-38	154
JX556690/AstV2-US-IA122/USA/2011-06-23/Sus-scrofa/Mammalia_2103:2153:2203	LC201594/NA/JPN/2015/Sus-scrofa/Mammalia	94.000	100	6	0	1	100	2109	2208	1.02e-38	154
JX556690/AstV2-US-IA122/USA/2011-06-23/Sus-scrofa/Mammalia_2103:2153:2203	MW082586/NA/CHN/2018/Sus-scrofa/Mammalia	94.000	100	6	0	1	100	2211	2310	1.02e-38	154
JX556690/AstV2-US-IA122/USA/2011-06-23/Sus-scrofa/Mammalia_2103:2153:2203	MZ357117/Rpf011AstV01-5/CHN/2020-05/Ailurus-fulgens/Mammalia	94.000	100	6	0	1	100	2106	2205	1.02e-38	154
JX556690/AstV2-US-IA122/USA/2011-06-23/Sus-scrofa/Mammalia_2103:2153:2203	PV539770/PAstV2-NMG-2025/CHN/2025-02-18/Sus-scrofa/Mammalia	93.000	100	7	0	1	100	2181	2280	4.72e-37	148
JX556690/AstV2-US-IA122/USA/2011-06-23/Sus-scrofa/Mammalia_2103:2153:2203	PX137014/PAstV2-AHCZ10-2-2022/CHN/2022-07-12/Sus-scrofa/Mammalia	93.000	100	7	0	1	100	2184	2283	4.72e-37	148
JX556690/AstV2-US-IA122/USA/2011-06-23/Sus-scrofa/Mammalia_2103:2153:2203	LC900361/PoAstV-2-wt-Wild_Boar-Japan-Noto-2-2023/JPN/2023-07-05/Sus-scrofa/Mammalia	93.000	100	7	0	1	100	2094	2193	4.72e-37	148
JX556690/AstV2-US-IA122/USA/2011-06-23/Sus-scrofa/Mammalia_2103:2153:2203	LC900385/PoAstV-2-wt-Pig-Japan-HgOg-11-2018/JPN/2018-06-27/Sus-scrofa/Mammalia	93.000	100	7	0	1	100	2178	2277	4.72e-37	148
JX556690/AstV2-US-IA122/USA/2011-06-23/Sus-scrofa/Mammalia_2103:2153:2203	OL695853/AH2-3/CHN/2021/Sus-scrofa/Mammalia	92.929	99	7	0	2	100	2122	2220	1.70e-36	147
JX556690/AstV2-US-IA122/USA/2011-06-23/Sus-scrofa/Mammalia_2103:2153:2203	JF713710/NA/USA/2010/Sus-scrofa/Mammalia	92.000	100	8	0	1	100	2052	2151	2.20e-35	143
JX556690/AstV2-US-IA122/USA/2011-06-23/Sus-scrofa/Mammalia_2103:2153:2203	NC_023674/NA/USA/2010/Sus-scrofa/Mammalia	92.000	100	8	0	1	100	2052	2151	2.20e-35	143
JX556690/AstV2-US-IA122/USA/2011-06-23/Sus-scrofa/Mammalia_2103:2153:2203	LC900382/PoAstV-2-wt-Pig-Japan-HgYa-1-2018/JPN/2018-06-27/Sus-scrofa/Mammalia	92.000	100	8	0	1	100	2223	2322	2.20e-35	143
JX556690/AstV2-US-IA122/USA/2011-06-23/Sus-scrofa/Mammalia_2103:2153:2203	ON714996/SP-VC36/ESP/2017-08-04/Sus-scrofa/Mammalia	91.000	100	9	0	1	100	2103	2202	1.02e-33	137
JX556690/AstV2-US-IA122/USA/2011-06-23/Sus-scrofa/Mammalia_2103:2153:2203	PP871726/astro_vt_8/VNM/2015-04-01_2016-12-12/Sus-scrofa/Mammalia	91.000	100	9	0	1	100	2112	2211	1.02e-33	137
JX556690/AstV2-US-IA122/USA/2011-06-23/Sus-scrofa/Mammalia_2103:2153:2203	MW784081/227-2671/CHN/NA/NA/NA	90.909	99	9	0	2	100	2107	2205	3.68e-33	135
JX556690/AstV2-US-IA122/USA/2011-06-23/Sus-scrofa/Mammalia_2103:2153:2203	LC201586/NA/JPN/2015/Sus-scrofa/Mammalia	90.099	101	8	2	1	100	2100	2199	4.76e-32	132
JX556690/AstV2-US-IA122/USA/2011-06-23/Sus-scrofa/Mammalia_2103:2153:2203	ON714997/SP-VC9/ESP/2017-01-25/Sus-scrofa/Mammalia	90.000	100	10	0	1	100	2103	2202	4.76e-32	132
JX556690/AstV2-US-IA122/USA/2011-06-23/Sus-scrofa/Mammalia_2103:2153:2203	LC900420/PoAstV-2-wt-Pig-Japan-Hira-4-2021/JPN/2021-05-18/Sus-scrofa/Mammalia	90.099	101	8	2	1	100	2049	2148	4.76e-32	132
JX556690/AstV2-US-IA122/USA/2011-06-23/Sus-scrofa/Mammalia_2103:2153:2203	LC900469/PoAstV-2-wt-Pig-Japan-G-HTsuji-3-2022/JPN/2022-07-13/Sus-scrofa/Mammalia	90.000	100	10	0	1	100	2082	2181	4.76e-32	132
JX556690/AstV2-US-IA122/USA/2011-06-23/Sus-scrofa/Mammalia_2103:2153:2203	LC900470/PoAstV-2-wt-Pig-Japan-G-HTuji-5-2022/JPN/2022-07-13/Sus-scrofa/Mammalia	90.000	100	10	0	1	100	2082	2181	4.76e-32	132
JX556690/AstV2-US-IA122/USA/2011-06-23/Sus-scrofa/Mammalia_2103:2153:2203	LC900389/PoAstV-2-wt-Pig-Japan-HgOg-13-2018/JPN/2018-06-27/Sus-scrofa/Mammalia	89.691	97	10	0	1	97	2118	2214	2.21e-30	126
JX556690/AstV2-US-IA122/USA/2011-06-23/Sus-scrofa/Mammalia_2201:2298:2301	JX556690/AstV2-US-IA122/USA/2011-06-23/Sus-scrofa/Mammalia	100.000	101	0	0	1	101	2201	2301	1.31e-47	183
JX556690/AstV2-US-IA122/USA/2011-06-23/Sus-scrofa/Mammalia_2201:2298:2301	JF713710/NA/USA/2010/Sus-scrofa/Mammalia	98.020	101	2	0	1	101	2150	2250	6.10e-46	178
JX556690/AstV2-US-IA122/USA/2011-06-23/Sus-scrofa/Mammalia_2201:2298:2301	NC_023674/NA/USA/2010/Sus-scrofa/Mammalia	98.020	101	2	0	1	101	2150	2250	6.10e-46	178
JX556690/AstV2-US-IA122/USA/2011-06-23/Sus-scrofa/Mammalia_2201:2298:2301	MZ819165/PoAstV2-Swine-CHI-CF2673-2017/CHL/2017/Sus-scrofa/Mammalia	96.040	101	4	0	1	101	2210	2310	1.32e-42	167
JX556690/AstV2-US-IA122/USA/2011-06-23/Sus-scrofa/Mammalia_2201:2298:2301	OL695853/AH2-3/CHN/2021/Sus-scrofa/Mammalia	96.040	101	4	0	1	101	2219	2319	1.32e-42	167
JX556690/AstV2-US-IA122/USA/2011-06-23/Sus-scrofa/Mammalia_2201:2298:2301	PV539770/PAstV2-NMG-2025/CHN/2025-02-18/Sus-scrofa/Mammalia	96.040	101	4	0	1	101	2279	2379	1.32e-42	167
JX556690/AstV2-US-IA122/USA/2011-06-23/Sus-scrofa/Mammalia_2201:2298:2301	LC900392/PoAstV-2-wt-Pig-Japan-MoI-22-2018/JPN/2018-06-27/Sus-scrofa/Mammalia	96.040	101	4	0	1	101	2216	2316	1.32e-42	167
JX556690/AstV2-US-IA122/USA/2011-06-23/Sus-scrofa/Mammalia_2201:2298:2301	LC900473/PoAstV-2-wt-Pig-Japan-G-Nii-6-2022/JPN/2022-08-04/Sus-scrofa/Mammalia	96.040	101	4	0	1	101	2153	2253	1.32e-42	167
JX556690/AstV2-US-IA122/USA/2011-06-23/Sus-scrofa/Mammalia_2201:2298:2301	KY940077/U083/UGA/2012-11/Sus-scrofa/Mammalia	96.000	100	4	0	2	101	2226	2325	4.75e-42	165
JX556690/AstV2-US-IA122/USA/2011-06-23/Sus-scrofa/Mammalia_2201:2298:2301	KJ495986/NA/USA/2012/Sus-scrofa/Mammalia	95.050	101	5	0	1	101	2147	2247	6.14e-41	161
JX556690/AstV2-US-IA122/USA/2011-06-23/Sus-scrofa/Mammalia_2201:2298:2301	LC201586/NA/JPN/2015/Sus-scrofa/Mammalia	95.050	101	5	0	1	101	2198	2298	6.14e-41	161
JX556690/AstV2-US-IA122/USA/2011-06-23/Sus-scrofa/Mammalia_2201:2298:2301	PP871737/astro_vt_19/VNM/2015-01-27_2016-02-25/Sus-scrofa/Mammalia	95.050	101	5	0	1	101	2213	2313	6.14e-41	161
JX556690/AstV2-US-IA122/USA/2011-06-23/Sus-scrofa/Mammalia_2201:2298:2301	PX137014/PAstV2-AHCZ10-2-2022/CHN/2022-07-12/Sus-scrofa/Mammalia	95.050	101	5	0	1	101	2282	2382	6.14e-41	161
JX556690/AstV2-US-IA122/USA/2011-06-23/Sus-scrofa/Mammalia_2201:2298:2301	PX137015/PAstV2-AHFW4-2023/CHN/2023-11-10/Sus-scrofa/Mammalia	95.050	101	5	0	1	101	2282	2382	6.14e-41	161
JX556690/AstV2-US-IA122/USA/2011-06-23/Sus-scrofa/Mammalia_2201:2298:2301	PX137016/PAstV2-AHFW5-2023/CHN/2023-11-10/Sus-scrofa/Mammalia	95.050	101	5	0	1	101	2204	2304	6.14e-41	161
JX556690/AstV2-US-IA122/USA/2011-06-23/Sus-scrofa/Mammalia_2201:2298:2301	LC900424/PoAstV-2-wt-Pig-Japan-TPF-1-2021/JPN/2021-05-21/Sus-scrofa/Mammalia	95.050	101	5	0	1	101	2156	2256	6.14e-41	161
JX556690/AstV2-US-IA122/USA/2011-06-23/Sus-scrofa/Mammalia_2201:2298:2301	LC900427/PoAstV-2-wt-Pig-Japan-TPF-2-2021/JPN/2021-05-21/Sus-scrofa/Mammalia	95.050	101	5	0	1	101	2156	2256	6.14e-41	161
JX556690/AstV2-US-IA122/USA/2011-06-23/Sus-scrofa/Mammalia_2201:2298:2301	LC900431/PoAstV-2-wt-Pig-Japan-TPF-3-2021/JPN/2021-05-21/Sus-scrofa/Mammalia	95.050	101	5	0	1	101	2156	2256	6.14e-41	161
JX556690/AstV2-US-IA122/USA/2011-06-23/Sus-scrofa/Mammalia_2201:2298:2301	LC900436/PoAstV-2-wt-Pig-Japan-TPF-10-2021/JPN/2021-05-21/Sus-scrofa/Mammalia	95.050	101	5	0	1	101	2156	2256	6.14e-41	161
JX556690/AstV2-US-IA122/USA/2011-06-23/Sus-scrofa/Mammalia_2201:2298:2301	LC201588/NA/JPN/2015/Sus-scrofa/Mammalia	94.059	101	6	0	1	101	2204	2304	2.86e-39	156
JX556690/AstV2-US-IA122/USA/2011-06-23/Sus-scrofa/Mammalia_2201:2298:2301	MZ357117/Rpf011AstV01-5/CHN/2020-05/Ailurus-fulgens/Mammalia	94.059	101	6	0	1	101	2204	2304	2.86e-39	156
JX556690/AstV2-US-IA122/USA/2011-06-23/Sus-scrofa/Mammalia_2201:2298:2301	PX137018/PAstV2-LNBP7-2022/CHN/2022-12-01/Sus-scrofa/Mammalia	94.059	101	6	0	1	101	2204	2304	2.86e-39	156
JX556690/AstV2-US-IA122/USA/2011-06-23/Sus-scrofa/Mammalia_2201:2298:2301	LC900394/PoAstV-2-wt-Pig-Japan-MoI-23-2018/JPN/2018-06-27/Sus-scrofa/Mammalia	94.059	101	6	0	1	101	2276	2376	2.86e-39	156
JX556690/AstV2-US-IA122/USA/2011-06-23/Sus-scrofa/Mammalia_2201:2298:2301	LC900452/PoAstV-2-wt-Pig-Japan-G-Fuku-2-2022/JPN/2022-06-03/Sus-scrofa/Mammalia	94.059	101	6	0	1	101	2156	2256	2.86e-39	156
JX556690/AstV2-US-IA122/USA/2011-06-23/Sus-scrofa/Mammalia_2201:2298:2301	LC900469/PoAstV-2-wt-Pig-Japan-G-HTsuji-3-2022/JPN/2022-07-13/Sus-scrofa/Mammalia	94.059	101	6	0	1	101	2180	2280	2.86e-39	156
JX556690/AstV2-US-IA122/USA/2011-06-23/Sus-scrofa/Mammalia_2201:2298:2301	LC900470/PoAstV-2-wt-Pig-Japan-G-HTuji-5-2022/JPN/2022-07-13/Sus-scrofa/Mammalia	94.059	101	6	0	1	101	2180	2280	2.86e-39	156
JX556690/AstV2-US-IA122/USA/2011-06-23/Sus-scrofa/Mammalia_2201:2298:2301	LC201587/NA/JPN/2015/Sus-scrofa/Mammalia	93.069	101	7	0	1	101	2228	2328	1.33e-37	150
JX556690/AstV2-US-IA122/USA/2011-06-23/Sus-scrofa/Mammalia_2201:2298:2301	LC201589/NA/JPN/2015/Sus-scrofa/Mammalia	93.069	101	7	0	1	101	2216	2316	1.33e-37	150
JX556690/AstV2-US-IA122/USA/2011-06-23/Sus-scrofa/Mammalia_2201:2298:2301	LC900382/PoAstV-2-wt-Pig-Japan-HgYa-1-2018/JPN/2018-06-27/Sus-scrofa/Mammalia	93.069	101	7	0	1	101	2321	2421	1.33e-37	150
JX556690/AstV2-US-IA122/USA/2011-06-23/Sus-scrofa/Mammalia_2201:2298:2301	LC900385/PoAstV-2-wt-Pig-Japan-HgOg-11-2018/JPN/2018-06-27/Sus-scrofa/Mammalia	93.069	101	7	0	1	101	2276	2376	1.33e-37	150
Y15936/NA/NA/NA/Meleagris-gallopavo/Aves_1141:1191:1241	Y15936/NA/NA/NA/Meleagris-gallopavo/Aves	100.000	100	0	0	1	100	1141	1240	4.66e-47	182
Y15936/NA/NA/NA/Meleagris-gallopavo/Aves_1141:1191:1241	NC_002470/provided-by-Dr.-Y.M.-Saif--Ohio-State-University/NA/NA/Meleagris-gallopavo/Aves	100.000	100	0	0	1	100	1141	1240	4.66e-47	182
Y15936/NA/NA/NA/Meleagris-gallopavo/Aves_1717:1767:1817	Y15936/NA/NA/NA/Meleagris-gallopavo/Aves	100.000	100	0	0	1	100	1717	1816	4.66e-47	182
Y15936/NA/NA/NA/Meleagris-gallopavo/Aves_1717:1767:1817	NC_002470/provided-by-Dr.-Y.M.-Saif--Ohio-State-University/NA/NA/Meleagris-gallopavo/Aves	100.000	100	0	0	1	100	1717	1816	4.66e-47	182
JF832365/4175/USA/2006-11/Gallus-gallus/Aves_1267:1317:1367	JF832365/4175/USA/2006-11/Gallus-gallus/Aves	100.000	100	0	0	1	100	1267	1366	4.66e-47	182
JF832365/4175/USA/2006-11/Gallus-gallus/Aves_1267:1317:1367	JF414802/GA2011/USA/2007-08/Gallus-gallus/Aves	98.000	100	2	0	1	100	1303	1402	2.17e-45	176
JF832365/4175/USA/2006-11/Gallus-gallus/Aves_1267:1317:1367	OM469245/CAstV-PB23-SI7-Switzerland-2019/LAO/2019/Gallus-gallus/Aves	87.129	101	11	2	1	100	1303	1402	1.72e-26	113
JF832365/4175/USA/2006-11/Gallus-gallus/Aves_1267:1317:1367	MW846319/CAstV-Chicken-CHN-2020-GD202013/CHN/2020/Gallus-gallus/Aves	87.368	95	12	0	1	95	1303	1397	6.20e-26	111
JF832365/4175/USA/2006-11/Gallus-gallus/Aves_1267:1317:1367	OL874469/CAstV-WSC-Gallus-gallus-20191117-WSC/CHN/2019-11/Gallus-gallus/Aves	87.368	95	12	0	1	95	1303	1397	6.20e-26	111
JF832365/4175/USA/2006-11/Gallus-gallus/Aves_1267:1317:1367	OM469244/CAstV-PB55-SI14-Switzerland-2019/LAO/2019/Gallus-gallus/Aves	86.139	101	12	2	1	100	1303	1402	8.02e-25	108
JF713713/NA/USA/2010/Sus-scrofa/Mammalia_2030:2080:2130	JF713713/NA/USA/2010/Sus-scrofa/Mammalia	100.000	100	0	0	1	100	2030	2129	4.66e-47	182
JF713713/NA/USA/2010/Sus-scrofa/Mammalia_2030:2080:2130	NC_023675/NA/USA/2010/Sus-scrofa/Mammalia	100.000	100	0	0	1	100	2030	2129	4.66e-47	182
JF713713/NA/USA/2010/Sus-scrofa/Mammalia_2030:2080:2130	JX556692/AstV4-US-IL135/USA/2011-06-27/Sus-scrofa/Mammalia	92.135	89	5	2	3	90	2032	2119	2.21e-30	126
