PV093020/NA/CHN/2023-01-01/Neogale-vison/Mammalia	PV093020/NA/CHN/2023-01-01/Neogale-vison/Mammalia
PV093020/NA/CHN/2023-01-01/Neogale-vison/Mammalia	PV093021/NA/CHN/2023-01-01/Neogale-vison/Mammalia
PV093020/NA/CHN/2023-01-01/Neogale-vison/Mammalia	PV093019/NA/CHN/2023-01-01/Neogale-vison/Mammalia
PV093020/NA/CHN/2023-01-01/Neogale-vison/Mammalia	PV093018/NA/CHN/2023-01-01/Neogale-vison/Mammalia
PV093020/NA/CHN/2023-01-01/Neogale-vison/Mammalia	NC_002470/provided-by-Dr.-Y.M.-Saif--Ohio-State-University/NA/NA/Meleagris-gallopavo/Aves
PV093020/NA/CHN/2023-01-01/Neogale-vison/Mammalia	Y15936/NA/NA/NA/Meleagris-gallopavo/Aves
OQ986606/GEIG/LAO/2021-02_2021-03/NA/NA	OQ986606/GEIG/LAO/2021-02_2021-03/NA/NA
MT137997/cfe153ast02/NA/2018/NA/NA	MT137997/cfe153ast02/NA/2018/NA/NA
MG599905/NA/CHN/NA/NA/NA	MG599905/NA/CHN/NA/NA/NA
PX221760/JLTH_3/CHN/2021/Apodemus-agrarius/Mammalia	PX221760/JLTH_3/CHN/2021/Apodemus-agrarius/Mammalia
PX221760/JLTH_3/CHN/2021/Apodemus-agrarius/Mammalia	PX221757/JLBS_3/CHN/2021/Apodemus-agrarius/Mammalia
PX221760/JLTH_3/CHN/2021/Apodemus-agrarius/Mammalia	PX221756/JLBS_2/CHN/2021/Apodemus-agrarius/Mammalia
OR951021/GX2019_145_83144/CHN/2019/Tylonycteris-pachypus/Mammalia	OR951021/GX2019_145_83144/CHN/2019/Tylonycteris-pachypus/Mammalia
OR951021/GX2019_145_83144/CHN/2019/Tylonycteris-pachypus/Mammalia	OR951023/GX2019_147_245/CHN/2019/Tylonycteris-pachypus/Mammalia
OR951021/GX2019_145_83144/CHN/2019/Tylonycteris-pachypus/Mammalia	OR951022/GX2019_146_20395/CHN/2019/Tylonycteris-pachypus/Mammalia
OQ236128/AstV-SC-L74.18c-2021/CHN/2021-12/Hipposideros-armiger/Mammalia	OQ236128/AstV-SC-L74.18c-2021/CHN/2021-12/Hipposideros-armiger/Mammalia
OQ986605/BOPU/LAO/2021-02_2021-03/NA/NA	OQ986605/BOPU/LAO/2021-02_2021-03/NA/NA
MZ218053/BtAstV-21164-6-A-M.dau-DK-2015/DNK/2015-11/Myotis-daubentonii/Mammalia	MZ218053/BtAstV-21164-6-A-M.dau-DK-2015/DNK/2015-11/Myotis-daubentonii/Mammalia
MZ218053/BtAstV-21164-6-A-M.dau-DK-2015/DNK/2015-11/Myotis-daubentonii/Mammalia	MZ218054/BtAstV-21164-6-B-M.dau-DK-2015/DNK/2015-11/Myotis-daubentonii/Mammalia
MT137995/bun145astnc1/NA/2018/NA/NA	MT137995/bun145astnc1/NA/2018/NA/NA
MG599891/NA/CHN/NA/Lethenteron-camtschaticum/Hyperoartia	MG599891/NA/CHN/NA/Lethenteron-camtschaticum/Hyperoartia
OR951016/YN2020_064_655/CHN/2020/Myotis-chinensis/Mammalia	OR951016/YN2020_064_655/CHN/2020/Myotis-chinensis/Mammalia
PP871808/astro_vt_90/VNM/2015-06-16_2016-04-02/Gallus-gallus/Aves	PP871808/astro_vt_90/VNM/2015-06-16_2016-04-02/Gallus-gallus/Aves
MW588064/NA/GBR/NA/NA/NA	MW588064/NA/GBR/NA/NA/NA
MN832787/BtAstV-13585-58-M.dau-DK-2014/DNK/2014-10/Myotis-daubentonii/Mammalia	MN832787/BtAstV-13585-58-M.dau-DK-2014/DNK/2014-10/Myotis-daubentonii/Mammalia
MT137994/bsk136ast01/NA/2018/NA/NA	MT137994/bsk136ast01/NA/2018/NA/NA
MG599889/NA/CHN/NA/Scoliodon-macrorhynchos/Chondrichthyes	MG599889/NA/CHN/NA/Scoliodon-macrorhynchos/Chondrichthyes
NC_004579/NA/NA/NA/NA/NA	NC_004579/NA/NA/NA/NA/NA
NC_004579/NA/NA/NA/NA/NA	AY179509/NA/NA/NA/NA/NA
NC_004579/NA/NA/NA/NA/NA	OL444939/CHN-2020-1/CHN/2020/Mustela-putorius/Mammalia
KX599353/NA/HUN/2012-05-09/Canis-lupus/Mammalia	KX599353/NA/HUN/2012-05-09/Canis-lupus/Mammalia
KX599353/NA/HUN/2012-05-09/Canis-lupus/Mammalia	KX599351/NA/HUN/2012-04-20/Canis-lupus/Mammalia
KX599353/NA/HUN/2012-05-09/Canis-lupus/Mammalia	KX599349/NA/HUN/2012-01-20/Canis-lupus/Mammalia
KX599353/NA/HUN/2012-05-09/Canis-lupus/Mammalia	PP871815/astro_vt_97/VNM/2015-07-16_2016-09-06/Canis-lupus/Mammalia
KX599353/NA/HUN/2012-05-09/Canis-lupus/Mammalia	PP980344/JBN-23D104/KOR/2023/Canis-lupus/Mammalia
KX599353/NA/HUN/2012-05-09/Canis-lupus/Mammalia	MT894143/PVNRTVU2020/IND/NA/Canis-lupus/Mammalia
KX599353/NA/HUN/2012-05-09/Canis-lupus/Mammalia	ON733251/NA/HUN/2021-07-02/Canis-lupus/Mammalia
KX599353/NA/HUN/2012-05-09/Canis-lupus/Mammalia	MK026166/DF-BC15-CAV-AUS-2017/AUS/2017-11/Canis-lupus/Mammalia
KX599353/NA/HUN/2012-05-09/Canis-lupus/Mammalia	OR220030/G21_TH_2021/LAO/2021/Canis-lupus/Mammalia
KX599353/NA/HUN/2012-05-09/Canis-lupus/Mammalia	OR220029/S76_TH_2021/LAO/2021/Canis-lupus/Mammalia
KX599353/NA/HUN/2012-05-09/Canis-lupus/Mammalia	KX756441/DD1/AUS/2012/Canis-lupus/Mammalia
KX599353/NA/HUN/2012-05-09/Canis-lupus/Mammalia	OR220028/V111_VN_2022/VNM/2022/Canis-lupus/Mammalia
KX599353/NA/HUN/2012-05-09/Canis-lupus/Mammalia	OR220027/V107_VN_2022/VNM/2022/Canis-lupus/Mammalia
KX599353/NA/HUN/2012-05-09/Canis-lupus/Mammalia	OR220026/V98_VN_2022/VNM/2022/Canis-lupus/Mammalia
KX599353/NA/HUN/2012-05-09/Canis-lupus/Mammalia	OR220025/V138_VN_2022/VNM/2022/Canis-lupus/Mammalia
KX599353/NA/HUN/2012-05-09/Canis-lupus/Mammalia	MN882010/NA/CHN/2019-08-08/Canis-lupus/Mammalia
KX599353/NA/HUN/2012-05-09/Canis-lupus/Mammalia	PQ423920/NA/LAO/2023-11/Canis-lupus/Mammalia
KX599353/NA/HUN/2012-05-09/Canis-lupus/Mammalia	OR220024/V196_VN_2022/VNM/2022/Canis-lupus/Mammalia
KX599353/NA/HUN/2012-05-09/Canis-lupus/Mammalia	MN882009/NA/CHN/2019-01-27/Canis-lupus/Mammalia
KX599353/NA/HUN/2012-05-09/Canis-lupus/Mammalia	MF973501/NA/CHN/NA/Canis-lupus/Mammalia
KX599353/NA/HUN/2012-05-09/Canis-lupus/Mammalia	PQ423919/NA/LAO/2023-11/Canis-lupus/Mammalia
KX599353/NA/HUN/2012-05-09/Canis-lupus/Mammalia	OR220023/V194_VN_2022/VNM/2022/Canis-lupus/Mammalia
KX599353/NA/HUN/2012-05-09/Canis-lupus/Mammalia	MN882008/NA/CHN/2018-09-15/Canis-lupus/Mammalia
KX599353/NA/HUN/2012-05-09/Canis-lupus/Mammalia	MF973500/NA/CHN/NA/Canis-lupus/Mammalia
KX599353/NA/HUN/2012-05-09/Canis-lupus/Mammalia	KP404150/NA/GBR/2012-08/NA/NA
KX599353/NA/HUN/2012-05-09/Canis-lupus/Mammalia	PQ423918/NA/LAO/2023-10/Canis-lupus/Mammalia
KX599353/NA/HUN/2012-05-09/Canis-lupus/Mammalia	OR220022/V91_VN_2022/VNM/2022/Canis-lupus/Mammalia
KX599353/NA/HUN/2012-05-09/Canis-lupus/Mammalia	MN882007/NA/CHN/2018-03-27/Canis-lupus/Mammalia
KX599353/NA/HUN/2012-05-09/Canis-lupus/Mammalia	KP404149/NA/GBR/2012-08/NA/NA
KX599353/NA/HUN/2012-05-09/Canis-lupus/Mammalia	PV730103/PLKT01/CHN/2024/Canis-lupus/Mammalia
KX599353/NA/HUN/2012-05-09/Canis-lupus/Mammalia	PV418556/CaAstV-Dog-AUS-huntervalley_7-2022/AUS/2022-08/Canis-lupus/Mammalia
KX599353/NA/HUN/2012-05-09/Canis-lupus/Mammalia	PQ423917/NA/LAO/2023-10/Canis-lupus/Mammalia
KX599353/NA/HUN/2012-05-09/Canis-lupus/Mammalia	MN882006/NA/CHN/2019-01-11/Canis-lupus/Mammalia
KX599353/NA/HUN/2012-05-09/Canis-lupus/Mammalia	PV418555/CaAstV-Dog-AUS-huntervalley_6-2022/AUS/2022-08/Canis-lupus/Mammalia
KX599353/NA/HUN/2012-05-09/Canis-lupus/Mammalia	PQ423916/NA/LAO/2023-06/Canis-lupus/Mammalia
KX599353/NA/HUN/2012-05-09/Canis-lupus/Mammalia	MN882005/NA/CHN/2019-04-23/Canis-lupus/Mammalia
KX599353/NA/HUN/2012-05-09/Canis-lupus/Mammalia	PV418554/CaAstV-Dog-AUS-huntervalley_3-2022/AUS/2022-08/Canis-lupus/Mammalia
KX599353/NA/HUN/2012-05-09/Canis-lupus/Mammalia	PQ423915/NA/LAO/2023-04/Canis-lupus/Mammalia
KX599353/NA/HUN/2012-05-09/Canis-lupus/Mammalia	MN882004/NA/CHN/2019-07-09/Canis-lupus/Mammalia
KX599353/NA/HUN/2012-05-09/Canis-lupus/Mammalia	PV418553/CaAstV-Dog-AUS-centralwest_6-2022/AUS/2022-06/Canis-lupus/Mammalia
KX599353/NA/HUN/2012-05-09/Canis-lupus/Mammalia	PQ423914/NA/LAO/2023-03/Canis-lupus/Mammalia
KX599353/NA/HUN/2012-05-09/Canis-lupus/Mammalia	OP093958/PK01/BRA/2019/Canis-lupus/Mammalia
KX599353/NA/HUN/2012-05-09/Canis-lupus/Mammalia	MN882003/NA/CHN/2019-05-14/Canis-lupus/Mammalia
KX599353/NA/HUN/2012-05-09/Canis-lupus/Mammalia	PQ423913/NA/LAO/2022-10/Canis-lupus/Mammalia
KX599353/NA/HUN/2012-05-09/Canis-lupus/Mammalia	OP093957/PK03/BRA/2019/Canis-lupus/Mammalia
KX599353/NA/HUN/2012-05-09/Canis-lupus/Mammalia	MN882002/NA/CHN/2019-01-27/Canis-lupus/Mammalia
KX599353/NA/HUN/2012-05-09/Canis-lupus/Mammalia	PQ423912/NA/LAO/2022-10/Canis-lupus/Mammalia
KX599353/NA/HUN/2012-05-09/Canis-lupus/Mammalia	MN882001/NA/CHN/2019-01-27/Canis-lupus/Mammalia
KX599353/NA/HUN/2012-05-09/Canis-lupus/Mammalia	PQ423911/NA/LAO/2022-10/Canis-lupus/Mammalia
KX599353/NA/HUN/2012-05-09/Canis-lupus/Mammalia	MN882000/NA/CHN/2019-06-25/Canis-lupus/Mammalia
KX599353/NA/HUN/2012-05-09/Canis-lupus/Mammalia	KX599350/NA/HUN/2012-02-03/Canis-lupus/Mammalia
KX599353/NA/HUN/2012-05-09/Canis-lupus/Mammalia	MN881999/NA/CHN/2019-06-22/Canis-lupus/Mammalia
KX599353/NA/HUN/2012-05-09/Canis-lupus/Mammalia	MT078248/MN2-USA-2017/USA/2017/Canis-lupus/Mammalia
KX599353/NA/HUN/2012-05-09/Canis-lupus/Mammalia	MT078247/MN1-USA-ORF-2017/USA/2017/Canis-lupus/Mammalia
KX599353/NA/HUN/2012-05-09/Canis-lupus/Mammalia	NC_026814/NA/GBR/2012-08/NA/NA
KX599353/NA/HUN/2012-05-09/Canis-lupus/Mammalia	KY765684/NA/BRA/2015-09/Cerdocyon-thous/Mammalia
KX599353/NA/HUN/2012-05-09/Canis-lupus/Mammalia	PP980350/JBN-22D67/KOR/2022/Canis-lupus/Mammalia
OQ236124/AstV-CQ-L76.18d-2021/CHN/2021-12/Hipposideros-armiger/Mammalia	OQ236124/AstV-CQ-L76.18d-2021/CHN/2021-12/Hipposideros-armiger/Mammalia
OQ236124/AstV-CQ-L76.18d-2021/CHN/2021-12/Hipposideros-armiger/Mammalia	OQ236129/AstV-SC-L74.18d-2021/CHN/2021-12/Hipposideros-armiger/Mammalia
MT137993/brb026ast1/NA/2018/NA/NA	MT137993/brb026ast1/NA/2018/NA/NA
KT946734/HK-1998F/HKG/NA/Rattus-andamanensis/Mammalia	KT946734/HK-1998F/HKG/NA/Rattus-andamanensis/Mammalia
KT946734/HK-1998F/HKG/NA/Rattus-andamanensis/Mammalia	PV351774/HN_K12f_6/CHN/2024-06-20/Suncus-murinus/Mammalia
KT946734/HK-1998F/HKG/NA/Rattus-andamanensis/Mammalia	PV351770/HN_K2f_471/CHN/2024-06-20/Suncus-murinus/Mammalia
KT946734/HK-1998F/HKG/NA/Rattus-andamanensis/Mammalia	PQ678009/ZTYJ-YNSC199/CHN/2022/Rattus-tanezumi/Mammalia
KT946734/HK-1998F/HKG/NA/Rattus-andamanensis/Mammalia	OQ802726/WZ_Ra.norvegicus_astro_2/CHN/2016_2017/Rattus-norvegicus/Mammalia
KT946734/HK-1998F/HKG/NA/Rattus-andamanensis/Mammalia	MW149253/NA/HUN/2017/Rattus-norvegicus/Mammalia
KT946734/HK-1998F/HKG/NA/Rattus-andamanensis/Mammalia	MT549859/CHN-148/CHN/2016/Rattus-norvegicus/Mammalia
KT946734/HK-1998F/HKG/NA/Rattus-andamanensis/Mammalia	MT549858/CHN-147/CHN/2016/Rattus-norvegicus/Mammalia
KT946734/HK-1998F/HKG/NA/Rattus-andamanensis/Mammalia	KT946733/HK-1893F/HKG/NA/Rattus-andamanensis/Mammalia
KT946734/HK-1998F/HKG/NA/Rattus-andamanensis/Mammalia	KT946732/HK-1797F/HKG/NA/Rattus-andamanensis/Mammalia
KT946734/HK-1998F/HKG/NA/Rattus-andamanensis/Mammalia	PV979748/Rhabdo_Mix_4_123_Astrovirus_shrew_240620/CHN/2024-06-20/Suncus-murinus/Mammalia
JX857869/VA4-human-Nepal-S5363-2008/NPL/2008/Homo-sapiens/Mammalia	JX857869/VA4-human-Nepal-S5363-2008/NPL/2008/Homo-sapiens/Mammalia
JX857869/VA4-human-Nepal-S5363-2008/NPL/2008/Homo-sapiens/Mammalia	NC_019027/VA4-human-Nepal-S5363-2008/NPL/2008/Homo-sapiens/Mammalia
PX236817/M22/LAO/2021/Trichosurus-vulpecula/Mammalia	PX236817/M22/LAO/2021/Trichosurus-vulpecula/Mammalia
PX236817/M22/LAO/2021/Trichosurus-vulpecula/Mammalia	PX236818/M23/LAO/2021/Trichosurus-vulpecula/Mammalia
MW826416/XZS01/CHN/2018-04/Rattus-norvegicus/Mammalia	MW826416/XZS01/CHN/2018-04/Rattus-norvegicus/Mammalia
PQ541178/Mu.-setulosus_astro/SLE/2023/Mus-setulosus/Mammalia	PQ541178/Mu.-setulosus_astro/SLE/2023/Mus-setulosus/Mammalia
MW588062/NA/GBR/NA/NA/NA	MW588062/NA/GBR/NA/NA/NA
MW588062/NA/GBR/NA/NA/NA	MW588063/NA/GBR/NA/NA/NA
OQ236123/AstV-CQ-L76.18c-2021/CHN/2021-12/Hipposideros-armiger/Mammalia	OQ236123/AstV-CQ-L76.18c-2021/CHN/2021-12/Hipposideros-armiger/Mammalia
OR711901/YNKm72022/CHN/2022-07/Rattus-norvegicus/Mammalia	OR711901/YNKm72022/CHN/2022-07/Rattus-norvegicus/Mammalia
OR711901/YNKm72022/CHN/2022-07/Rattus-norvegicus/Mammalia	PQ678011/CXCX-YNSC36/CHN/2021/Rattus-norvegicus/Mammalia
MT506231/RoAstV-CHN-S3/CHN/2016-12/Rattus-norvegicus/Mammalia	MT506231/RoAstV-CHN-S3/CHN/2016-12/Rattus-norvegicus/Mammalia
MG599884/NA/CHN/NA/NA/NA	MG599884/NA/CHN/NA/NA/NA
NC_033821/HHMAstV2/CHN/2013_2014/Marmota-himalayana/Mammalia	NC_033821/HHMAstV2/CHN/2013_2014/Marmota-himalayana/Mammalia
NC_033821/HHMAstV2/CHN/2013_2014/Marmota-himalayana/Mammalia	KY855437/NA/CHN/2013/Marmota-himalayana/Mammalia
NC_033821/HHMAstV2/CHN/2013_2014/Marmota-himalayana/Mammalia	KY024238/HHMAstV2/CHN/2013_2014/Marmota-himalayana/Mammalia
KM017741/FAstV-D1/USA/2013-10/Felis-catus/Mammalia	KM017741/FAstV-D1/USA/2013-10/Felis-catus/Mammalia
KM017741/FAstV-D1/USA/2013-10/Felis-catus/Mammalia	MZ357116/Rpin315AstV01-12/CHN/2019-10-31/Ailurus-fulgens/Mammalia
KM017741/FAstV-D1/USA/2013-10/Felis-catus/Mammalia	MW037840/NA/AUS/2017-05/Felis-catus/Mammalia
KM017741/FAstV-D1/USA/2013-10/Felis-catus/Mammalia	NC_024701/FAstV-D1/USA/2013-10/Felis-catus/Mammalia
JX857868/VA3-human-Vellore-28054-2005/IND/2005/Homo-sapiens/Mammalia	JX857868/VA3-human-Vellore-28054-2005/IND/2005/Homo-sapiens/Mammalia
JX857868/VA3-human-Vellore-28054-2005/IND/2005/Homo-sapiens/Mammalia	NC_019026/VA3-human-Vellore-28054-2005/IND/2005/Homo-sapiens/Mammalia
PX095800/DL-P.nayaur-Mav-1/CHN/2023/Pseudois-nayaur/Mammalia	PX095800/DL-P.nayaur-Mav-1/CHN/2023/Pseudois-nayaur/Mammalia
PQ541155/Lo.-chrysopus_astro/SLE/2023/Lophuromys-chrysopus/Mammalia	PQ541155/Lo.-chrysopus_astro/SLE/2023/Lophuromys-chrysopus/Mammalia
OR613304/MSJDC22-9044/CHN/2022/Miniopterus-schreibersii/Mammalia	OR613304/MSJDC22-9044/CHN/2022/Miniopterus-schreibersii/Mammalia
MT137991/bbr144ast1/NA/2018/NA/NA	MT137991/bbr144ast1/NA/2018/NA/NA
MG599936/NA/CHN/NA/Hemitriakis-japanica/Chondrichthyes	MG599936/NA/CHN/NA/Hemitriakis-japanica/Chondrichthyes
PX095749/SQ-N.fuscus-Mav-4/CHN/2023/Neodon-fuscus/Mammalia	PX095749/SQ-N.fuscus-Mav-4/CHN/2023/Neodon-fuscus/Mammalia
PX095749/SQ-N.fuscus-Mav-4/CHN/2023/Neodon-fuscus/Mammalia	PQ792554/Svole195_astro1/CHN/2023/Neodon-fuscus/Mammalia
PX095749/SQ-N.fuscus-Mav-4/CHN/2023/Neodon-fuscus/Mammalia	PQ791985/Hvole035_astro1/CHN/2023/Neodon-fuscus/Mammalia
OQ236121/AstV-CQ-L76.18a-2021/CHN/2021-12/Hipposideros-armiger/Mammalia	OQ236121/AstV-CQ-L76.18a-2021/CHN/2021-12/Hipposideros-armiger/Mammalia
OQ236121/AstV-CQ-L76.18a-2021/CHN/2021-12/Hipposideros-armiger/Mammalia	OQ236126/AstV-SC-L74.18a-2021/CHN/2021-12/Hipposideros-armiger/Mammalia
OQ236121/AstV-CQ-L76.18a-2021/CHN/2021-12/Hipposideros-armiger/Mammalia	OQ236122/AstV-CQ-L76.18b-2021/CHN/2021-12/Hipposideros-armiger/Mammalia
OR924090/NA/CHN/2021-11-09/Anser-anser/Aves	OR924090/NA/CHN/2021-11-09/Anser-anser/Aves
OR924090/NA/CHN/2021-11-09/Anser-anser/Aves	OR902760/NA/CHN/2023-03-20/Anser-anser/Aves
OR924090/NA/CHN/2021-11-09/Anser-anser/Aves	OR902759/NA/CHN/2023-05-20/Anser-anser/Aves
OR924090/NA/CHN/2021-11-09/Anser-anser/Aves	JX624774/NA/CHN/NA/Anas-platyrhynchos/Aves
OR924090/NA/CHN/2021-11-09/Anser-anser/Aves	OR924092/NA/CHN/2021-11-02/Anas-platyrhynchos/Aves
OR924090/NA/CHN/2021-11-09/Anser-anser/Aves	OR924091/NA/CHN/2021-03-24/Anser-anser/Aves
OR613303/MSJDC22-12649/CHN/2022/Miniopterus-schreibersii/Mammalia	OR613303/MSJDC22-12649/CHN/2022/Miniopterus-schreibersii/Mammalia
OR613303/MSJDC22-12649/CHN/2022/Miniopterus-schreibersii/Mammalia	OR951082/Pool-313/CHN/2020/NA/Mammalia
OR613303/MSJDC22-12649/CHN/2022/Miniopterus-schreibersii/Mammalia	OQ802698/JM_Mi.schreibersii_astro_1/CHN/2016_2017/Miniopterus-schreibersii/Mammalia
OP094602/B80F05/CHN/2019-03/Rhizomys-pruinosus/Mammalia	OP094602/B80F05/CHN/2019-03/Rhizomys-pruinosus/Mammalia
ON624260/NA/CHN/2021/Bos-taurus/Mammalia	ON624260/NA/CHN/2021/Bos-taurus/Mammalia
ON624260/NA/CHN/2021/Bos-taurus/Mammalia	MW810339/NA/NA/2018/Bos-taurus/Mammalia
ON624260/NA/CHN/2021/Bos-taurus/Mammalia	ON624271/NA/CHN/2021/Bos-taurus/Mammalia
ON624260/NA/CHN/2021/Bos-taurus/Mammalia	ON624263/NA/CHN/2021/Bos-taurus/Mammalia
MT499772/NA/CHN/2019-08-06/Bubalus-bubalis/Mammalia	MT499772/NA/CHN/2019-08-06/Bubalus-bubalis/Mammalia
MG599933/NA/CHN/NA/Calotes-versicolor/Lepidosauria	MG599933/NA/CHN/NA/Calotes-versicolor/Lepidosauria
PX113253/QXDL-78513/CHN/2023/Camelus-bactrianus/Mammalia	PX113253/QXDL-78513/CHN/2023/Camelus-bactrianus/Mammalia
PQ220257/ASTV-1/CHN/2020-12/Anser-indicus/Aves	PQ220257/ASTV-1/CHN/2020-12/Anser-indicus/Aves
PQ220257/ASTV-1/CHN/2020-12/Anser-indicus/Aves	PV793826/AstroviridaeCranefe67/CHN/2024-01/Leucogeranus-leucogeranus/Aves
OP272633/AH33-3/CHN/2021/Anser-anser/Aves	OP272633/AH33-3/CHN/2021/Anser-anser/Aves
MG599932/NA/CHN/NA/Polypedates-megacephalus/Amphibia	MG599932/NA/CHN/NA/Polypedates-megacephalus/Amphibia
NC_027426/NA/HUN/2011-07/Coracias-garrulus/Aves	NC_027426/NA/HUN/2011-07/Coracias-garrulus/Aves
NC_027426/NA/HUN/2011-07/Coracias-garrulus/Aves	KP663426/NA/HUN/2011-07/Coracias-garrulus/Aves
Y15937/provided-by-Dr.-D.R.-Snodgrass--Moredun-Research-Institute--Edinburgh/NA/NA/Ovis-aries/Mammalia	Y15937/provided-by-Dr.-D.R.-Snodgrass--Moredun-Research-Institute--Edinburgh/NA/NA/Ovis-aries/Mammalia
Y15937/provided-by-Dr.-D.R.-Snodgrass--Moredun-Research-Institute--Edinburgh/NA/NA/Ovis-aries/Mammalia	NC_002469/provided-by-Dr.-D.R.-Snodgrass--Moredun-Research-Institute--Edinburgh/NA/NA/Ovis-aries/Mammalia
Y15937/provided-by-Dr.-D.R.-Snodgrass--Moredun-Research-Institute--Edinburgh/NA/NA/Ovis-aries/Mammalia	MK211323/NA/LAO/1982-01/NA/Mammalia
PP871721/astro_vt_3/VNM/2014-05-29_2016-07-14/Sus-scrofa/Mammalia	PP871721/astro_vt_3/VNM/2014-05-29_2016-07-14/Sus-scrofa/Mammalia
PP871721/astro_vt_3/VNM/2014-05-29_2016-07-14/Sus-scrofa/Mammalia	PP871787/astro_vt_69/VNM/2015-01-27_2016-02-25/Sus-scrofa/Mammalia
PP871721/astro_vt_3/VNM/2014-05-29_2016-07-14/Sus-scrofa/Mammalia	LC900359/PoAstV-4-wt-Wild_Boar-Japan-Toya-3-2023/JPN/2023-06-30/Sus-scrofa/Mammalia
PP871721/astro_vt_3/VNM/2014-05-29_2016-07-14/Sus-scrofa/Mammalia	MW784084/228-114947/CHN/NA/NA/NA
PP871721/astro_vt_3/VNM/2014-05-29_2016-07-14/Sus-scrofa/Mammalia	MW784102/R67-15434/CHN/NA/NA/NA
PP871721/astro_vt_3/VNM/2014-05-29_2016-07-14/Sus-scrofa/Mammalia	KY940075/K451/KEN/2012-08/Sus-scrofa/Mammalia
PP871721/astro_vt_3/VNM/2014-05-29_2016-07-14/Sus-scrofa/Mammalia	MW504570/15211_AST_len_6632_cov_111.322335/USA/2018-07-18/Sus-scrofa/Mammalia
PP871721/astro_vt_3/VNM/2014-05-29_2016-07-14/Sus-scrofa/Mammalia	PP871745/astro_vt_27/VNM/2014-05-29_2016-07-14/Sus-scrofa/Mammalia
PP871721/astro_vt_3/VNM/2014-05-29_2016-07-14/Sus-scrofa/Mammalia	LC900363/PoAstV-4-wt-Wild_Boar-Japan-Noto-6-2023/JPN/2023-07-13/Sus-scrofa/Mammalia
PP871721/astro_vt_3/VNM/2014-05-29_2016-07-14/Sus-scrofa/Mammalia	PP871788/astro_vt_70/VNM/2014-08-31_2016-09-22/Sus-scrofa/Mammalia
PQ805453/GX-DA-2024/CHN/2024/Capra-hircus/Mammalia	PQ805453/GX-DA-2024/CHN/2024/Capra-hircus/Mammalia
PQ805453/GX-DA-2024/CHN/2024/Capra-hircus/Mammalia	PP571882/GX-HC-2023/CHN/2023/Capra-hircus/Mammalia
PQ805453/GX-DA-2024/CHN/2024/Capra-hircus/Mammalia	OK107512/NA/CHN/2020/Capra-hircus/Mammalia
PQ805453/GX-DA-2024/CHN/2024/Capra-hircus/Mammalia	MW784098/302R-449000/CHN/NA/NA/NA
PQ805453/GX-DA-2024/CHN/2024/Capra-hircus/Mammalia	MK404646/NA/LAO/2017/Capra-hircus/Mammalia
MW249010/DesRot-Peru-AYA14_F_DrAstV/PER/2016/Desmodus-rotundus/Mammalia	MW249010/DesRot-Peru-AYA14_F_DrAstV/PER/2016/Desmodus-rotundus/Mammalia
MN920671/ytb089ast01/CHN/2018/NA/NA	MN920671/ytb089ast01/CHN/2018/NA/NA
MN920671/ytb089ast01/CHN/2018/NA/NA	MT137992/bfb201ast01/NA/2018/NA/NA
MN920671/ytb089ast01/CHN/2018/NA/NA	MN920672/ytb090ast01/CHN/2018/NA/NA
MG599930/NA/CHN/NA/NA/Actinopteri	MG599930/NA/CHN/NA/NA/Actinopteri
KT946729/HK-13112F/HKG/NA/Rattus-andamanensis/Mammalia	KT946729/HK-13112F/HKG/NA/Rattus-andamanensis/Mammalia
KT946729/HK-13112F/HKG/NA/Rattus-andamanensis/Mammalia	KT946726/HK-22103F/HKG/NA/Rattus-andamanensis/Mammalia
KT946729/HK-13112F/HKG/NA/Rattus-andamanensis/Mammalia	PV351772/HN_K7f_51/CHN/2024-06-20/Suncus-murinus/Mammalia
KT946729/HK-13112F/HKG/NA/Rattus-andamanensis/Mammalia	PQ678007/WSFN-YNSC177/CHN/2021/Rattus-tanezumi/Mammalia
KT946729/HK-13112F/HKG/NA/Rattus-andamanensis/Mammalia	OR774966/DhLh72022/CHN/2022-07/Rattus-tanezumi/Mammalia
KT946729/HK-13112F/HKG/NA/Rattus-andamanensis/Mammalia	KT946730/HK-25315A/HKG/NA/Rattus-andamanensis/Mammalia
KT946729/HK-13112F/HKG/NA/Rattus-andamanensis/Mammalia	KT946728/HK-12111F/HKG/NA/Rattus-andamanensis/Mammalia
KT946729/HK-13112F/HKG/NA/Rattus-andamanensis/Mammalia	KT946727/HK-4214F/HKG/NA/Rattus-andamanensis/Mammalia
OR367608/YakFeces06-13688/CHN/2021-05/Bos-mutus/Mammalia	OR367608/YakFeces06-13688/CHN/2021-05/Bos-mutus/Mammalia
OR367608/YakFeces06-13688/CHN/2021-05/Bos-mutus/Mammalia	ON885951/NA/CHN/2021/Bubalus-bubalis/Mammalia
OR367608/YakFeces06-13688/CHN/2021-05/Bos-mutus/Mammalia	ON885950/NA/CHN/2021/Bubalus-bubalis/Mammalia
OR367608/YakFeces06-13688/CHN/2021-05/Bos-mutus/Mammalia	ON885949/NA/CHN/2021/Bubalus-bubalis/Mammalia
OR367608/YakFeces06-13688/CHN/2021-05/Bos-mutus/Mammalia	MT499771/NA/CHN/2019-08-06/Bubalus-bubalis/Mammalia
BR001717/macaque_feces-2019-624/NA/NA/Macaca-mulatta/Mammalia	BR001717/macaque_feces-2019-624/NA/NA/Macaca-mulatta/Mammalia
MN920670/ybw202ast01/CHN/2018/NA/NA	MN920670/ybw202ast01/CHN/2018/NA/NA
MK096776/PasAstV-4/GUF/2016-10/NA/Aves	MK096776/PasAstV-4/GUF/2016-10/NA/Aves
MG599928/NA/CHN/NA/Parapercis-lutevittata/Actinopteri	MG599928/NA/CHN/NA/Parapercis-lutevittata/Actinopteri
PQ678018/HHLX-YNSP102/CHN/2021/Anourosorex-squamipes/Mammalia	PQ678018/HHLX-YNSP102/CHN/2021/Anourosorex-squamipes/Mammalia
PP172009/CC1C_k141_14283/AUS/2021-12-17/NA/NA	PP172009/CC1C_k141_14283/AUS/2021-12-17/NA/NA
OR552421/seven/RUS/2023-02/Nyctalus-noctula/Mammalia	OR552421/seven/RUS/2023-02/Nyctalus-noctula/Mammalia
ON807354/G22-014/FRA/2014-03-12/NA/NA	ON807354/G22-014/FRA/2014-03-12/NA/NA
ON807354/G22-014/FRA/2014-03-12/NA/NA	ON807347/G22-005/FRA/2014-02-05/NA/NA
ON807354/G22-014/FRA/2014-03-12/NA/NA	ON807351/G22-009/FRA/2006-01-24/NA/NA
ON807354/G22-014/FRA/2014-03-12/NA/NA	ON807350/G22-008/FRA/2014-03-19/NA/NA
ON807354/G22-014/FRA/2014-03-12/NA/NA	ON807349/G22-007/FRA/2006-02-28/NA/NA
ON807354/G22-014/FRA/2014-03-12/NA/NA	ON807346/G22-004/FRA/2007-07-23/NA/NA
ON807354/G22-014/FRA/2014-03-12/NA/NA	ON807344/G22-002/FRA/2006-02-28/NA/NA
ON807354/G22-014/FRA/2014-03-12/NA/NA	ON807345/G22-003/FRA/2006-07-23/NA/NA
ON807354/G22-014/FRA/2014-03-12/NA/NA	MH933759/CMRHP43/CMR/2014-12/Homo-sapiens/Mammalia
ON807354/G22-014/FRA/2014-03-12/NA/NA	OR448832/A16_AFP5_NGR_2020/NER/2020/Homo-sapiens/Mammalia
ON807354/G22-014/FRA/2014-03-12/NA/NA	MH933758/CMRHP34/CMR/2014-12/Homo-sapiens/Mammalia
ON807354/G22-014/FRA/2014-03-12/NA/NA	PX255448/BID2K6S1/LAO/2014-02-06/Homo-sapiens/Mammalia
ON807354/G22-014/FRA/2014-03-12/NA/NA	MH933757/CMRHP35D/CMR/2014-12/Homo-sapiens/Mammalia
ON807354/G22-014/FRA/2014-03-12/NA/NA	ON807352/G22-010/FRA/2014-02-05/NA/NA
ON807354/G22-014/FRA/2014-03-12/NA/NA	OR448830/2069_AFP2_NGR_2020/NER/2020/Homo-sapiens/Mammalia
ON807354/G22-014/FRA/2014-03-12/NA/NA	MH933753/CMRHP3/CMR/2014-12/Homo-sapiens/Mammalia
ON807354/G22-014/FRA/2014-03-12/NA/NA	MH933752/CMRHP2/CMR/2014-12/Homo-sapiens/Mammalia
ON807354/G22-014/FRA/2014-03-12/NA/NA	PX255451/CHX10SS1/LAO/2019-05-23/Homo-sapiens/Mammalia
ON807354/G22-014/FRA/2014-03-12/NA/NA	PX255446/CQA137S1/LAO/2023-06-15/Homo-sapiens/Mammalia
ON807354/G22-014/FRA/2014-03-12/NA/NA	MH933756/CMRHP46/CMR/2014-12/Homo-sapiens/Mammalia
ON807354/G22-014/FRA/2014-03-12/NA/NA	OR448831/A15_AFP5_NGR_2020/NER/2020/Homo-sapiens/Mammalia
ON807354/G22-014/FRA/2014-03-12/NA/NA	PX255450/CQA104S1/LAO/2022-11-23/Homo-sapiens/Mammalia
ON807354/G22-014/FRA/2014-03-12/NA/NA	PX255449/BTY1JJ/LAO/2016-03-10/Homo-sapiens/Mammalia
OK107515/NA/CHN/2021/Capra-hircus/Mammalia	OK107515/NA/CHN/2021/Capra-hircus/Mammalia
OK107515/NA/CHN/2021/Capra-hircus/Mammalia	OK107514/NA/CHN/2021/Capra-hircus/Mammalia
MN920669/ybb150ast01/CHN/2018/NA/NA	MN920669/ybb150ast01/CHN/2018/NA/NA
MK096775/PasAstV-3/GUF/2016-10/NA/Aves	MK096775/PasAstV-3/GUF/2016-10/NA/Aves
LC900421/PoAstV-5-wt-Pig-Japan-Hira-4-2021/JPN/2021-05-18/Sus-scrofa/Mammalia	LC900421/PoAstV-5-wt-Pig-Japan-Hira-4-2021/JPN/2021-05-18/Sus-scrofa/Mammalia
LC900421/PoAstV-5-wt-Pig-Japan-Hira-4-2021/JPN/2021-05-18/Sus-scrofa/Mammalia	LC900471/PoAstV-5-wt-Pig-Japan-G-HTuji-5-2022/JPN/2022-07-13/Sus-scrofa/Mammalia
LC900421/PoAstV-5-wt-Pig-Japan-Hira-4-2021/JPN/2021-05-18/Sus-scrofa/Mammalia	MW504545/15211_AST_len_6388_cov_52.529133/USA/2018-07-18/Sus-scrofa/Mammalia
LC900421/PoAstV-5-wt-Pig-Japan-Hira-4-2021/JPN/2021-05-18/Sus-scrofa/Mammalia	NC_023636/AstV5-US-IA122/USA/2011-06-23/Sus-scrofa/Mammalia
LC900421/PoAstV-5-wt-Pig-Japan-Hira-4-2021/JPN/2021-05-18/Sus-scrofa/Mammalia	LC900341/PoAstV-5-wt-Wild_Boar-Japan-Toya-5-2018/JPN/2018-07-03/Sus-scrofa/Mammalia
LC900421/PoAstV-5-wt-Pig-Japan-Hira-4-2021/JPN/2021-05-18/Sus-scrofa/Mammalia	MT642595/NA/CHN/2014-12/Sus-scrofa/Mammalia
LC900421/PoAstV-5-wt-Pig-Japan-Hira-4-2021/JPN/2021-05-18/Sus-scrofa/Mammalia	LC201620/NA/JPN/2015/Sus-scrofa/Mammalia
LC900421/PoAstV-5-wt-Pig-Japan-Hira-4-2021/JPN/2021-05-18/Sus-scrofa/Mammalia	ON792974/SP-VT9/ESP/2018-01-31/Sus-scrofa/Mammalia
LC900421/PoAstV-5-wt-Pig-Japan-Hira-4-2021/JPN/2021-05-18/Sus-scrofa/Mammalia	LC201619/NA/JPN/2015/Sus-scrofa/Mammalia
LC900421/PoAstV-5-wt-Pig-Japan-Hira-4-2021/JPN/2021-05-18/Sus-scrofa/Mammalia	ON792973/SP-VC9/ESP/2017-01-25/Sus-scrofa/Mammalia
LC900421/PoAstV-5-wt-Pig-Japan-Hira-4-2021/JPN/2021-05-18/Sus-scrofa/Mammalia	LC201618/NA/JPN/2015/Sus-scrofa/Mammalia
LC900421/PoAstV-5-wt-Pig-Japan-Hira-4-2021/JPN/2021-05-18/Sus-scrofa/Mammalia	LC900443/PoAstV-5-wt-Pig-Japan-G-Tsuru-9-2022/JPN/2022-05-19/Sus-scrofa/Mammalia
LC900421/PoAstV-5-wt-Pig-Japan-Hira-4-2021/JPN/2021-05-18/Sus-scrofa/Mammalia	LC201617/NA/JPN/2015/Sus-scrofa/Mammalia
LC900421/PoAstV-5-wt-Pig-Japan-Hira-4-2021/JPN/2021-05-18/Sus-scrofa/Mammalia	LC201616/NA/JPN/2015/Sus-scrofa/Mammalia
LC900421/PoAstV-5-wt-Pig-Japan-Hira-4-2021/JPN/2021-05-18/Sus-scrofa/Mammalia	LC201615/NA/JPN/2015/Sus-scrofa/Mammalia
LC900421/PoAstV-5-wt-Pig-Japan-Hira-4-2021/JPN/2021-05-18/Sus-scrofa/Mammalia	JF713711/NA/USA/2010/Sus-scrofa/Mammalia
LC900421/PoAstV-5-wt-Pig-Japan-Hira-4-2021/JPN/2021-05-18/Sus-scrofa/Mammalia	MZ819172/PoAstV5-Swine-CHI-FB032-2017/CHL/2017/Sus-scrofa/Mammalia
LC900421/PoAstV-5-wt-Pig-Japan-Hira-4-2021/JPN/2021-05-18/Sus-scrofa/Mammalia	JX556693/AstV5-US-IA122/USA/2011-06-23/Sus-scrofa/Mammalia
LC900421/PoAstV-5-wt-Pig-Japan-Hira-4-2021/JPN/2021-05-18/Sus-scrofa/Mammalia	MZ819171/PoAstV5-Swine-CHI-FB033-2017/CHL/2017/Sus-scrofa/Mammalia
LC900421/PoAstV-5-wt-Pig-Japan-Hira-4-2021/JPN/2021-05-18/Sus-scrofa/Mammalia	MZ819170/PoAstV5-Swine-CHI-FB036-2017/CHL/2017/Sus-scrofa/Mammalia
LC900421/PoAstV-5-wt-Pig-Japan-Hira-4-2021/JPN/2021-05-18/Sus-scrofa/Mammalia	PP968017/PAstV5-GX2/CHN/2024-06/Sus-scrofa/Mammalia
LC900421/PoAstV-5-wt-Pig-Japan-Hira-4-2021/JPN/2021-05-18/Sus-scrofa/Mammalia	MZ819168/PoAstV5-Swine-CHI-FB016-2017/CHL/2017/Sus-scrofa/Mammalia
LC900421/PoAstV-5-wt-Pig-Japan-Hira-4-2021/JPN/2021-05-18/Sus-scrofa/Mammalia	PX137063/PAstV5-XJCZ39-2024/CHN/2024-04-24/Sus-scrofa/Mammalia
LC900421/PoAstV-5-wt-Pig-Japan-Hira-4-2021/JPN/2021-05-18/Sus-scrofa/Mammalia	MZ819167/PoAstV5-Swine-CHI-CF2671-2017/CHL/2017/Sus-scrofa/Mammalia
LC900421/PoAstV-5-wt-Pig-Japan-Hira-4-2021/JPN/2021-05-18/Sus-scrofa/Mammalia	MZ819166/PoAstV5-Swine-CHI-FB148-2015/CHL/2015/Sus-scrofa/Mammalia
LC900421/PoAstV-5-wt-Pig-Japan-Hira-4-2021/JPN/2021-05-18/Sus-scrofa/Mammalia	LC900370/PoAstV-5-wt-Wild_Boar-Japan-Ishi-11-2023/JPN/2023-07-18/Sus-scrofa/Mammalia
LC900421/PoAstV-5-wt-Pig-Japan-Hira-4-2021/JPN/2021-05-18/Sus-scrofa/Mammalia	LC900472/PoAstV-5-wt-Pig-Japan-G-HTuji-7-2022/JPN/2022-07-13/Sus-scrofa/Mammalia
PP901925/E59S4/IRL/NA/Homo-sapiens/Mammalia	PP901925/E59S4/IRL/NA/Homo-sapiens/Mammalia
PP901925/E59S4/IRL/NA/Homo-sapiens/Mammalia	PV189392/NA/CHN/2023-09-29/Homo-sapiens/Mammalia
PP901925/E59S4/IRL/NA/Homo-sapiens/Mammalia	PQ496891/Yunnan_B224/CHN/2023-12/Homo-sapiens/Mammalia
PP901925/E59S4/IRL/NA/Homo-sapiens/Mammalia	ON807353/G22-011/FRA/2007-07-23/NA/NA
PP901925/E59S4/IRL/NA/Homo-sapiens/Mammalia	OP432293/HAstV-4-RC-21027/CHN/2021-03-31/Homo-sapiens/Mammalia
PP901925/E59S4/IRL/NA/Homo-sapiens/Mammalia	MN433705/NA/USA/2014-05/Homo-sapiens/Mammalia
PP901925/E59S4/IRL/NA/Homo-sapiens/Mammalia	MK059949/NA/USA/NA/Homo-sapiens/Mammalia
PP901925/E59S4/IRL/NA/Homo-sapiens/Mammalia	GU732187/Rus-Nsc08-3364/RUS/2008-04-21/Homo-sapiens/Mammalia
PP901925/E59S4/IRL/NA/Homo-sapiens/Mammalia	FJ755404/NA/CHN/2007-11/Homo-sapiens/Mammalia
PP901925/E59S4/IRL/NA/Homo-sapiens/Mammalia	KF039911/Rus-Nsc06-1029/RUS/2006-04-17/NA/NA
PP901925/E59S4/IRL/NA/Homo-sapiens/Mammalia	PV189391/NA/CHN/2023-07-24/Homo-sapiens/Mammalia
PP901925/E59S4/IRL/NA/Homo-sapiens/Mammalia	PQ496890/Yunnan_B197/CHN/2023-12/Homo-sapiens/Mammalia
PP901925/E59S4/IRL/NA/Homo-sapiens/Mammalia	MN433704/NA/USA/2013-05/Homo-sapiens/Mammalia
PP901925/E59S4/IRL/NA/Homo-sapiens/Mammalia	GU223905/Rus-Nsc03-H191/RUS/2003-11-10/Homo-sapiens/Mammalia
PP901925/E59S4/IRL/NA/Homo-sapiens/Mammalia	FJ755403/NA/CHN/2006-10/Homo-sapiens/Mammalia
PP901925/E59S4/IRL/NA/Homo-sapiens/Mammalia	KF039910/Rus-Nsc05-430/RUS/2005-08-10/NA/NA
PP901925/E59S4/IRL/NA/Homo-sapiens/Mammalia	PV189390/NA/CHN/2023-07-11/Homo-sapiens/Mammalia
PP901925/E59S4/IRL/NA/Homo-sapiens/Mammalia	OR222910/SY2106/CHN/2021/Homo-sapiens/Mammalia
PP901925/E59S4/IRL/NA/Homo-sapiens/Mammalia	OQ110736/BJ09/CHN/2019-03-20/Homo-sapiens/Mammalia
PP901925/E59S4/IRL/NA/Homo-sapiens/Mammalia	MN433703/NA/USA/2013-01/Homo-sapiens/Mammalia
PP901925/E59S4/IRL/NA/Homo-sapiens/Mammalia	FJ755402/NA/CHN/2005-04/Homo-sapiens/Mammalia
PP901925/E59S4/IRL/NA/Homo-sapiens/Mammalia	PV189389/NA/CHN/2023-07-03/Homo-sapiens/Mammalia
PP901925/E59S4/IRL/NA/Homo-sapiens/Mammalia	PQ525428/Hu-US-2024-Hastv4-CA-RGDS-1188/USA/2024-01/Homo-sapiens/Mammalia
PP901925/E59S4/IRL/NA/Homo-sapiens/Mammalia	OQ110735/BJ08/CHN/2019-03-20/Homo-sapiens/Mammalia
PP901925/E59S4/IRL/NA/Homo-sapiens/Mammalia	MT267483/NA/ZAF/2015/Homo-sapiens/Mammalia
PP901925/E59S4/IRL/NA/Homo-sapiens/Mammalia	MH446377/HAstV-1-RUS-Novosibirsk-NS18-A1443-2018/RUS/2018-02-04/Homo-sapiens/Mammalia
PP901925/E59S4/IRL/NA/Homo-sapiens/Mammalia	DQ344027/Guangzhou/CHN/NA/NA/NA
PP901925/E59S4/IRL/NA/Homo-sapiens/Mammalia	PV189388/NA/CHN/2023-06-27/Homo-sapiens/Mammalia
PP901925/E59S4/IRL/NA/Homo-sapiens/Mammalia	ON571598/2021-Fuzhou-37/CHN/2021/Homo-sapiens/Mammalia
PP901925/E59S4/IRL/NA/Homo-sapiens/Mammalia	OQ110734/BJ06/CHN/2019-03-20/Homo-sapiens/Mammalia
PP901925/E59S4/IRL/NA/Homo-sapiens/Mammalia	MT267482/NA/ZAF/2015/Homo-sapiens/Mammalia
PP901925/E59S4/IRL/NA/Homo-sapiens/Mammalia	DQ070852/Goiania-GO-12-95-Brazil/BRA/NA/NA/NA
PP901925/E59S4/IRL/NA/Homo-sapiens/Mammalia	PV189387/NA/CHN/2023-06-10/Homo-sapiens/Mammalia
PP901925/E59S4/IRL/NA/Homo-sapiens/Mammalia	ON571597/2019-Pingtan-42/CHN/2019/Homo-sapiens/Mammalia
PP901925/E59S4/IRL/NA/Homo-sapiens/Mammalia	OQ110733/BJ04/CHN/2019-03-20/Homo-sapiens/Mammalia
PP901925/E59S4/IRL/NA/Homo-sapiens/Mammalia	MT267480/NA/ZAF/2015/Homo-sapiens/Mammalia
PP901925/E59S4/IRL/NA/Homo-sapiens/Mammalia	KY271946/NA/USA/2015-05-31/Homo-sapiens/Mammalia
PP901925/E59S4/IRL/NA/Homo-sapiens/Mammalia	DQ028633/Goiania-GO-12-94-Brazil/BRA/NA/NA/NA
PP901925/E59S4/IRL/NA/Homo-sapiens/Mammalia	PV189386/NA/CHN/2023-06-08/Homo-sapiens/Mammalia
PP901925/E59S4/IRL/NA/Homo-sapiens/Mammalia	ON571596/2019-Fuzhou-306/CHN/2019/Homo-sapiens/Mammalia
PP901925/E59S4/IRL/NA/Homo-sapiens/Mammalia	OQ110732/BJ02/CHN/2019-03-20/Homo-sapiens/Mammalia
PP901925/E59S4/IRL/NA/Homo-sapiens/Mammalia	MT267478/NA/ZAF/2015/Homo-sapiens/Mammalia
PP901925/E59S4/IRL/NA/Homo-sapiens/Mammalia	MK296753/17W1028/IRL/2018-12-28/Homo-sapiens/Mammalia
PP901925/E59S4/IRL/NA/Homo-sapiens/Mammalia	AY720892/NA/NA/NA/NA/NA
PP901925/E59S4/IRL/NA/Homo-sapiens/Mammalia	PV189385/NA/CHN/2023-05-11/Homo-sapiens/Mammalia
PP901925/E59S4/IRL/NA/Homo-sapiens/Mammalia	ON571595/2019-Fuzhou-289/CHN/2019/Homo-sapiens/Mammalia
PP901925/E59S4/IRL/NA/Homo-sapiens/Mammalia	OQ110731/BJ01/CHN/2019-03-20/Homo-sapiens/Mammalia
PP901925/E59S4/IRL/NA/Homo-sapiens/Mammalia	MT267476/NA/ZAF/2015/Homo-sapiens/Mammalia
PP901925/E59S4/IRL/NA/Homo-sapiens/Mammalia	AY720891/NA/NA/NA/NA/NA
PP901925/E59S4/IRL/NA/Homo-sapiens/Mammalia	KP862744/kor85/KOR/2014-03-20/Homo-sapiens/Mammalia
PP901925/E59S4/IRL/NA/Homo-sapiens/Mammalia	PV189384/NA/CHN/2023-05-15/Homo-sapiens/Mammalia
PP901925/E59S4/IRL/NA/Homo-sapiens/Mammalia	ON571594/2019-Fuzhou-26/CHN/2019/Homo-sapiens/Mammalia
PP901925/E59S4/IRL/NA/Homo-sapiens/Mammalia	AF260508/NA/NA/NA/NA/NA
PP901925/E59S4/IRL/NA/Homo-sapiens/Mammalia	PV189383/NA/CHN/2023-05-21/Homo-sapiens/Mammalia
PP901925/E59S4/IRL/NA/Homo-sapiens/Mammalia	MZ603074/HAstV-1_2_RVAB/NA/2009/NA/NA
PP901925/E59S4/IRL/NA/Homo-sapiens/Mammalia	AF141381/NA/NA/NA/NA/NA
PP901925/E59S4/IRL/NA/Homo-sapiens/Mammalia	JF327666/NA/IND/2006-02/Homo-sapiens/Mammalia
PP901925/E59S4/IRL/NA/Homo-sapiens/Mammalia	OQ630461/SEN_21_286_S1/GIN/2021-01-13/Homo-sapiens/Mammalia
PP901925/E59S4/IRL/NA/Homo-sapiens/Mammalia	KF157967/NA/HUN/2012-11/Homo-sapiens/Mammalia
PP901925/E59S4/IRL/NA/Homo-sapiens/Mammalia	LC930686/HAstV4/JPN/1993/Homo-sapiens/Mammalia
PP901925/E59S4/IRL/NA/Homo-sapiens/Mammalia	OQ968307/21079-SD-CHN-HAstV-1/CHN/2021/Homo-sapiens/Mammalia
PP901925/E59S4/IRL/NA/Homo-sapiens/Mammalia	MT832897/TO-161/BRA/2015/Homo-sapiens/Mammalia
PP901925/E59S4/IRL/NA/Homo-sapiens/Mammalia	MW485043/NA/KEN/2019-04-15/Homo-sapiens/Mammalia
PP901925/E59S4/IRL/NA/Homo-sapiens/Mammalia	JQ403108/DL030/CHN/2010/Homo-sapiens/Mammalia
PP901925/E59S4/IRL/NA/Homo-sapiens/Mammalia	PX619609/p23795/GBR/NA/Homo-sapiens/Mammalia
PP901925/E59S4/IRL/NA/Homo-sapiens/Mammalia	OQ968306/21048-SD-CHN-HAstV-1/CHN/2021/Homo-sapiens/Mammalia
PP901925/E59S4/IRL/NA/Homo-sapiens/Mammalia	LC694997/HAstV1-181289-Tokyo-2018/JPN/2018-08/Homo-sapiens/Mammalia
PP901925/E59S4/IRL/NA/Homo-sapiens/Mammalia	MT832896/TO-208/BRA/2015/Homo-sapiens/Mammalia
PP901925/E59S4/IRL/NA/Homo-sapiens/Mammalia	MW485042/NA/KEN/2019-06-19/Homo-sapiens/Mammalia
PP901925/E59S4/IRL/NA/Homo-sapiens/Mammalia	MG921619/Yu-1-CHN/CHN/2016/Homo-sapiens/Mammalia
PP901925/E59S4/IRL/NA/Homo-sapiens/Mammalia	PQ510867/24Y1-49/CHN/2023-02-12/Homo-sapiens/Mammalia
PP901925/E59S4/IRL/NA/Homo-sapiens/Mammalia	OQ968305/21047-SD-CHN-HAstV-1/CHN/2021/Homo-sapiens/Mammalia
PP901925/E59S4/IRL/NA/Homo-sapiens/Mammalia	LC694996/HAstV1-181290-Tokyo-2018/JPN/2018-08/Homo-sapiens/Mammalia
PP901925/E59S4/IRL/NA/Homo-sapiens/Mammalia	MT832895/TO-171/BRA/2015/Homo-sapiens/Mammalia
PP901925/E59S4/IRL/NA/Homo-sapiens/Mammalia	MW485040/NA/KEN/2019-04-26/Homo-sapiens/Mammalia
PP901925/E59S4/IRL/NA/Homo-sapiens/Mammalia	PQ510866/24J1029/CHN/2023-04-17/Homo-sapiens/Mammalia
PP901925/E59S4/IRL/NA/Homo-sapiens/Mammalia	OQ968304/20307-SD-CHN-HAstV-1/CHN/2020/Homo-sapiens/Mammalia
PP901925/E59S4/IRL/NA/Homo-sapiens/Mammalia	LC694995/HAstV1-192642-Tokyo-2020/JPN/2020-02/Homo-sapiens/Mammalia
PP901925/E59S4/IRL/NA/Homo-sapiens/Mammalia	MT832894/TO-162/BRA/2011/Homo-sapiens/Mammalia
PP901925/E59S4/IRL/NA/Homo-sapiens/Mammalia	MW485039/NA/KEN/2019-07-23/Homo-sapiens/Mammalia
PP901925/E59S4/IRL/NA/Homo-sapiens/Mammalia	KF211475/JZ/CHN/2010-11-18/Homo-sapiens/Mammalia
PP901925/E59S4/IRL/NA/Homo-sapiens/Mammalia	PQ510865/24J3006/CHN/2023-05-22/Homo-sapiens/Mammalia
PP901925/E59S4/IRL/NA/Homo-sapiens/Mammalia	OQ968303/20286-SD-CHN-HAstV-1/CHN/2020/Homo-sapiens/Mammalia
PP901925/E59S4/IRL/NA/Homo-sapiens/Mammalia	LC694994/HAstV1-193055-Tokyo-2020/JPN/2020-03/Homo-sapiens/Mammalia
PP901925/E59S4/IRL/NA/Homo-sapiens/Mammalia	MT832893/TO-160/BRA/2015/Homo-sapiens/Mammalia
PP901925/E59S4/IRL/NA/Homo-sapiens/Mammalia	PQ510864/24J3007/CHN/2023-05-22/Homo-sapiens/Mammalia
PP901925/E59S4/IRL/NA/Homo-sapiens/Mammalia	OQ968302/20259-SD-CHN-HAstV-1/CHN/2020/Homo-sapiens/Mammalia
PP901925/E59S4/IRL/NA/Homo-sapiens/Mammalia	LC694993/HAstV1-193061-Tokyo-2020/JPN/2020-03/Homo-sapiens/Mammalia
PP901925/E59S4/IRL/NA/Homo-sapiens/Mammalia	MT832892/TO-98/BRA/2015/Homo-sapiens/Mammalia
PP901925/E59S4/IRL/NA/Homo-sapiens/Mammalia	JN887820/NA/KOR/2006-02/Homo-sapiens/Mammalia
PP901925/E59S4/IRL/NA/Homo-sapiens/Mammalia	PQ510863/24T2-39/CHN/2023-05-03/Homo-sapiens/Mammalia
PP901925/E59S4/IRL/NA/Homo-sapiens/Mammalia	LC694992/HAstV1-210628-Tokyo-2021/JPN/2021-10/Homo-sapiens/Mammalia
PP901925/E59S4/IRL/NA/Homo-sapiens/Mammalia	MT906859/BRA-TO-32/BRA/2014/Homo-sapiens/Mammalia
PP901925/E59S4/IRL/NA/Homo-sapiens/Mammalia	PQ510862/24T2-17/CHN/2023-05-05/Homo-sapiens/Mammalia
PP901925/E59S4/IRL/NA/Homo-sapiens/Mammalia	LC694991/HAstV1-210764-Tokyo-2021/JPN/2021-11/Homo-sapiens/Mammalia
PP901925/E59S4/IRL/NA/Homo-sapiens/Mammalia	MT906858/BRA-TO-57/BRA/2014/Homo-sapiens/Mammalia
PP901925/E59S4/IRL/NA/Homo-sapiens/Mammalia	HQ398856/NA/HUN/2010-06/Homo-sapiens/Mammalia
PP901925/E59S4/IRL/NA/Homo-sapiens/Mammalia	PQ510861/24T1-15/CHN/2023-04-20/Homo-sapiens/Mammalia
PP901925/E59S4/IRL/NA/Homo-sapiens/Mammalia	LC694990/HAstV1-181937-Tokyo-2018/JPN/2018-10/Homo-sapiens/Mammalia
PP901925/E59S4/IRL/NA/Homo-sapiens/Mammalia	MT906857/BRA-TO-40/BRA/2014/Homo-sapiens/Mammalia
PP901925/E59S4/IRL/NA/Homo-sapiens/Mammalia	PQ510860/24T2-10/CHN/2023-04-12/Homo-sapiens/Mammalia
PP901925/E59S4/IRL/NA/Homo-sapiens/Mammalia	LC694989/HAstV1-210956-Tokyo-2021/JPN/2021-12/Homo-sapiens/Mammalia
PP901925/E59S4/IRL/NA/Homo-sapiens/Mammalia	MT906856/BRA-TO-65/BRA/2015/Homo-sapiens/Mammalia
PP901925/E59S4/IRL/NA/Homo-sapiens/Mammalia	HM237363/Katano/NA/NA/NA/NA
PP901925/E59S4/IRL/NA/Homo-sapiens/Mammalia	PQ510859/24T1-7/CHN/2023-04-19/Homo-sapiens/Mammalia
PP901925/E59S4/IRL/NA/Homo-sapiens/Mammalia	LC694988/HAstV1-210963-Tokyo-2021/JPN/2021-12/Homo-sapiens/Mammalia
PP901925/E59S4/IRL/NA/Homo-sapiens/Mammalia	MT906855/BRA-TO-26/BRA/2014/Homo-sapiens/Mammalia
PP901925/E59S4/IRL/NA/Homo-sapiens/Mammalia	JF491403/HAstV-1-RUS-Novosibirsk-Nsc10-N52-2010/RUS/2010-03-08/Homo-sapiens/Mammalia
PP901925/E59S4/IRL/NA/Homo-sapiens/Mammalia	PQ510858/24T1-4/CHN/2024-04-20/Homo-sapiens/Mammalia
PP901925/E59S4/IRL/NA/Homo-sapiens/Mammalia	OR792802/P1/FRA/2023-06/Homo-sapiens/Mammalia
PP901925/E59S4/IRL/NA/Homo-sapiens/Mammalia	LC732124/Child-with-acute-gastroenteritis/JPN/2016-05-24/Homo-sapiens/Mammalia
PP901925/E59S4/IRL/NA/Homo-sapiens/Mammalia	OP432301/HAstV-4-QD-L-22019/CHN/2022-03-10/Homo-sapiens/Mammalia
PP901925/E59S4/IRL/NA/Homo-sapiens/Mammalia	LC694987/HAstV1-210984-Tokyo-2021/JPN/2021-12/Homo-sapiens/Mammalia
PP901925/E59S4/IRL/NA/Homo-sapiens/Mammalia	MT906854/BRA-TO-71/BRA/2015/Homo-sapiens/Mammalia
PP901925/E59S4/IRL/NA/Homo-sapiens/Mammalia	PQ510857/24T1-28/CHN/2023-04-24/Homo-sapiens/Mammalia
PP901925/E59S4/IRL/NA/Homo-sapiens/Mammalia	LC732123/Child-with-acute-gastroenteritis/JPN/2016-05-07/Homo-sapiens/Mammalia
PP901925/E59S4/IRL/NA/Homo-sapiens/Mammalia	OP432300/HAstV-4-QD-S-22022/CHN/2022-03-26/Homo-sapiens/Mammalia
PP901925/E59S4/IRL/NA/Homo-sapiens/Mammalia	LC694986/HAstV1-211185-Tokyo-2022/JPN/2022-01/Homo-sapiens/Mammalia
PP901925/E59S4/IRL/NA/Homo-sapiens/Mammalia	MT906853/BRA-TO-207/BRA/2014/Homo-sapiens/Mammalia
PP901925/E59S4/IRL/NA/Homo-sapiens/Mammalia	MK059956/NA/USA/NA/Homo-sapiens/Mammalia
PP901925/E59S4/IRL/NA/Homo-sapiens/Mammalia	PQ510856/24T1-40/CHN/2023-05-24/Homo-sapiens/Mammalia
PP901925/E59S4/IRL/NA/Homo-sapiens/Mammalia	LC732122/Child-with-acute-gastroenteritis/JPN/2016-04-24/Homo-sapiens/Mammalia
PP901925/E59S4/IRL/NA/Homo-sapiens/Mammalia	ON979523/NA/LAO/2015-04-08/Homo-sapiens/Mammalia
PP901925/E59S4/IRL/NA/Homo-sapiens/Mammalia	OP432299/HAstV-4-RC-21045/CHN/2021-05-26/Homo-sapiens/Mammalia
PP901925/E59S4/IRL/NA/Homo-sapiens/Mammalia	LC694985/HAstV3-190610-Tokyo-2019/JPN/2019-07/Homo-sapiens/Mammalia
PP901925/E59S4/IRL/NA/Homo-sapiens/Mammalia	KC285152/HAstV-2-RUS-Novosibirsk-Nsc11-N2411-2011/RUS/2011-06-15/Homo-sapiens/Mammalia
PP901925/E59S4/IRL/NA/Homo-sapiens/Mammalia	MK059955/NA/USA/NA/Homo-sapiens/Mammalia
PP901925/E59S4/IRL/NA/Homo-sapiens/Mammalia	Z25771/NA/NA/NA/NA/NA
PP901925/E59S4/IRL/NA/Homo-sapiens/Mammalia	PQ510855/24T1-10/CHN/2023-04-20/Homo-sapiens/Mammalia
PP901925/E59S4/IRL/NA/Homo-sapiens/Mammalia	ON979522/NA/LAO/2015-04-08/Homo-sapiens/Mammalia
PP901925/E59S4/IRL/NA/Homo-sapiens/Mammalia	OP432298/HAstV-4-QD-S-22015/CHN/2022-02-15/Homo-sapiens/Mammalia
PP901925/E59S4/IRL/NA/Homo-sapiens/Mammalia	MN444721/NA/USA/2017-05/Homo-sapiens/Mammalia
PP901925/E59S4/IRL/NA/Homo-sapiens/Mammalia	MK059954/NA/USA/NA/Homo-sapiens/Mammalia
PP901925/E59S4/IRL/NA/Homo-sapiens/Mammalia	NC_001943/NA/NA/NA/NA/NA
PP901925/E59S4/IRL/NA/Homo-sapiens/Mammalia	PQ510854/24T1-32/CHN/2023-05-14/Homo-sapiens/Mammalia
PP901925/E59S4/IRL/NA/Homo-sapiens/Mammalia	PP916236/NRVL1025/IRL/NA/Homo-sapiens/Mammalia
PP901925/E59S4/IRL/NA/Homo-sapiens/Mammalia	ON979521/NA/LAO/2012-12-11/Homo-sapiens/Mammalia
PP901925/E59S4/IRL/NA/Homo-sapiens/Mammalia	OP432297/HAstV-4-QD-L-22001/CHN/2022-02-13/Homo-sapiens/Mammalia
PP901925/E59S4/IRL/NA/Homo-sapiens/Mammalia	MK618656/CA-RGDS-1016/USA/2018-06/Homo-sapiens/Mammalia
PP901925/E59S4/IRL/NA/Homo-sapiens/Mammalia	MK059953/NA/USA/NA/Homo-sapiens/Mammalia
PP901925/E59S4/IRL/NA/Homo-sapiens/Mammalia	L23513/Oxford/NA/NA/NA/NA
PP901925/E59S4/IRL/NA/Homo-sapiens/Mammalia	PQ510853/24T2-6/CHN/2023-04-08/Homo-sapiens/Mammalia
PP901925/E59S4/IRL/NA/Homo-sapiens/Mammalia	PP901928/E60S2/IRL/NA/Homo-sapiens/Mammalia
PP901925/E59S4/IRL/NA/Homo-sapiens/Mammalia	OP432296/HAstV-4-RC-21047/CHN/2021-05-26/Homo-sapiens/Mammalia
PP901925/E59S4/IRL/NA/Homo-sapiens/Mammalia	MK059952/NA/USA/NA/Homo-sapiens/Mammalia
PP901925/E59S4/IRL/NA/Homo-sapiens/Mammalia	GQ495608/192-BJ07-CHN/CHN/2007-11/Homo-sapiens/Mammalia
PP901925/E59S4/IRL/NA/Homo-sapiens/Mammalia	L13745/NA/NA/NA/NA/NA
PP901925/E59S4/IRL/NA/Homo-sapiens/Mammalia	PX255447/BTY1YZ/LAO/2017-07-04/Homo-sapiens/Mammalia
PP901925/E59S4/IRL/NA/Homo-sapiens/Mammalia	PP901927/E60S1/IRL/NA/Homo-sapiens/Mammalia
PP901925/E59S4/IRL/NA/Homo-sapiens/Mammalia	OR371570/NA/CHN/2022-01-04/Homo-sapiens/Mammalia
PP901925/E59S4/IRL/NA/Homo-sapiens/Mammalia	OP482094/HAstV-5-CHN-2103CP2-2021/NA/NA/NA/NA
PP901925/E59S4/IRL/NA/Homo-sapiens/Mammalia	OP432295/HAstV-4-QD-F-22056/CHN/2022-04-16/Homo-sapiens/Mammalia
PP901925/E59S4/IRL/NA/Homo-sapiens/Mammalia	MK059951/NA/USA/NA/Homo-sapiens/Mammalia
PP901925/E59S4/IRL/NA/Homo-sapiens/Mammalia	MF684776/2013-Fuzhou-85/CHN/2013/Homo-sapiens/Mammalia
PP901925/E59S4/IRL/NA/Homo-sapiens/Mammalia	JF491430/Rus-Nsc04-H355/RUS/2004-02-21/Homo-sapiens/Mammalia
PP901925/E59S4/IRL/NA/Homo-sapiens/Mammalia	KF039913/Rus-Nsc10-N358/RUS/2010-05-07/NA/NA
PP901925/E59S4/IRL/NA/Homo-sapiens/Mammalia	PV189393/NA/CHN/2023-12-18/Homo-sapiens/Mammalia
PP901925/E59S4/IRL/NA/Homo-sapiens/Mammalia	PQ530056/MBC147/ESP/2023-07-06/NA/NA
PP901925/E59S4/IRL/NA/Homo-sapiens/Mammalia	PP901926/E59S5/IRL/NA/Homo-sapiens/Mammalia
PP901925/E59S4/IRL/NA/Homo-sapiens/Mammalia	OP482093/HAstV-5-CHN-2103CP1-2021/NA/NA/NA/NA
PP901925/E59S4/IRL/NA/Homo-sapiens/Mammalia	OP432294/HAstV-4-QD-L-22040/CHN/2022-03-28/Homo-sapiens/Mammalia
PP901925/E59S4/IRL/NA/Homo-sapiens/Mammalia	MN433706/NA/USA/2014-05/Homo-sapiens/Mammalia
PP901925/E59S4/IRL/NA/Homo-sapiens/Mammalia	MK059950/NA/USA/NA/Homo-sapiens/Mammalia
PP901925/E59S4/IRL/NA/Homo-sapiens/Mammalia	MG571777/NA/LAO/2015/Homo-sapiens/Mammalia
PP901925/E59S4/IRL/NA/Homo-sapiens/Mammalia	GQ901902/Rus-Nsc09-B4/RUS/2009-03-01/Homo-sapiens/Mammalia
PP901925/E59S4/IRL/NA/Homo-sapiens/Mammalia	FJ755405/NA/CHN/2007-11/Homo-sapiens/Mammalia
PP901925/E59S4/IRL/NA/Homo-sapiens/Mammalia	KF039912/Rus-Nsc05-623/RUS/2005-10-20/NA/NA
PP171953/CC1B_k141_72897/AUS/2021-12-17/NA/NA	PP171953/CC1B_k141_72897/AUS/2021-12-17/NA/NA
OQ802759/WF_Ni.niviventer_astro_1/CHN/2016_2017/Niviventer-niviventer/Mammalia	OQ802759/WF_Ni.niviventer_astro_1/CHN/2016_2017/Niviventer-niviventer/Mammalia
NC_034974/K321/KEN/2012-08/Sus-scrofa/Mammalia	NC_034974/K321/KEN/2012-08/Sus-scrofa/Mammalia
NC_034974/K321/KEN/2012-08/Sus-scrofa/Mammalia	MG930777/NA/ITA/2015-11/Sus-scrofa/Mammalia
NC_034974/K321/KEN/2012-08/Sus-scrofa/Mammalia	LC900419/PoAstV-2-wt-Pig-Japan-Ebi-B4-2020/JPN/2020-10-13/Sus-scrofa/Mammalia
NC_034974/K321/KEN/2012-08/Sus-scrofa/Mammalia	LC900360/PoAstV-2-wt-Wild_Boar-Japan-Noto-1-2023/JPN/2023-07-05/Sus-scrofa/Mammalia
NC_034974/K321/KEN/2012-08/Sus-scrofa/Mammalia	LT898434/PAstV-GER-L00855-K14_14-04-2014/NA/NA/NA/NA
NC_034974/K321/KEN/2012-08/Sus-scrofa/Mammalia	PP871784/astro_vt_66/VNM/2015-04-09_2015-04-14/Sus-scrofa/Mammalia
NC_034974/K321/KEN/2012-08/Sus-scrofa/Mammalia	LC900417/PoAstV-2-wt-Pig-Japan-Ebi-6-2019/JPN/2019-10-15/Sus-scrofa/Mammalia
NC_034974/K321/KEN/2012-08/Sus-scrofa/Mammalia	PP871783/astro_vt_65/VNM/2014-06-19_2016-11-18/Sus-scrofa/Mammalia
NC_034974/K321/KEN/2012-08/Sus-scrofa/Mammalia	MW784109/s68-796037/CHN/NA/NA/NA
NC_034974/K321/KEN/2012-08/Sus-scrofa/Mammalia	LC900412/PoAstV-2-wt-Pig-Japan-Ebi-1-2019/JPN/2019-10-15/Sus-scrofa/Mammalia
NC_034974/K321/KEN/2012-08/Sus-scrofa/Mammalia	LC900342/PoAstV-2-wt-Wild_Boar-Japan-Ishi-5-2018/JPN/2018-07-16/Sus-scrofa/Mammalia
NC_034974/K321/KEN/2012-08/Sus-scrofa/Mammalia	PX137019/PAstV2-XJCZ19-2024/CHN/2024-04-24/Sus-scrofa/Mammalia
NC_034974/K321/KEN/2012-08/Sus-scrofa/Mammalia	PP871774/astro_vt_56/VNM/2014-07-03/Sus-scrofa/Mammalia
NC_034974/K321/KEN/2012-08/Sus-scrofa/Mammalia	LC900405/PoAstV-2-wt-Pig-Japan-Uchi-12-2019/JPN/2019-10-08/Sus-scrofa/Mammalia
NC_034974/K321/KEN/2012-08/Sus-scrofa/Mammalia	LC201593/NA/JPN/2015/Sus-scrofa/Mammalia
NC_034974/K321/KEN/2012-08/Sus-scrofa/Mammalia	PX137017/PAstV2-AHHY6-2023/CHN/2023-03-08/Sus-scrofa/Mammalia
NC_034974/K321/KEN/2012-08/Sus-scrofa/Mammalia	KY940077/U083/UGA/2012-11/Sus-scrofa/Mammalia
NC_034974/K321/KEN/2012-08/Sus-scrofa/Mammalia	LC201592/NA/JPN/2015/Sus-scrofa/Mammalia
NC_034974/K321/KEN/2012-08/Sus-scrofa/Mammalia	KR868724/DcAstV-274/ARE/2013-04-04/Camelus-dromedarius/Mammalia
NC_034974/K321/KEN/2012-08/Sus-scrofa/Mammalia	MW504559/15211_AST_len_6300_cov_172.501041/USA/2018-07-18/Sus-scrofa/Mammalia
NC_034974/K321/KEN/2012-08/Sus-scrofa/Mammalia	KY940076/K321/KEN/2012-08/Sus-scrofa/Mammalia
NC_034974/K321/KEN/2012-08/Sus-scrofa/Mammalia	LC201591/NA/JPN/2015/Sus-scrofa/Mammalia
NC_034974/K321/KEN/2012-08/Sus-scrofa/Mammalia	KR868723/DcAstV-135/ARE/2013-02-07/Camelus-dromedarius/Mammalia
NC_034974/K321/KEN/2012-08/Sus-scrofa/Mammalia	LC900399/PoAstV-2-wt-Pig-Japan-Uchi-2-2019/JPN/2019-10-08/Sus-scrofa/Mammalia
NC_034974/K321/KEN/2012-08/Sus-scrofa/Mammalia	PP871763/astro_vt_45/VNM/2014-06-03/Sus-scrofa/Mammalia
NC_034974/K321/KEN/2012-08/Sus-scrofa/Mammalia	OP076766/BcAstV-NMG59-CHN-2015/CHN/2015-06/Camelus-bactrianus/Mammalia
NC_034974/K321/KEN/2012-08/Sus-scrofa/Mammalia	LC201590/NA/JPN/2015/Sus-scrofa/Mammalia
NC_034974/K321/KEN/2012-08/Sus-scrofa/Mammalia	KR868722/DcAstV-64/ARE/2013-02-04/Camelus-dromedarius/Mammalia
NC_034974/K321/KEN/2012-08/Sus-scrofa/Mammalia	ON714999/SP-VC41/ESP/2017-10-19/Sus-scrofa/Mammalia
NC_034974/K321/KEN/2012-08/Sus-scrofa/Mammalia	KR868721/DcAstV-169/ARE/2013-02-11/Camelus-dromedarius/Mammalia
NC_034974/K321/KEN/2012-08/Sus-scrofa/Mammalia	PX137013/PAstV2-AHCZ10-2022/CHN/2022-07-12/Sus-scrofa/Mammalia
NC_034974/K321/KEN/2012-08/Sus-scrofa/Mammalia	OP076750/DcAstV-Jd74-KSA-2014/SAU/2014-06-02/Camelus-dromedarius/Mammalia
NC_034974/K321/KEN/2012-08/Sus-scrofa/Mammalia	ON714998/SP-VC29/ESP/2017-06-06/Sus-scrofa/Mammalia
NC_034974/K321/KEN/2012-08/Sus-scrofa/Mammalia	LC201588/NA/JPN/2015/Sus-scrofa/Mammalia
NC_034974/K321/KEN/2012-08/Sus-scrofa/Mammalia	KP759770/KNU14-07/KOR/2014-07/Sus-scrofa/Mammalia
NC_034974/K321/KEN/2012-08/Sus-scrofa/Mammalia	OP076749/DcAstV-Jd67-KSA-2014/SAU/2014-06-02/Camelus-dromedarius/Mammalia
NC_034974/K321/KEN/2012-08/Sus-scrofa/Mammalia	LC201587/NA/JPN/2015/Sus-scrofa/Mammalia
NC_034974/K321/KEN/2012-08/Sus-scrofa/Mammalia	OP076748/DcAstV-Jd57-KSA-2014/SAU/2014-06-02/Camelus-dromedarius/Mammalia
NC_034974/K321/KEN/2012-08/Sus-scrofa/Mammalia	PP871751/astro_vt_33/VNM/2014-05-29_2016-07-14/Sus-scrofa/Mammalia
NC_034974/K321/KEN/2012-08/Sus-scrofa/Mammalia	MW784091/287-203354/CHN/NA/NA/NA
NC_034974/K321/KEN/2012-08/Sus-scrofa/Mammalia	PP871748/astro_vt_30/VNM/2014-05-29_2016-07-14/Sus-scrofa/Mammalia
NC_034974/K321/KEN/2012-08/Sus-scrofa/Mammalia	OM104031/BSF3/ZAF/2021-03/Sus-scrofa/Mammalia
NC_034974/K321/KEN/2012-08/Sus-scrofa/Mammalia	OP076744/DcAstV-Jd70-KSA-2014/SAU/2014-06-02/Camelus-dromedarius/Mammalia
NC_034974/K321/KEN/2012-08/Sus-scrofa/Mammalia	MW784087/276-120415/CHN/NA/NA/NA
NC_034974/K321/KEN/2012-08/Sus-scrofa/Mammalia	MW504569/15210_AST_len_6256_cov_20.917755/USA/2018-06-07/Sus-scrofa/Mammalia
NC_034974/K321/KEN/2012-08/Sus-scrofa/Mammalia	KP982872/Bel-12R021/BEL/NA/Sus-scrofa/Mammalia
NC_034974/K321/KEN/2012-08/Sus-scrofa/Mammalia	OM105048/BSF1/ZAF/2021-03/Sus-scrofa/Mammalia
NC_034974/K321/KEN/2012-08/Sus-scrofa/Mammalia	MW784083/227-67505/CHN/NA/NA/NA
NC_034974/K321/KEN/2012-08/Sus-scrofa/Mammalia	MW504567/15214_AST_len_6394_cov_119.013882/USA/2018-10-09/Sus-scrofa/Mammalia
NC_034974/K321/KEN/2012-08/Sus-scrofa/Mammalia	LC900385/PoAstV-2-wt-Pig-Japan-HgOg-11-2018/JPN/2018-06-27/Sus-scrofa/Mammalia
NC_034974/K321/KEN/2012-08/Sus-scrofa/Mammalia	MW784082/227-342448/CHN/NA/NA/NA
NC_034974/K321/KEN/2012-08/Sus-scrofa/Mammalia	MW504565/15212_AST_len_6392_cov_43.742307/USA/2018-08-30/Sus-scrofa/Mammalia
NC_034974/K321/KEN/2012-08/Sus-scrofa/Mammalia	MW504563/15217_AST_len_6409_cov_36.668240/USA/2018-11-18/Sus-scrofa/Mammalia
NC_034974/K321/KEN/2012-08/Sus-scrofa/Mammalia	LC900382/PoAstV-2-wt-Pig-Japan-HgYa-1-2018/JPN/2018-06-27/Sus-scrofa/Mammalia
NC_034974/K321/KEN/2012-08/Sus-scrofa/Mammalia	MW784079/226-105986/CHN/NA/NA/NA
NC_034974/K321/KEN/2012-08/Sus-scrofa/Mammalia	MW504562/15214_AST_len_6398_cov_287.341794/USA/2018-10-09/Sus-scrofa/Mammalia
NC_034974/K321/KEN/2012-08/Sus-scrofa/Mammalia	KP747573/AstV-LL-1/CHN/2006-10/Sus-scrofa/Mammalia
NC_034974/K321/KEN/2012-08/Sus-scrofa/Mammalia	LC900381/PoAstV-2-wt-Pig-Japan-Ishi-Ya-4-2017/JPN/2017-11-16/Sus-scrofa/Mammalia
NC_034974/K321/KEN/2012-08/Sus-scrofa/Mammalia	MW784078/87-370059/CHN/NA/NA/NA
NC_034974/K321/KEN/2012-08/Sus-scrofa/Mammalia	MW504561/15215_AST_len_6433_cov_73.331765/USA/2018-10-18/Sus-scrofa/Mammalia
NC_034974/K321/KEN/2012-08/Sus-scrofa/Mammalia	MK378521/PoAstV_VIRES_HLJ01_C2/CHN/2017-04/Sus-scrofa/Mammalia
NC_034974/K321/KEN/2012-08/Sus-scrofa/Mammalia	OL695857/AH2-7/CHN/2021/Sus-scrofa/Mammalia
NC_034974/K321/KEN/2012-08/Sus-scrofa/Mammalia	MW784076/86-105857/CHN/NA/NA/NA
NC_034974/K321/KEN/2012-08/Sus-scrofa/Mammalia	MW504560/15213_AST_len_6405_cov_45.141575/USA/2018-10-02/Sus-scrofa/Mammalia
NC_034974/K321/KEN/2012-08/Sus-scrofa/Mammalia	OL695856/AH2-6/CHN/2021/Sus-scrofa/Mammalia
NC_034974/K321/KEN/2012-08/Sus-scrofa/Mammalia	MW504558/15216_AST_len_6470_cov_1464.991738/USA/2018-11-17/Sus-scrofa/Mammalia
NC_034974/K321/KEN/2012-08/Sus-scrofa/Mammalia	LC900477/PoAstV-2-wt-Pig-Japan-Uchi-10-2022/JPN/2022-10-18/Sus-scrofa/Mammalia
NC_034974/K321/KEN/2012-08/Sus-scrofa/Mammalia	PP871728/astro_vt_10/VNM/2014-06-19_2016-11-18/Sus-scrofa/Mammalia
NC_034974/K321/KEN/2012-08/Sus-scrofa/Mammalia	OL695855/AH2-5/CHN/2021/Sus-scrofa/Mammalia
NC_034974/K321/KEN/2012-08/Sus-scrofa/Mammalia	PP871726/astro_vt_8/VNM/2015-04-01_2016-12-12/Sus-scrofa/Mammalia
NC_034974/K321/KEN/2012-08/Sus-scrofa/Mammalia	OL695854/AH2-4/CHN/2021/Sus-scrofa/Mammalia
NC_034974/K321/KEN/2012-08/Sus-scrofa/Mammalia	NC_027711/DcAstV-274/ARE/2013-04-04/Camelus-dromedarius/Mammalia
NC_034974/K321/KEN/2012-08/Sus-scrofa/Mammalia	PP871791/astro_vt_73/VNM/2015-01-27_2016-02-25/Sus-scrofa/Mammalia
NC_034974/K321/KEN/2012-08/Sus-scrofa/Mammalia	MW784069/7-168877/CHN/NA/NA/NA
NC_034974/K321/KEN/2012-08/Sus-scrofa/Mammalia	PV089621/PAstV2-CHN-SW25-2024/CHN/2024-06-21/Sus-scrofa/Mammalia
NC_034974/K321/KEN/2012-08/Sus-scrofa/Mammalia	OL695851/AH2-1/CHN/2021/Sus-scrofa/Mammalia
NC_034974/K321/KEN/2012-08/Sus-scrofa/Mammalia	MW784108/s68-555025/CHN/NA/NA/NA
MN920668/war204ast1/CHN/2018/NA/NA	MN920668/war204ast1/CHN/2018/NA/NA
MK096774/PasAstV-2/GUF/2016-10/NA/Aves	MK096774/PasAstV-2/GUF/2016-10/NA/Aves
MG599925/NA/CHN/NA/NA/Actinopteri	MG599925/NA/CHN/NA/NA/Actinopteri
NC_024498/CH13/LAO/2012-03/Bos-taurus/Mammalia	NC_024498/CH13/LAO/2012-03/Bos-taurus/Mammalia
NC_024498/CH13/LAO/2012-03/Bos-taurus/Mammalia	KX266908/43660/LAO/2015-02-20/Bos-taurus/Mammalia
NC_024498/CH13/LAO/2012-03/Bos-taurus/Mammalia	OR367571/sichuanganzi111-7897/CHN/2021-05/Bos-mutus/Mammalia
NC_024498/CH13/LAO/2012-03/Bos-taurus/Mammalia	KX266907/43661/LAO/2015-02-20/Bos-taurus/Mammalia
NC_024498/CH13/LAO/2012-03/Bos-taurus/Mammalia	LC341267/NA/JPN/2016-12/Bos-taurus/Mammalia
NC_024498/CH13/LAO/2012-03/Bos-taurus/Mammalia	KX266906/42799/LAO/2015-02-20/Bos-taurus/Mammalia
NC_024498/CH13/LAO/2012-03/Bos-taurus/Mammalia	KX266905/23985/LAO/2015-02-20/Bos-taurus/Mammalia
NC_024498/CH13/LAO/2012-03/Bos-taurus/Mammalia	KX266904/36716/LAO/2015-02-20/Bos-taurus/Mammalia
NC_024498/CH13/LAO/2012-03/Bos-taurus/Mammalia	KX266903/26875/LAO/2015-02-20/Bos-taurus/Mammalia
NC_024498/CH13/LAO/2012-03/Bos-taurus/Mammalia	PZ146428/BoAst-GXGG25/CHN/2024/Bos-taurus/Mammalia
NC_024498/CH13/LAO/2012-03/Bos-taurus/Mammalia	KX266902/26730/LAO/2015-02-20/Bos-taurus/Mammalia
NC_024498/CH13/LAO/2012-03/Bos-taurus/Mammalia	KX266901/23871/LAO/2015-02-20/Bos-taurus/Mammalia
NC_024498/CH13/LAO/2012-03/Bos-taurus/Mammalia	KF233994/NeuroS1/USA/2011-10/Bos-taurus/Mammalia
NC_024498/CH13/LAO/2012-03/Bos-taurus/Mammalia	MN464146/NA/ITA/NA/Bos-taurus/Mammalia
NC_024498/CH13/LAO/2012-03/Bos-taurus/Mammalia	MK386569/NA/URY/2018-06/Bos-taurus/Mammalia
NC_024498/CH13/LAO/2012-03/Bos-taurus/Mammalia	MK987103/BoAstV-VC65-698/LAO/2016/Bos-taurus/Mammalia
NC_024498/CH13/LAO/2012-03/Bos-taurus/Mammalia	MK987100/BoAstV-VC34-346/LAO/2016/Bos-taurus/Mammalia
NC_024498/CH13/LAO/2012-03/Bos-taurus/Mammalia	KM035759/CH13/LAO/2012-03/Bos-taurus/Mammalia
PX941856/SN-6192/CHN/2022/Bos-taurus/Mammalia	PX941856/SN-6192/CHN/2022/Bos-taurus/Mammalia
PV793827/AstroviridaeCranefe81/CHN/2024-01/Leucogeranus-leucogeranus/Aves	PV793827/AstroviridaeCranefe81/CHN/2024-01/Leucogeranus-leucogeranus/Aves
PV656460/TNG04553/TZA/2023-12-01/Homo-sapiens/Mammalia	PV656460/TNG04553/TZA/2023-12-01/Homo-sapiens/Mammalia
PV656460/TNG04553/TZA/2023-12-01/Homo-sapiens/Mammalia	OR222911/SY2101/CHN/2021/Homo-sapiens/Mammalia
PV656460/TNG04553/TZA/2023-12-01/Homo-sapiens/Mammalia	PV656459/TNG04545/TZA/2023-11-08/Homo-sapiens/Mammalia
PV656460/TNG04553/TZA/2023-12-01/Homo-sapiens/Mammalia	FJ402983/NA/USA/2008/NA/NA
PV656460/TNG04553/TZA/2023-12-01/Homo-sapiens/Mammalia	MK089434/151502405/ESP/2016/Homo-sapiens/Mammalia
PV656460/TNG04553/TZA/2023-12-01/Homo-sapiens/Mammalia	MZ707081/WYL077032/CHN/2020-07/Homo-sapiens/Mammalia
PV656460/TNG04553/TZA/2023-12-01/Homo-sapiens/Mammalia	OQ968311/20274-SD-CHN-MLB1/CHN/2020/Homo-sapiens/Mammalia
PV656460/TNG04553/TZA/2023-12-01/Homo-sapiens/Mammalia	OQ968310/20248-SD-CHN-MLB1/CHN/2020/Homo-sapiens/Mammalia
PV656460/TNG04553/TZA/2023-12-01/Homo-sapiens/Mammalia	MZ603071/HAstV-MLB1_RVAB/NA/2010/NA/NA
PV656460/TNG04553/TZA/2023-12-01/Homo-sapiens/Mammalia	OQ968309/20238-SD-CHN-MLB1/CHN/2020/Homo-sapiens/Mammalia
PV656460/TNG04553/TZA/2023-12-01/Homo-sapiens/Mammalia	LC695000/MLB1-210749-Tokyo-2021/JPN/2021-11/Homo-sapiens/Mammalia
PV656460/TNG04553/TZA/2023-12-01/Homo-sapiens/Mammalia	OQ968308/20155-SD-CHN-MLB1/CHN/2020/Homo-sapiens/Mammalia
PV656460/TNG04553/TZA/2023-12-01/Homo-sapiens/Mammalia	LC694999/MLB1-210750-Tokyo-2021/JPN/2021-11/Homo-sapiens/Mammalia
PV656460/TNG04553/TZA/2023-12-01/Homo-sapiens/Mammalia	LC694998/MLB1-210966-Tokyo-2021/JPN/2021-12/Homo-sapiens/Mammalia
PV656460/TNG04553/TZA/2023-12-01/Homo-sapiens/Mammalia	FJ222451/MLB1/AUS/1999-10-06/NA/NA
PV656460/TNG04553/TZA/2023-12-01/Homo-sapiens/Mammalia	AB823732/BtnMLB1-86/BTN/2010-05-22/Homo-sapiens/Mammalia
PV656460/TNG04553/TZA/2023-12-01/Homo-sapiens/Mammalia	JQ086552/SY071/CHN/2010/Homo-sapiens/Mammalia
PV656460/TNG04553/TZA/2023-12-01/Homo-sapiens/Mammalia	AB823731/BtnMLB1-40/BTN/2010-03-03/Homo-sapiens/Mammalia
PV656460/TNG04553/TZA/2023-12-01/Homo-sapiens/Mammalia	MH933755/CMRHP45/CMR/2014-12/Homo-sapiens/Mammalia
PV656460/TNG04553/TZA/2023-12-01/Homo-sapiens/Mammalia	NC_011400/MLB1/AUS/1999-10-06/NA/NA
PV656460/TNG04553/TZA/2023-12-01/Homo-sapiens/Mammalia	HM450380/MLB1-HK05/HKG/2005/Homo-sapiens/Mammalia
PV656460/TNG04553/TZA/2023-12-01/Homo-sapiens/Mammalia	LC064152/NA/JPN/2015-05-31/Homo-sapiens/Mammalia
PQ678016/NJLS-YNSC15/CHN/2021/Eothenomys-miletus/Mammalia	PQ678016/NJLS-YNSC15/CHN/2021/Eothenomys-miletus/Mammalia
PP711188/Hplan-A_304122/AUS/2017/Heteronotia-planiceps/Lepidosauria	PP711188/Hplan-A_304122/AUS/2017/Heteronotia-planiceps/Lepidosauria
PP571883/GX-WZ-2023/CHN/2023/Capra-hircus/Mammalia	PP571883/GX-WZ-2023/CHN/2023/Capra-hircus/Mammalia
PP571883/GX-WZ-2023/CHN/2023/Capra-hircus/Mammalia	MW784100/R49-1743887/CHN/NA/NA/NA
PP571883/GX-WZ-2023/CHN/2023/Capra-hircus/Mammalia	PV400866/NA/CHN/2025-03-01/Ovis-aries/Mammalia
PP571883/GX-WZ-2023/CHN/2023/Capra-hircus/Mammalia	PQ062282/GS-DX-12-2023/CHN/2023/Capra-hircus/Mammalia
PP571883/GX-WZ-2023/CHN/2023/Capra-hircus/Mammalia	PP871762/astro_vt_44/VNM/2014-08-31/Capra-hircus/Mammalia
PP571883/GX-WZ-2023/CHN/2023/Capra-hircus/Mammalia	PV400865/NA/CHN/2025-03-01/Ovis-aries/Mammalia
PP571883/GX-WZ-2023/CHN/2023/Capra-hircus/Mammalia	PX492159/NA/USA/2025/Capra-hircus/Mammalia
PP571883/GX-WZ-2023/CHN/2023/Capra-hircus/Mammalia	MK404649/NA/LAO/2017/Ovis-aries/Mammalia
PP571883/GX-WZ-2023/CHN/2023/Capra-hircus/Mammalia	MK404648/NA/LAO/2017/Ovis-aries/Mammalia
PP571883/GX-WZ-2023/CHN/2023/Capra-hircus/Mammalia	MK404647/NA/LAO/2017/Capra-hircus/Mammalia
PP571883/GX-WZ-2023/CHN/2023/Capra-hircus/Mammalia	PQ805454/GX-HC-C10-2024/CHN/2024/Capra-hircus/Mammalia
PP571883/GX-WZ-2023/CHN/2023/Capra-hircus/Mammalia	PP646881/GX-WZ-2023/CHN/2023/Capra-hircus/Mammalia
PP571883/GX-WZ-2023/CHN/2023/Capra-hircus/Mammalia	MZ005893/China-SWUN-F4-2019/CHN/2019-01-01/Capra-hircus/Mammalia
PP571883/GX-WZ-2023/CHN/2023/Capra-hircus/Mammalia	PV987765/NA/CHN/2025-03-01/Ovis-aries/Mammalia
PP571883/GX-WZ-2023/CHN/2023/Capra-hircus/Mammalia	OQ758025/NA/HUN/2020/Capra-hircus/Mammalia
OQ802750/WZ_My.laniger_astro_2/CHN/2016_2017/Myotis-laniger/Mammalia	OQ802750/WZ_My.laniger_astro_2/CHN/2016_2017/Myotis-laniger/Mammalia
OQ198050/AstroviridaeDogfe316C2full/CHN/2020_2021/Canis-lupus/Mammalia	OQ198050/AstroviridaeDogfe316C2full/CHN/2020_2021/Canis-lupus/Mammalia
OQ198050/AstroviridaeDogfe316C2full/CHN/2020_2021/Canis-lupus/Mammalia	OR367588/xizangshannan41-8572/CHN/2021-05/Bos-mutus/Mammalia
OQ198050/AstroviridaeDogfe316C2full/CHN/2020_2021/Canis-lupus/Mammalia	LC047795/NA/JPN/2014/Bos-taurus/Mammalia
OQ198050/AstroviridaeDogfe316C2full/CHN/2020_2021/Canis-lupus/Mammalia	LC047794/NA/JPN/2009/Bos-taurus/Mammalia
OQ198050/AstroviridaeDogfe316C2full/CHN/2020_2021/Canis-lupus/Mammalia	LC047792/NA/JPN/2009/Bos-taurus/Mammalia
OQ198050/AstroviridaeDogfe316C2full/CHN/2020_2021/Canis-lupus/Mammalia	ON624259/NA/CHN/2021/Bos-taurus/Mammalia
OQ198050/AstroviridaeDogfe316C2full/CHN/2020_2021/Canis-lupus/Mammalia	LC047791/NA/JPN/2009/Bos-taurus/Mammalia
OQ198050/AstroviridaeDogfe316C2full/CHN/2020_2021/Canis-lupus/Mammalia	OQ198042/AstroviridaeDogfe346C1full/CHN/2020_2021/Canis-lupus/Mammalia
OQ198050/AstroviridaeDogfe316C2full/CHN/2020_2021/Canis-lupus/Mammalia	ON624283/NA/CHN/2021/Bos-taurus/Mammalia
OQ198050/AstroviridaeDogfe316C2full/CHN/2020_2021/Canis-lupus/Mammalia	MW373720/BoAstv-CHN-JL-1-2019/CHN/2019-01/Bos-taurus/Mammalia
OQ198050/AstroviridaeDogfe316C2full/CHN/2020_2021/Canis-lupus/Mammalia	MW373717/BoAstv-CHN-Hubei-1-2019/CHN/2019-01/Bos-taurus/Mammalia
OQ198050/AstroviridaeDogfe316C2full/CHN/2020_2021/Canis-lupus/Mammalia	MW373716/BoAstv-CHN-SD-1-2019/CHN/2019-01/Bos-taurus/Mammalia
OQ198050/AstroviridaeDogfe316C2full/CHN/2020_2021/Canis-lupus/Mammalia	ON624274/NA/CHN/2021/Bos-taurus/Mammalia
OQ198050/AstroviridaeDogfe316C2full/CHN/2020_2021/Canis-lupus/Mammalia	ON624270/NA/CHN/2021/Bos-taurus/Mammalia
OQ198050/AstroviridaeDogfe316C2full/CHN/2020_2021/Canis-lupus/Mammalia	LC047788/NA/JPN/2013/Bos-taurus/Mammalia
OQ198050/AstroviridaeDogfe316C2full/CHN/2020_2021/Canis-lupus/Mammalia	ON624262/NA/CHN/2021/Bos-taurus/Mammalia
OQ198050/AstroviridaeDogfe316C2full/CHN/2020_2021/Canis-lupus/Mammalia	LC047789/NA/JPN/2009/Bos-taurus/Mammalia
OQ198050/AstroviridaeDogfe316C2full/CHN/2020_2021/Canis-lupus/Mammalia	LC047801/NA/JPN/2015/Bos-taurus/Mammalia
OQ198050/AstroviridaeDogfe316C2full/CHN/2020_2021/Canis-lupus/Mammalia	ON624258/NA/CHN/2021/Bos-taurus/Mammalia
OQ198050/AstroviridaeDogfe316C2full/CHN/2020_2021/Canis-lupus/Mammalia	LC047799/NA/JPN/2015/Bos-taurus/Mammalia
MW450837/BF2-astro-YN-CHN-2020/CHN/2020-02-20/Miniopterus-schreibersii/Mammalia	MW450837/BF2-astro-YN-CHN-2020/CHN/2020-02-20/Miniopterus-schreibersii/Mammalia
MK096773/PasAstV-1/GUF/NA/NA/Aves	MK096773/PasAstV-1/GUF/NA/NA/Aves
MG599924/NA/CHN/NA/NA/Actinopteri	MG599924/NA/CHN/NA/NA/Actinopteri
MK450332/NA/HUN/2011/Coracias-garrulus/Aves	MK450332/NA/HUN/2011/Coracias-garrulus/Aves
MH453800/AstV-Red-necked-Avocet-MW08-Interior/AUS/2013/Recurvirostra-novaehollandiae/Aves	MH453800/AstV-Red-necked-Avocet-MW08-Interior/AUS/2013/Recurvirostra-novaehollandiae/Aves
MG599914/NA/CHN/NA/Hypselotriton-orientalis/Amphibia	MG599914/NA/CHN/NA/Hypselotriton-orientalis/Amphibia
OR951080/HB2020_306_19370/CHN/2020/Rhinolophus-sinicus/Mammalia	OR951080/HB2020_306_19370/CHN/2020/Rhinolophus-sinicus/Mammalia
PQ421850/QJ1-CWDS/CHN/2017-10-14/Crocidura-dracula/Mammalia	PQ421850/QJ1-CWDS/CHN/2017-10-14/Crocidura-dracula/Mammalia
PQ421850/QJ1-CWDS/CHN/2017-10-14/Crocidura-dracula/Mammalia	PQ678017/LJNL-YNSC78/CHN/2021/Crocidura-fuliginosa/Mammalia
PP711878/6A-Kenya-BAT2988-2015/KEN/2015/Miniopterus-sp.-clade-1-TD-2020/Mammalia	PP711878/6A-Kenya-BAT2988-2015/KEN/2015/Miniopterus-sp.-clade-1-TD-2020/Mammalia
PP711878/6A-Kenya-BAT2988-2015/KEN/2015/Miniopterus-sp.-clade-1-TD-2020/Mammalia	PP711879/6B-Kenya-BAT0741-2015/KEN/2015/Miniopterus-sp.-clade-10-TD-2020/Mammalia
OQ802742/WZ_Ni.niviventer_astro_1/CHN/2016_2017/Niviventer-niviventer/Mammalia	OQ802742/WZ_Ni.niviventer_astro_1/CHN/2016_2017/Niviventer-niviventer/Mammalia
OQ802742/WZ_Ni.niviventer_astro_1/CHN/2016_2017/Niviventer-niviventer/Mammalia	PQ678010/YNMIX-YNSC216/CHN/2021_2023/Leopoldamys-neilli/Mammalia
OQ802742/WZ_Ni.niviventer_astro_1/CHN/2016_2017/Niviventer-niviventer/Mammalia	OQ802741/WZ_Le.edwardsi_astro_1/CHN/2016_2017/Leopoldamys-edwardsi/Mammalia
OQ802742/WZ_Ni.niviventer_astro_1/CHN/2016_2017/Niviventer-niviventer/Mammalia	KT946736/GX-006/CHN/NA/Rattus-norvegicus/Mammalia
OQ802742/WZ_Ni.niviventer_astro_1/CHN/2016_2017/Niviventer-niviventer/Mammalia	NC_036583/GX-006/CHN/NA/Rattus-norvegicus/Mammalia
OQ802742/WZ_Ni.niviventer_astro_1/CHN/2016_2017/Niviventer-niviventer/Mammalia	KT946735/HN-014/CHN/NA/Rattus-norvegicus/Mammalia
ON571622/NA/CHN/2020/Capra-hircus/Mammalia	ON571622/NA/CHN/2020/Capra-hircus/Mammalia
ON571622/NA/CHN/2020/Capra-hircus/Mammalia	ON624252/NA/CHN/2021/Bos-taurus/Mammalia
ON571622/NA/CHN/2020/Capra-hircus/Mammalia	PX941291/GSN1-6247/CHN/2023/Bos-taurus/Mammalia
ON571622/NA/CHN/2020/Capra-hircus/Mammalia	LC047793/NA/JPN/2009/Bos-taurus/Mammalia
ON571622/NA/CHN/2020/Capra-hircus/Mammalia	PX941165/DN-6237/CHN/2022/Bos-taurus/Mammalia
ON571622/NA/CHN/2020/Capra-hircus/Mammalia	PX941043/DBN-6320/CHN/2022/Bos-grunniens/Mammalia
ON571622/NA/CHN/2020/Capra-hircus/Mammalia	OM890931/NA/CHN/2020/Capra-hircus/Mammalia
ON571622/NA/CHN/2020/Capra-hircus/Mammalia	PV400867/NA/CHN/2025-03-01/Bos-taurus/Mammalia
ON571622/NA/CHN/2020/Capra-hircus/Mammalia	OR652457/stool/CHN/2023/Capra-hircus/Mammalia
MW037839/NA/AUS/2018-06/Felis-catus/Mammalia	MW037839/NA/AUS/2018-06/Felis-catus/Mammalia
MT138007/ltr178ast1/NA/2018/NA/NA	MT138007/ltr178ast1/NA/2018/NA/NA
MT152345/UK-2010/GBR/2010/NA/Mammalia	MT152345/UK-2010/GBR/2010/NA/Mammalia
MG599912/NA/CHN/NA/Sylvirana-guentheri/Amphibia	MG599912/NA/CHN/NA/Sylvirana-guentheri/Amphibia
MG599913/NA/CHN/NA/Pachytriton-brevipes/Amphibia	MG599913/NA/CHN/NA/Pachytriton-brevipes/Amphibia
NC_023632/NA/HKG/NA/Bos-taurus/Mammalia	NC_023632/NA/HKG/NA/Bos-taurus/Mammalia
NC_023632/NA/HKG/NA/Bos-taurus/Mammalia	NC_023629/NA/HKG/NA/Bos-taurus/Mammalia
NC_023632/NA/HKG/NA/Bos-taurus/Mammalia	HQ916316/NA/HKG/NA/Bos-taurus/Mammalia
NC_023632/NA/HKG/NA/Bos-taurus/Mammalia	HQ916314/NA/HKG/NA/Bos-taurus/Mammalia
KF753807/NA/CHN/2012-09-15/NA/NA	KF753807/NA/CHN/2012-09-15/NA/NA
KF753807/NA/CHN/2012-09-15/NA/NA	KF753806/NA/CHN/2012-09-15/NA/NA
KF753807/NA/CHN/2012-09-15/NA/NA	KF753805/NA/CHN/2012-09-15/NA/NA
KF753807/NA/CHN/2012-09-15/NA/NA	KF753804/NA/CHN/2012-09-15/NA/NA
OR951079/HB2020_303_11589/CHN/2020/Rhinolophus-ferrumequinum/Mammalia	OR951079/HB2020_303_11589/CHN/2020/Rhinolophus-ferrumequinum/Mammalia
PQ421849/YL-SCDW/CHN/2015-11-17/Anourosorex-squamipes/Mammalia	PQ421849/YL-SCDW/CHN/2015-11-17/Anourosorex-squamipes/Mammalia
PP711877/5A-Kenya-BAT0738-2015/KEN/2015/Miniopterus-sp.-clade-10-TD-2020/Mammalia	PP711877/5A-Kenya-BAT0738-2015/KEN/2015/Miniopterus-sp.-clade-10-TD-2020/Mammalia
OR907127/NA/CHN/2023-03-21/Anser-anser/Aves	OR907127/NA/CHN/2023-03-21/Anser-anser/Aves
OR907127/NA/CHN/2023-03-21/Anser-anser/Aves	OR907130/NA/CHN/2022-05-22/Anas-platyrhynchos/Aves
OR907127/NA/CHN/2023-03-21/Anser-anser/Aves	OR907129/NA/CHN/2023-04-01/Anas-platyrhynchos/Aves
OR907127/NA/CHN/2023-03-21/Anser-anser/Aves	OR907128/NA/CHN/2023-04-04/Anas-platyrhynchos/Aves
OR907127/NA/CHN/2023-03-21/Anser-anser/Aves	OR907126/NA/CHN/2023-03-29/Anas-platyrhynchos/Aves
OR907127/NA/CHN/2023-03-21/Anser-anser/Aves	OR907125/NA/CHN/2023-05-10/Anas-platyrhynchos/Aves
OR907127/NA/CHN/2023-03-21/Anser-anser/Aves	PX876879/AX11/CHN/2025-05-06/Anas-platyrhynchos/Aves
OR907127/NA/CHN/2023-03-21/Anser-anser/Aves	PX565185/TA422/CHN/2022-05/Anas-platyrhynchos/Aves
OR907127/NA/CHN/2023-03-21/Anser-anser/Aves	OR924089/NA/CHN/2021-03-23/Anas-platyrhynchos/Aves
OR907127/NA/CHN/2023-03-21/Anser-anser/Aves	KJ020899/NA/CHN/2013-06-22/Anas-platyrhynchos/Aves
OR907127/NA/CHN/2023-03-21/Anser-anser/Aves	OR924088/NA/CHN/2021-03-23/Anas-platyrhynchos/Aves
OR907127/NA/CHN/2023-03-21/Anser-anser/Aves	OR924087/NA/CHN/2021-03-23/Anas-platyrhynchos/Aves
OR907127/NA/CHN/2023-03-21/Anser-anser/Aves	OR924086/NA/CHN/2021-03-23/Anas-platyrhynchos/Aves
OQ198041/AstroviridaeDogfe351C1full/CHN/2020_2021/Canis-lupus/Mammalia	OQ198041/AstroviridaeDogfe351C1full/CHN/2020_2021/Canis-lupus/Mammalia
OQ198041/AstroviridaeDogfe351C1full/CHN/2020_2021/Canis-lupus/Mammalia	OQ198045/AstroviridaeDogfe331C1full/CHN/2020_2021/Canis-lupus/Mammalia
OQ198041/AstroviridaeDogfe351C1full/CHN/2020_2021/Canis-lupus/Mammalia	OQ198040/AstroviridaeDogfe352C1full/CHN/2020_2021/Canis-lupus/Mammalia
OQ198041/AstroviridaeDogfe351C1full/CHN/2020_2021/Canis-lupus/Mammalia	OQ198039/AstroviridaeDogfe352C7full/CHN/2020_2021/Canis-lupus/Mammalia
OQ198041/AstroviridaeDogfe351C1full/CHN/2020_2021/Canis-lupus/Mammalia	OQ198038/AstroviridaeDogfe360C3full/CHN/2020_2021/Canis-lupus/Mammalia
OQ198041/AstroviridaeDogfe351C1full/CHN/2020_2021/Canis-lupus/Mammalia	OQ198035/AstroviridaeDogfe376C1full/CHN/2020_2021/Canis-lupus/Mammalia
OM480533/NA/CHN/2019/NA/Magnoliopsida	OM480533/NA/CHN/2019/NA/Magnoliopsida
KY933399/U460/UGA/2012-11/Sus-scrofa/Mammalia	KY933399/U460/UGA/2012-11/Sus-scrofa/Mammalia
KY933399/U460/UGA/2012-11/Sus-scrofa/Mammalia	PP871720/astro_vt_2/VNM/2014-07-08_2016-10-11/Sus-scrofa/Mammalia
OR951087/YN2020_321_29515/CHN/2020/Miniopterus-schreibersii/Mammalia	OR951087/YN2020_321_29515/CHN/2020/Miniopterus-schreibersii/Mammalia
PQ435248/FeAstV-THA-CU34912-2023/LAO/2023-12/Felis-catus/Mammalia	PQ435248/FeAstV-THA-CU34912-2023/LAO/2023-12/Felis-catus/Mammalia
PQ435248/FeAstV-THA-CU34912-2023/LAO/2023-12/Felis-catus/Mammalia	MN148428/NA/CHN/2018-10/Panthera-tigris/Mammalia
PQ435248/FeAstV-THA-CU34912-2023/LAO/2023-12/Felis-catus/Mammalia	MW164633/BC-SPCA/CAN/2020-01/Felis-catus/Mammalia
PQ435248/FeAstV-THA-CU34912-2023/LAO/2023-12/Felis-catus/Mammalia	MW037841/NA/AUS/2018-06/Felis-catus/Mammalia
PQ435248/FeAstV-THA-CU34912-2023/LAO/2023-12/Felis-catus/Mammalia	PQ435247/FeAstV-THA-CU34901-2023/LAO/2023-12/Felis-catus/Mammalia
PQ435248/FeAstV-THA-CU34912-2023/LAO/2023-12/Felis-catus/Mammalia	MK671313/MAV2-18SY0803/CHN/2018/Felis-catus/Mammalia
PQ435248/FeAstV-THA-CU34912-2023/LAO/2023-12/Felis-catus/Mammalia	KF374704/Viseu/PRT/2012-12-01/Felis-catus/Mammalia
PQ435248/FeAstV-THA-CU34912-2023/LAO/2023-12/Felis-catus/Mammalia	PQ435246/FeAstV-THA-CU34594-2023/LAO/2023-11/Felis-catus/Mammalia
PQ435248/FeAstV-THA-CU34912-2023/LAO/2023-12/Felis-catus/Mammalia	MK671312/MAV2-18JL0705/CHN/2018/Felis-catus/Mammalia
PQ435248/FeAstV-THA-CU34912-2023/LAO/2023-12/Felis-catus/Mammalia	PX610528/NA/CHN/2024-01-10/Felis-catus/Mammalia
PQ435248/FeAstV-THA-CU34912-2023/LAO/2023-12/Felis-catus/Mammalia	PQ435245/FeAstV-THA-CU33812-2023/LAO/2023-10/Felis-catus/Mammalia
PQ435248/FeAstV-THA-CU34912-2023/LAO/2023-12/Felis-catus/Mammalia	MK671311/MAV2-18JL0310/CHN/2018/Felis-catus/Mammalia
PQ435248/FeAstV-THA-CU34912-2023/LAO/2023-12/Felis-catus/Mammalia	PX610527/NA/CHN/2024-07-21/Felis-catus/Mammalia
PQ435248/FeAstV-THA-CU34912-2023/LAO/2023-12/Felis-catus/Mammalia	PQ435244/FeAstV-THA-CU33183-2023/LAO/2023-07/Felis-catus/Mammalia
PQ435248/FeAstV-THA-CU34912-2023/LAO/2023-12/Felis-catus/Mammalia	MK671310/MAV2-18CC0502/CHN/2018/Felis-catus/Mammalia
PQ435248/FeAstV-THA-CU34912-2023/LAO/2023-12/Felis-catus/Mammalia	PQ435243/FeAstV-THA-CU33012-2023/LAO/2023-06/Felis-catus/Mammalia
PQ435248/FeAstV-THA-CU34912-2023/LAO/2023-12/Felis-catus/Mammalia	ON807320/G22-013/FRA/2016-06-06/NA/NA
PQ435248/FeAstV-THA-CU34912-2023/LAO/2023-12/Felis-catus/Mammalia	MK671309/MAV2-17SP0801/CHN/2017/Felis-catus/Mammalia
PQ435248/FeAstV-THA-CU34912-2023/LAO/2023-12/Felis-catus/Mammalia	PQ435242/FeAstV-THA-CU33010-2023/LAO/2023-06/Felis-catus/Mammalia
PQ435248/FeAstV-THA-CU34912-2023/LAO/2023-12/Felis-catus/Mammalia	MK671308/MAV2-17JL0318/CHN/2017/Felis-catus/Mammalia
PQ435248/FeAstV-THA-CU34912-2023/LAO/2023-12/Felis-catus/Mammalia	NC_022249/NA/HKG/2012-03-01/Felis-catus/Mammalia
PQ435248/FeAstV-THA-CU34912-2023/LAO/2023-12/Felis-catus/Mammalia	KF499111/NA/HKG/2012-03-01/Felis-catus/Mammalia
PQ435248/FeAstV-THA-CU34912-2023/LAO/2023-12/Felis-catus/Mammalia	PQ435241/FeAstV-THA-CU32639-2023/LAO/2023-05/Felis-catus/Mammalia
PQ435248/FeAstV-THA-CU34912-2023/LAO/2023-12/Felis-catus/Mammalia	ON595831/FPV-10/AUS/2017/Felis-catus/Mammalia
PQ435248/FeAstV-THA-CU34912-2023/LAO/2023-12/Felis-catus/Mammalia	MK671307/MAV2-17HRB0511/CHN/2017/Felis-catus/Mammalia
PQ435248/FeAstV-THA-CU34912-2023/LAO/2023-12/Felis-catus/Mammalia	PQ435240/FeAstV-THA-CU32538-2023/LAO/2023-05/Felis-catus/Mammalia
PQ435248/FeAstV-THA-CU34912-2023/LAO/2023-12/Felis-catus/Mammalia	LC778163/GU2-27TYT100/JPN/2023-02-27/Felis-catus/Mammalia
PQ435248/FeAstV-THA-CU34912-2023/LAO/2023-12/Felis-catus/Mammalia	ON595830/FPV-8/AUS/2016/Felis-catus/Mammalia
PQ435248/FeAstV-THA-CU34912-2023/LAO/2023-12/Felis-catus/Mammalia	MK671306/MAV2-17CC0308/CHN/2017/Felis-catus/Mammalia
PQ435248/FeAstV-THA-CU34912-2023/LAO/2023-12/Felis-catus/Mammalia	PQ435239/FeAstV-THA-CU31863-2023/LAO/2023-02/Felis-catus/Mammalia
PQ435248/FeAstV-THA-CU34912-2023/LAO/2023-12/Felis-catus/Mammalia	LC778161/GU2-27TYT101/JPN/2023-02-27/Felis-catus/Mammalia
PQ435248/FeAstV-THA-CU34912-2023/LAO/2023-12/Felis-catus/Mammalia	ON595829/FPV-6/AUS/2017/Felis-catus/Mammalia
PQ435248/FeAstV-THA-CU34912-2023/LAO/2023-12/Felis-catus/Mammalia	PQ435238/FeAstV-THA-CU30863-2022/LAO/2022-11/Felis-catus/Mammalia
PQ435248/FeAstV-THA-CU34912-2023/LAO/2023-12/Felis-catus/Mammalia	ON595827/FPV-4/AUS/2017/Felis-catus/Mammalia
PQ435248/FeAstV-THA-CU34912-2023/LAO/2023-12/Felis-catus/Mammalia	PQ435237/FeAstV-THA-CU28799-2022/LAO/2022-05/Felis-catus/Mammalia
PQ435248/FeAstV-THA-CU34912-2023/LAO/2023-12/Felis-catus/Mammalia	ON595826/FPV-3/AUS/2017/Felis-catus/Mammalia
PQ435248/FeAstV-THA-CU34912-2023/LAO/2023-12/Felis-catus/Mammalia	ON595825/FPV-2/AUS/2016/Felis-catus/Mammalia
PQ435248/FeAstV-THA-CU34912-2023/LAO/2023-12/Felis-catus/Mammalia	PV093024/NA/CHN/2023-01-01/Neogale-vison/Mammalia
PQ435248/FeAstV-THA-CU34912-2023/LAO/2023-12/Felis-catus/Mammalia	ON595824/FPV-1/AUS/2017/Felis-catus/Mammalia
PQ435248/FeAstV-THA-CU34912-2023/LAO/2023-12/Felis-catus/Mammalia	KM017743/FAstV-D3/USA/2013-10/Felis-catus/Mammalia
PQ435248/FeAstV-THA-CU34912-2023/LAO/2023-12/Felis-catus/Mammalia	KM017742/FAstV-D2/USA/2013-10/Felis-catus/Mammalia
PP711880/8A-Uganda-UGR87-2019/UGA/2019/Rousettus-aegyptiacus/Mammalia	PP711880/8A-Uganda-UGR87-2019/UGA/2019/Rousettus-aegyptiacus/Mammalia
MZ779126/NA/USA/2021-07-13/NA/Mammalia	MZ779126/NA/USA/2021-07-13/NA/Mammalia
MN920664/sru051ast1/CHN/2018/NA/NA	MN920664/sru051ast1/CHN/2018/NA/NA
MN503235/TIB-224-MA-USA-2018/USA/2018-05-04/Mus-musculus/Mammalia	MN503235/TIB-224-MA-USA-2018/USA/2018-05-04/Mus-musculus/Mammalia
MN503235/TIB-224-MA-USA-2018/USA/2018-05-04/Mus-musculus/Mammalia	MN503238/MI-USA-2018/USA/2018-12-20/Mus-musculus/Mammalia
MN503235/TIB-224-MA-USA-2018/USA/2018-05-04/Mus-musculus/Mammalia	MN503237/WCM2-NY-USA-2018/USA/2018-05-04/Mus-musculus/Mammalia
MN503235/TIB-224-MA-USA-2018/USA/2018-05-04/Mus-musculus/Mammalia	MN503236/WCM1-NY-USA-2018/USA/2018-05-04/Mus-musculus/Mammalia
MN503235/TIB-224-MA-USA-2018/USA/2018-05-04/Mus-musculus/Mammalia	MF175073/MAV2-NYC-2014-M007-0090/USA/2014-08-15/Mus-musculus/Mammalia
MH453801/AstV-Red-necked-Avocet-MW09-Interior/AUS/2013/Recurvirostra-novaehollandiae/Aves	MH453801/AstV-Red-necked-Avocet-MW09-Interior/AUS/2013/Recurvirostra-novaehollandiae/Aves
MG599915/NA/CHN/NA/Hypselotriton-orientalis/Amphibia	MG599915/NA/CHN/NA/Hypselotriton-orientalis/Amphibia
LT706531/UK-2013-ewe-lib01454/NA/NA/NA/NA	LT706531/UK-2013-ewe-lib01454/NA/NA/NA/NA
LT706531/UK-2013-ewe-lib01454/NA/NA/NA/NA	LT706530/UK-2014-lamb-lib01455/NA/NA/NA/NA
LT706531/UK-2013-ewe-lib01454/NA/NA/NA/NA	KY859988/NA/LAO/2006/Ovis-aries/Mammalia
LT706531/UK-2013-ewe-lib01454/NA/NA/NA/NA	MK286562/NA/LAO/1992/NA/NA
LT706531/UK-2013-ewe-lib01454/NA/NA/NA/NA	KT956903/CH15/LAO/2015/Bos-taurus/Mammalia
LT706531/UK-2013-ewe-lib01454/NA/NA/NA/NA	LN879482/NA/DEU/2014/Bos-taurus/Mammalia
LT706531/UK-2013-ewe-lib01454/NA/NA/NA/NA	PP926321/HB2/CHN/2022/NA/Arachnida
PV351773/HN_K11f_6/CHN/2024-06-20/Suncus-murinus/Mammalia	PV351773/HN_K11f_6/CHN/2024-06-20/Suncus-murinus/Mammalia
PV351773/HN_K11f_6/CHN/2024-06-20/Suncus-murinus/Mammalia	PQ678012/HHJP-YNSC152/CHN/2021/Rattus-tanezumi/Mammalia
OQ802743/WZ_Hy.pulveratus_astro_1/CHN/2016_2017/Hypsugo-pulveratus/Mammalia	OQ802743/WZ_Hy.pulveratus_astro_1/CHN/2016_2017/Hypsugo-pulveratus/Mammalia
OM095382/JM/CHN/2021-03-08/Anas-platyrhynchos/Aves	OM095382/JM/CHN/2021-03-08/Anas-platyrhynchos/Aves
MT138010/prf037ast2/NA/2018/NA/NA	MT138010/prf037ast2/NA/2018/NA/NA
MT138010/prf037ast2/NA/2018/NA/NA	MT138011/prf038ast1/NA/2018/NA/NA
MN920663/spa143ast1/CHN/2018/NA/NA	MN920663/spa143ast1/CHN/2018/NA/NA
PV793829/AstroviridaeGoosefe94/CHN/2024-01/NA/Aves	PV793829/AstroviridaeGoosefe94/CHN/2024-01/NA/Aves
PQ678015/DHMS-YNSC01/CHN/2021/Rattus-tanezumi/Mammalia	PQ678015/DHMS-YNSC01/CHN/2021/Rattus-tanezumi/Mammalia
LC849253/AstV-Raccoon_dog-Kodo2023-51-2023-JPN/JPN/2023-11-27/Nyctereutes-procyonoides/Mammalia	LC849253/AstV-Raccoon_dog-Kodo2023-51-2023-JPN/JPN/2023-11-27/Nyctereutes-procyonoides/Mammalia
LC849253/AstV-Raccoon_dog-Kodo2023-51-2023-JPN/JPN/2023-11-27/Nyctereutes-procyonoides/Mammalia	OQ198033/AstroviridaeDogfe437C1full/CHN/2020_2021/Canis-lupus/Mammalia
LC849253/AstV-Raccoon_dog-Kodo2023-51-2023-JPN/JPN/2023-11-27/Nyctereutes-procyonoides/Mammalia	OZ453984/NA/GBR/2022/NA/NA
LC849253/AstV-Raccoon_dog-Kodo2023-51-2023-JPN/JPN/2023-11-27/Nyctereutes-procyonoides/Mammalia	KX599352/NA/HUN/2012-04-27/Canis-lupus/Mammalia
LC849253/AstV-Raccoon_dog-Kodo2023-51-2023-JPN/JPN/2023-11-27/Nyctereutes-procyonoides/Mammalia	PQ423910/NA/LAO/2022-08/Canis-lupus/Mammalia
PP711883/20A-Kenya-RNALIV2211-2016/KEN/2016/Aethomys-hindei/Mammalia	PP711883/20A-Kenya-RNALIV2211-2016/KEN/2016/Aethomys-hindei/Mammalia
OQ198047/AstroviridaeDogfe326C1full/CHN/2020_2021/Canis-lupus/Mammalia	OQ198047/AstroviridaeDogfe326C1full/CHN/2020_2021/Canis-lupus/Mammalia
MG599923/NA/CHN/NA/NA/Actinopteri	MG599923/NA/CHN/NA/NA/Actinopteri
KF859964/NA/BFA/2010/Homo-sapiens/Mammalia	KF859964/NA/BFA/2010/Homo-sapiens/Mammalia
KF859964/NA/BFA/2010/Homo-sapiens/Mammalia	NC_024472/NA/BFA/2010/Homo-sapiens/Mammalia
KF859964/NA/BFA/2010/Homo-sapiens/Mammalia	KJ656124/VA5-human-Gambia-102139-2009/GMB/2009-02-20/Homo-sapiens/Mammalia
OR951097/JX2021_367_194485/CHN/2021/Rhinolophus-sinicus/Mammalia	OR951097/JX2021_367_194485/CHN/2021/Rhinolophus-sinicus/Mammalia
PQ678013/ZTMIX-YNSC193/CHN/2022/Niviventer-huang/Mammalia	PQ678013/ZTMIX-YNSC193/CHN/2022/Niviventer-huang/Mammalia
PP711881/9A-Kenya-BAT2999-2015/KEN/2015/Miniopterus-sp.-clade-1-TD-2020/Mammalia	PP711881/9A-Kenya-BAT2999-2015/KEN/2015/Miniopterus-sp.-clade-1-TD-2020/Mammalia
OQ802748/WZ_Pi.abramus_astro_2/CHN/2016_2017/Pipistrellus-abramus/Mammalia	OQ802748/WZ_Pi.abramus_astro_2/CHN/2016_2017/Pipistrellus-abramus/Mammalia
OQ802748/WZ_Pi.abramus_astro_2/CHN/2016_2017/Pipistrellus-abramus/Mammalia	OQ802749/WZ_Pi.abramus_astro_3/CHN/2016_2017/Pipistrellus-abramus/Mammalia
OQ802748/WZ_Pi.abramus_astro_2/CHN/2016_2017/Pipistrellus-abramus/Mammalia	OQ802747/WZ_Pi.abramus_astro_1/CHN/2016_2017/Pipistrellus-abramus/Mammalia
OQ802748/WZ_Pi.abramus_astro_2/CHN/2016_2017/Pipistrellus-abramus/Mammalia	OQ236136/AstV-GD-L84.18-2021/CHN/2021-12/NA/Mammalia
ON624251/NA/CHN/2021/Bos-taurus/Mammalia	ON624251/NA/CHN/2021/Bos-taurus/Mammalia
ON624251/NA/CHN/2021/Bos-taurus/Mammalia	OR367595/YakFeces02-3682/CHN/2021-05/Bos-mutus/Mammalia
ON624251/NA/CHN/2021/Bos-taurus/Mammalia	ON624254/NA/CHN/2021/Bos-taurus/Mammalia
ON624251/NA/CHN/2021/Bos-taurus/Mammalia	ON624253/NA/CHN/2021/Bos-taurus/Mammalia
ON624251/NA/CHN/2021/Bos-taurus/Mammalia	OK107513/NA/CHN/2020/Capra-hircus/Mammalia
ON624251/NA/CHN/2021/Bos-taurus/Mammalia	OP331312/NA/NA/NA/NA/NA
ON624251/NA/CHN/2021/Bos-taurus/Mammalia	OR367580/xizangnaqu22-12511/CHN/2021-05/Bos-mutus/Mammalia
ON624251/NA/CHN/2021/Bos-taurus/Mammalia	OQ198046/AstroviridaeDogfe326C3full/CHN/2020_2021/Canis-lupus/Mammalia
ON624251/NA/CHN/2021/Bos-taurus/Mammalia	ON624279/NA/CHN/2021/Bos-taurus/Mammalia
ON624251/NA/CHN/2021/Bos-taurus/Mammalia	OR367576/xizangnaqu17-4658/CHN/2021-05/Bos-mutus/Mammalia
ON624251/NA/CHN/2021/Bos-taurus/Mammalia	OQ198043/AstroviridaeDogfe338C1full/CHN/2020_2021/Canis-lupus/Mammalia
ON624251/NA/CHN/2021/Bos-taurus/Mammalia	LC047790/NA/JPN/2009/Bos-taurus/Mammalia
ON624251/NA/CHN/2021/Bos-taurus/Mammalia	ON552247/NA/USA/2021-11-23/Bos-taurus/Mammalia
ON624251/NA/CHN/2021/Bos-taurus/Mammalia	MW373719/BoAstv-CHN-Henan-1-2019/CHN/2019-01/Bos-taurus/Mammalia
ON624251/NA/CHN/2021/Bos-taurus/Mammalia	MW373718/BoAstv-CHN-Henan-2-2019/CHN/2019-01/Bos-taurus/Mammalia
ON624251/NA/CHN/2021/Bos-taurus/Mammalia	PV853945/Indiana-2024/USA/2024/Capra-hircus/Mammalia
ON624251/NA/CHN/2021/Bos-taurus/Mammalia	KP264970/BSRI-1/USA/2013-03-01/Bos-taurus/Mammalia
ON624251/NA/CHN/2021/Bos-taurus/Mammalia	ON191568/NA/USA/2020-12-16/Bos-taurus/Mammalia
ON624251/NA/CHN/2021/Bos-taurus/Mammalia	MK404645/NA/LAO/2017/Capra-hircus/Mammalia
ON624251/NA/CHN/2021/Bos-taurus/Mammalia	MK987102/BoAstV-VC65-693/LAO/2016/Bos-taurus/Mammalia
ON624251/NA/CHN/2021/Bos-taurus/Mammalia	PQ805455/GX-HC-G20-2024/CHN/2024/Capra-hircus/Mammalia
ON624251/NA/CHN/2021/Bos-taurus/Mammalia	MK987101/BoAstV-VC34-375/LAO/2016/Bos-taurus/Mammalia
ON624251/NA/CHN/2021/Bos-taurus/Mammalia	LC047800/NA/JPN/2015/Bos-taurus/Mammalia
ON624251/NA/CHN/2021/Bos-taurus/Mammalia	PX692893/USL0038_MX/MEX/2024-02-15/Bos-taurus/Mammalia
ON624251/NA/CHN/2021/Bos-taurus/Mammalia	ON624257/NA/CHN/2021/Bos-taurus/Mammalia
ON624251/NA/CHN/2021/Bos-taurus/Mammalia	PX692892/USL0024_MX/MEX/2024-02-15/Bos-taurus/Mammalia
ON624251/NA/CHN/2021/Bos-taurus/Mammalia	ON624256/NA/CHN/2021/Bos-taurus/Mammalia
ON624251/NA/CHN/2021/Bos-taurus/Mammalia	LC047798/NA/JPN/2015/Bos-taurus/Mammalia
ON624251/NA/CHN/2021/Bos-taurus/Mammalia	PX692891/USL0008_MX/MEX/2024-02-14/Bos-taurus/Mammalia
ON624251/NA/CHN/2021/Bos-taurus/Mammalia	OR367602/YakFeces06-1294/CHN/2021-05/Bos-mutus/Mammalia
MN920665/stc111ast1/CHN/2018/NA/NA	MN920665/stc111ast1/CHN/2018/NA/NA
MK089435/668/LAO/2015/Homo-sapiens/Mammalia	MK089435/668/LAO/2015/Homo-sapiens/Mammalia
MK089435/668/LAO/2015/Homo-sapiens/Mammalia	KX273058/SimianAstV/NA/NA/NA/NA
MK089435/668/LAO/2015/Homo-sapiens/Mammalia	ON807319/G22-012/FRA/2006-01-10/NA/NA
MK089435/668/LAO/2015/Homo-sapiens/Mammalia	AB829252/GUP187/TUR/2005-11/Homo-sapiens/Mammalia
MK089435/668/LAO/2015/Homo-sapiens/Mammalia	JF742759/MLB2-human-Stl-WD0559-2008/USA/2008/Homo-sapiens/Mammalia
MK089435/668/LAO/2015/Homo-sapiens/Mammalia	NC_016155/MLB2-human-Stl-WD0559-2008/USA/2008/Homo-sapiens/Mammalia
MK089435/668/LAO/2015/Homo-sapiens/Mammalia	KT224358/MLB2-human-Geneva-2014/LAO/2014-09/Homo-sapiens/Mammalia
MK089435/668/LAO/2015/Homo-sapiens/Mammalia	MK327365/MLB-YJMGK/CHN/2016/Homo-sapiens/Mammalia
MG599921/NA/CHN/NA/Macroramphosus-scolopax/Actinopteri	MG599921/NA/CHN/NA/Macroramphosus-scolopax/Actinopteri
OQ236134/AstV-GZ-L162.18b-2022/CHN/2022-08/Myotis-pilosus/Mammalia	OQ236134/AstV-GZ-L162.18b-2022/CHN/2022-08/Myotis-pilosus/Mammalia
OQ236134/AstV-GZ-L162.18b-2022/CHN/2022-08/Myotis-pilosus/Mammalia	OR951074/GD2016_278_174689/CHN/2016/Myotis-chinensis/Mammalia
OQ236134/AstV-GZ-L162.18b-2022/CHN/2022-08/Myotis-pilosus/Mammalia	OR951055/JX2020/CHN/2020/Myotis-pilosus/Mammalia
OQ986608/RHFU/LAO/2021-02_2021-03/NA/NA	OQ986608/RHFU/LAO/2021-02_2021-03/NA/NA
MW385413/NA/CHN/2017-12-28/NA/Aves	MW385413/NA/CHN/2017-12-28/NA/Aves
MW385413/NA/CHN/2017-12-28/NA/Aves	MW385414/NA/CHN/2017-12-28/NA/Aves
MZ375134/1PE-RDRP-4/CHN/2020/Phrynocephalus-erythrurus/Lepidosauria	MZ375134/1PE-RDRP-4/CHN/2020/Phrynocephalus-erythrurus/Lepidosauria
MH933754/CMRHP6/CMR/2014-12/Homo-sapiens/Mammalia	MH933754/CMRHP6/CMR/2014-12/Homo-sapiens/Mammalia
MG599907/NA/CHN/NA/Teratoscincus-roborowskii/Lepidosauria	MG599907/NA/CHN/NA/Teratoscincus-roborowskii/Lepidosauria
MG599882/NA/CHN/NA/Banjos-banjos/Actinopteri	MG599882/NA/CHN/NA/Banjos-banjos/Actinopteri
EU847155/AFCD337/CHN/2006/Miniopterus-pusillus/Mammalia	EU847155/AFCD337/CHN/2006/Miniopterus-pusillus/Mammalia
EU847155/AFCD337/CHN/2006/Miniopterus-pusillus/Mammalia	NC_043102/AFCD337/CHN/2006/Miniopterus-pusillus/Mammalia
JN420351/1136/USA/2010/Zalophus-californianus/Mammalia	JN420351/1136/USA/2010/Zalophus-californianus/Mammalia
JN420351/1136/USA/2010/Zalophus-californianus/Mammalia	JN420355/1207/USA/2010/Zalophus-californianus/Mammalia
JN420351/1136/USA/2010/Zalophus-californianus/Mammalia	JN420353/1153/USA/2010/Zalophus-californianus/Mammalia
OQ236130/AstV-SC-L74.18e-2021/CHN/2021-12/Hipposideros-armiger/Mammalia	OQ236130/AstV-SC-L74.18e-2021/CHN/2021-12/Hipposideros-armiger/Mammalia
OQ986607/GEIG/LAO/2021-02_2021-03/NA/NA	OQ986607/GEIG/LAO/2021-02_2021-03/NA/NA
MW385412/NA/CHN/2017-12-28/NA/Aves	MW385412/NA/CHN/2017-12-28/NA/Aves
MZ375133/1PE-RDRP-3/CHN/2020/Phrynocephalus-erythrurus/Lepidosauria	MZ375133/1PE-RDRP-3/CHN/2020/Phrynocephalus-erythrurus/Lepidosauria
MT138000/coa196ast2nc/NA/2018/NA/NA	MT138000/coa196ast2nc/NA/2018/NA/NA
MT138000/coa196ast2nc/NA/2018/NA/NA	MN920666/tom152ast1/CHN/2018/NA/NA
MT138000/coa196ast2nc/NA/2018/NA/NA	MT138001/coa197ast1/NA/2018/NA/NA
MG599906/NA/CHN/NA/Leptobrachium-hainanense/Amphibia	MG599906/NA/CHN/NA/Leptobrachium-hainanense/Amphibia
KY024237/HHMAstV1/CHN/2013_2014/Marmota-himalayana/Mammalia	KY024237/HHMAstV1/CHN/2013_2014/Marmota-himalayana/Mammalia
KY024237/HHMAstV1/CHN/2013_2014/Marmota-himalayana/Mammalia	PV708886/Chenqi-074/CHN/2023/Marmota-sibirica/Mammalia
KY024237/HHMAstV1/CHN/2013_2014/Marmota-himalayana/Mammalia	NC_033792/HHMAstV1/CHN/2013_2014/Marmota-himalayana/Mammalia
MT137999/coa196ast1/NA/2018/NA/NA	MT137999/coa196ast1/NA/2018/NA/NA
MT137999/coa196ast1/NA/2018/NA/NA	MN920667/tom152ast2/CHN/2018/NA/NA
MG599895/NA/CHN/NA/Coelorinchus-multispinulosus/Actinopteri	MG599895/NA/CHN/NA/Coelorinchus-multispinulosus/Actinopteri
MG599908/NA/CHN/NA/Microhyla-pulchra/Amphibia	MG599908/NA/CHN/NA/Microhyla-pulchra/Amphibia
KY214438/15V010/BEL/2015-01/Sus-scrofa/Mammalia	KY214438/15V010/BEL/2015-01/Sus-scrofa/Mammalia
KY214438/15V010/BEL/2015-01/Sus-scrofa/Mammalia	MW082586/NA/CHN/2018/Sus-scrofa/Mammalia
JF729316/TN-rabbit-10-2208/USA/2010-06-04/Oryctolagus-cuniculus/Mammalia	JF729316/TN-rabbit-10-2208/USA/2010-06-04/Oryctolagus-cuniculus/Mammalia
JF729316/TN-rabbit-10-2208/USA/2010-06-04/Oryctolagus-cuniculus/Mammalia	OR670489/CHL-Valparaiso-RNLP-D114-2021/CHL/2021-10-21/Oryctolagus-cuniculus/Mammalia
JF729316/TN-rabbit-10-2208/USA/2010-06-04/Oryctolagus-cuniculus/Mammalia	MZ682112/SD-Z317-2021/CHN/2020/Oryctolagus-cuniculus/Mammalia
JF729316/TN-rabbit-10-2208/USA/2010-06-04/Oryctolagus-cuniculus/Mammalia	NC_025346/TN-rabbit-10-2208/USA/2010-06-04/Oryctolagus-cuniculus/Mammalia
PQ421846/LQ4-XSQ/CHN/2019-10-20/Crocidura-suaveolens/Mammalia	PQ421846/LQ4-XSQ/CHN/2019-10-20/Crocidura-suaveolens/Mammalia
PQ421846/LQ4-XSQ/CHN/2019-10-20/Crocidura-suaveolens/Mammalia	PQ421854/ML2-CQJ-2/CHN/2020-11-21/Suncus-murinus/Mammalia
PQ421846/LQ4-XSQ/CHN/2019-10-20/Crocidura-suaveolens/Mammalia	PQ421853/ML2-CQJ-1/CHN/2020-11-20/Suncus-murinus/Mammalia
PQ421846/LQ4-XSQ/CHN/2019-10-20/Crocidura-suaveolens/Mammalia	PQ421848/LS-CWQ/CHN/2015-11-02/Episoriculus-caudatus/Mammalia
PQ421846/LQ4-XSQ/CHN/2019-10-20/Crocidura-suaveolens/Mammalia	PQ421847/LS-SCDW-2/CHN/2015-11-01/Anourosorex-squamipes/Mammalia
PQ421846/LQ4-XSQ/CHN/2019-10-20/Crocidura-suaveolens/Mammalia	PQ421845/FG-DCQY/CHN/2015-10-24/Uropsilus-gracilis/Mammalia
PQ421846/LQ4-XSQ/CHN/2019-10-20/Crocidura-suaveolens/Mammalia	PQ421844/FG-HSQ/CHN/2015-10-22/Crocidura-attenuata/Mammalia
PQ421846/LQ4-XSQ/CHN/2019-10-20/Crocidura-suaveolens/Mammalia	PQ421843/SF-HSQ/CHN/2019-05-23/Crocidura-attenuata/Mammalia
PQ421846/LQ4-XSQ/CHN/2019-10-20/Crocidura-suaveolens/Mammalia	PQ421842/SJ-HSQ/CHN/2019-05-11/Crocidura-attenuata/Mammalia
PQ421846/LQ4-XSQ/CHN/2019-10-20/Crocidura-suaveolens/Mammalia	PQ678019/LJNL-YNSC78/CHN/2021/Crocidura-fuliginosa/Mammalia
PV247174/LUVAS-2023-PAstV_21/IND/2023/Sus-scrofa/Mammalia	PV247174/LUVAS-2023-PAstV_21/IND/2023/Sus-scrofa/Mammalia
PV247174/LUVAS-2023-PAstV_21/IND/2023/Sus-scrofa/Mammalia	OL689632/AH-1/CHN/2021/Sus-scrofa/Mammalia
PV247174/LUVAS-2023-PAstV_21/IND/2023/Sus-scrofa/Mammalia	MW504546/15217_AST_len_6452_cov_17.307332/USA/2018-11-18/Sus-scrofa/Mammalia
PV247174/LUVAS-2023-PAstV_21/IND/2023/Sus-scrofa/Mammalia	PV247173/LUVAS-2023-PAstV_20/IND/2023/Sus-scrofa/Mammalia
PV247174/LUVAS-2023-PAstV_21/IND/2023/Sus-scrofa/Mammalia	PX137011/PAstV1-NMBB11-2023/CHN/2023-09-17/Sus-scrofa/Mammalia
PV247174/LUVAS-2023-PAstV_21/IND/2023/Sus-scrofa/Mammalia	PX137010/PAstV1-AHFW5-2023/CHN/2023-11-10/Sus-scrofa/Mammalia
PV247174/LUVAS-2023-PAstV_21/IND/2023/Sus-scrofa/Mammalia	PX137009/PAstV1-GSQ-D5-2022/CHN/2022-10-01/Sus-scrofa/Mammalia
PV247174/LUVAS-2023-PAstV_21/IND/2023/Sus-scrofa/Mammalia	OM105035/BSF2/ZAF/2021-03/Sus-scrofa/Mammalia
PV247174/LUVAS-2023-PAstV_21/IND/2023/Sus-scrofa/Mammalia	NC_025379/PAstV-GX1/CHN/2013/Sus-scrofa/Mammalia
PV247174/LUVAS-2023-PAstV_21/IND/2023/Sus-scrofa/Mammalia	LC900380/PoAstV-1-wt-Pig-Japan-Ishi-Kahoku-5-2017/JPN/2017-11-01/Sus-scrofa/Mammalia
PV247174/LUVAS-2023-PAstV_21/IND/2023/Sus-scrofa/Mammalia	KF787112/PAstV-GX1/CHN/2013/Sus-scrofa/Mammalia
PV247174/LUVAS-2023-PAstV_21/IND/2023/Sus-scrofa/Mammalia	LC900375/PoAstV-1-wt-Pig-Japan-Ishi-Kahoku-3-2017/JPN/2017-11-01/Sus-scrofa/Mammalia
PV247174/LUVAS-2023-PAstV_21/IND/2023/Sus-scrofa/Mammalia	LC900374/PoAstV-1-wt-Pig-Japan-Ishi-Kahoku-2-2017/JPN/2017-11-01/Sus-scrofa/Mammalia
PP711874/4A-Kenya-BAT3003-2015/KEN/2015/Miniopterus-sp./Mammalia	PP711874/4A-Kenya-BAT3003-2015/KEN/2015/Miniopterus-sp./Mammalia
PP711874/4A-Kenya-BAT3003-2015/KEN/2015/Miniopterus-sp./Mammalia	PP711876/4C-Kenya-BAT2996-2015/KEN/2015/Miniopterus-sp./Mammalia
PP711874/4A-Kenya-BAT3003-2015/KEN/2015/Miniopterus-sp./Mammalia	PP711875/4B-Kenya-BAT3503-2015/KEN/2015/Miniopterus-minor/Mammalia
PP108251/NA/CHN/2023-08-15/Anser-anser/Aves	PP108251/NA/CHN/2023-08-15/Anser-anser/Aves
PP108251/NA/CHN/2023-08-15/Anser-anser/Aves	OR907134/NA/CHN/2022-10-26/Anser-anser/Aves
PP108251/NA/CHN/2023-08-15/Anser-anser/Aves	OR907133/NA/CHN/2023-03-21/Anser-anser/Aves
PP108251/NA/CHN/2023-08-15/Anser-anser/Aves	OR907132/NA/CHN/2023-03-07/Anser-anser/Aves
PP108251/NA/CHN/2023-08-15/Anser-anser/Aves	MZ819185/ZJC14/CHN/2020-06/Anser-anser/Aves
PP108251/NA/CHN/2023-08-15/Anser-anser/Aves	MW340534/SCCD/CHN/2019-01/Anser-anser/Aves
PP108251/NA/CHN/2023-08-15/Anser-anser/Aves	OR907131/NA/CHN/2023-03-21/Anser-anser/Aves
PP108251/NA/CHN/2023-08-15/Anser-anser/Aves	OR211592/GAstV-HBLY/CHN/2023/Anser-anser/Aves
PP108251/NA/CHN/2023-08-15/Anser-anser/Aves	MW353015/TZ03/CHN/2019-08-07/Anser-anser/Aves
PP108251/NA/CHN/2023-08-15/Anser-anser/Aves	OQ076692/AH-16/CHN/2021/Anser-anser/Aves
PP108251/NA/CHN/2023-08-15/Anser-anser/Aves	OL762472/JXYC/CHN/NA/Anser-anser/Aves
PP108251/NA/CHN/2023-08-15/Anser-anser/Aves	OL762471/JXGZ/CHN/NA/Anser-anser/Aves
PP108251/NA/CHN/2023-08-15/Anser-anser/Aves	PP382209/J3-2021/CHN/2021-10-14/Anser-cygnoides/Aves
PP108251/NA/CHN/2023-08-15/Anser-anser/Aves	PP786658/JY202323/CHN/2023-02-03/Anser-anser/Aves
PP108251/NA/CHN/2023-08-15/Anser-anser/Aves	OR827024/GAstV-JSXZ/CHN/2022-09-06/Anser-anser/Aves
PP108251/NA/CHN/2023-08-15/Anser-anser/Aves	OM264914/NA/CHN/2019-01-04/Anser-anser/Aves
PP108251/NA/CHN/2023-08-15/Anser-anser/Aves	KY271027/FLX/CHN/2014-06-04/Anser-anser/Aves
PP108251/NA/CHN/2023-08-15/Anser-anser/Aves	OM264913/NA/CHN/2019-07-06/Anser-anser/Aves
PP108251/NA/CHN/2023-08-15/Anser-anser/Aves	OP776630/NA/CHN/2021/Anser-anser/Aves
PP108251/NA/CHN/2023-08-15/Anser-anser/Aves	OM264912/NA/CHN/2019-07-15/Anser-anser/Aves
PP108251/NA/CHN/2023-08-15/Anser-anser/Aves	MH410610/NA/CHN/2017-08/Anser-anser/Aves
PP108251/NA/CHN/2023-08-15/Anser-anser/Aves	OM264911/NA/CHN/2019-07-19/Anser-anser/Aves
PP108251/NA/CHN/2023-08-15/Anser-anser/Aves	MW786757/SCCD/CHN/2018-09/Anser-anser/Aves
PP108251/NA/CHN/2023-08-15/Anser-anser/Aves	OM200916/NA/CHN/2019-07-20/Anser-anser/Aves
PP108251/NA/CHN/2023-08-15/Anser-anser/Aves	OR924093/NA/CHN/2021-05-10/Anser-anser/Aves
PP108251/NA/CHN/2023-08-15/Anser-anser/Aves	NC_034567/FLX/CHN/2014-06-04/Anser-anser/Aves
PP108251/NA/CHN/2023-08-15/Anser-anser/Aves	OK571391/ZJC14/CHN/2020-06-10/Anser-anser/Aves
PP108251/NA/CHN/2023-08-15/Anser-anser/Aves	PP763758/AAstV-Goose-CHN-2023-C102/CHN/2023-06/Anser-anser/Aves
MW826483/YSN01/CHN/2019-07/NA/Aves	MW826483/YSN01/CHN/2019-07/NA/Aves
MT137996/cfe153ast01/NA/2018/NA/NA	MT137996/cfe153ast01/NA/2018/NA/NA
MG599888/NA/CHN/NA/Scoliodon-macrorhynchos/Chondrichthyes	MG599888/NA/CHN/NA/Scoliodon-macrorhynchos/Chondrichthyes
MG599903/NA/CHN/NA/Bufo-gargarizans/Amphibia	MG599903/NA/CHN/NA/Bufo-gargarizans/Amphibia
KY214437/15V010/BEL/2015-01/Sus-scrofa/Mammalia	KY214437/15V010/BEL/2015-01/Sus-scrofa/Mammalia
KY214437/15V010/BEL/2015-01/Sus-scrofa/Mammalia	MT470220/NA/CHN/2018/Sus-scrofa/Mammalia
OR951053/JX2020/CHN/2020/NA/NA	OR951053/JX2020/CHN/2020/NA/NA
PP711873/3A-Kenya-BAT0736-2015/KEN/2015/Miniopterus-sp.-clade-10-TD-2020/Mammalia	PP711873/3A-Kenya-BAT0736-2015/KEN/2015/Miniopterus-sp.-clade-10-TD-2020/Mammalia
MW826482/YSN02/CHN/2019-07/NA/Aves	MW826482/YSN02/CHN/2019-07/NA/Aves
MT138005/hwf041ast1/NA/2018/NA/NA	MT138005/hwf041ast1/NA/2018/NA/NA
MG599904/NA/CHN/NA/Myrrophis-chinensis/Lepidosauria	MG599904/NA/CHN/NA/Myrrophis-chinensis/Lepidosauria
MG599911/NA/CHN/NA/Hyla-simplex/Amphibia	MG599911/NA/CHN/NA/Hyla-simplex/Amphibia
PP352011/Jiangxi-CHN-2022/CHN/2022/Pelophylax-nigromaculatus/Amphibia	PP352011/Jiangxi-CHN-2022/CHN/2022/Pelophylax-nigromaculatus/Amphibia
OQ802738/LQ_Ap.agrarius_astro_1/CHN/2016_2017/Apodemus-agrarius/Mammalia	OQ802738/LQ_Ap.agrarius_astro_1/CHN/2016_2017/Apodemus-agrarius/Mammalia
OQ968312/21153-SD-CHN-VA2/CHN/2021/Homo-sapiens/Mammalia	OQ968312/21153-SD-CHN-VA2/CHN/2021/Homo-sapiens/Mammalia
OQ968312/21153-SD-CHN-VA2/CHN/2021/Homo-sapiens/Mammalia	MZ603076/HAstV-VA2_RVAB/NA/2010/NA/NA
OQ968312/21153-SD-CHN-VA2/CHN/2021/Homo-sapiens/Mammalia	GQ502193/VA2-human-Stl-WD0680-2009/USA/2009/Homo-sapiens/Mammalia
OQ968312/21153-SD-CHN-VA2/CHN/2021/Homo-sapiens/Mammalia	PV843273/S091-2023_1/ZMB/2019-10-25/NA/NA
OQ968312/21153-SD-CHN-VA2/CHN/2021/Homo-sapiens/Mammalia	NC_013443/NI-295/NER/2007-03-21/Homo-sapiens/Mammalia
OQ968312/21153-SD-CHN-VA2/CHN/2021/Homo-sapiens/Mammalia	GQ415660/NI-295/NER/2007-03-21/Homo-sapiens/Mammalia
ON624282/NA/CHN/2021/Bos-taurus/Mammalia	ON624282/NA/CHN/2021/Bos-taurus/Mammalia
ON624282/NA/CHN/2021/Bos-taurus/Mammalia	PX942072/XDN-6315/CHN/2022/Bos-taurus/Mammalia
ON624282/NA/CHN/2021/Bos-taurus/Mammalia	OQ198051/AstroviridaeDogfe316C1full/CHN/2020_2021/Canis-lupus/Mammalia
ON624282/NA/CHN/2021/Bos-taurus/Mammalia	MG660832/LLT03/CHN/2013/Budorcas-tibetana/Mammalia
ON624282/NA/CHN/2021/Bos-taurus/Mammalia	LC047796/NA/JPN/2014/Bos-taurus/Mammalia
ON624282/NA/CHN/2021/Bos-taurus/Mammalia	PX941662/HZN-6315/CHN/2023/Bos-grunniens/Mammalia
ON624282/NA/CHN/2021/Bos-taurus/Mammalia	OR367587/xizangshannan41-3074/CHN/2021-05/Bos-mutus/Mammalia
ON624282/NA/CHN/2021/Bos-taurus/Mammalia	NC_024297/NA/CHN/2014-01/Bos-taurus/Mammalia
ON624282/NA/CHN/2021/Bos-taurus/Mammalia	KJ620980/NA/CHN/2014-01/Bos-taurus/Mammalia
ON624282/NA/CHN/2021/Bos-taurus/Mammalia	PX941191/ETN-6283/CHN/2023/Bos-taurus/Mammalia
ON624282/NA/CHN/2021/Bos-taurus/Mammalia	ON624264/NA/CHN/2021/Bos-taurus/Mammalia
ON624282/NA/CHN/2021/Bos-taurus/Mammalia	KJ620979/NA/CHN/2014-01/Bos-taurus/Mammalia
ON624282/NA/CHN/2021/Bos-taurus/Mammalia	ON624284/NA/CHN/2021/Bos-taurus/Mammalia
ON624282/NA/CHN/2021/Bos-taurus/Mammalia	MZ603733/BoAstV-CN-HB-SJZ-2021/CHN/2021/Bos-taurus/Mammalia
ON624282/NA/CHN/2021/Bos-taurus/Mammalia	NC_023631/NA/HKG/NA/Bos-taurus/Mammalia
ON624282/NA/CHN/2021/Bos-taurus/Mammalia	NC_023630/NA/HKG/NA/Bos-taurus/Mammalia
ON624282/NA/CHN/2021/Bos-taurus/Mammalia	ON624281/NA/CHN/2021/Bos-taurus/Mammalia
ON624282/NA/CHN/2021/Bos-taurus/Mammalia	ON624280/NA/CHN/2021/Bos-taurus/Mammalia
ON624282/NA/CHN/2021/Bos-taurus/Mammalia	ON624278/NA/CHN/2021/Bos-taurus/Mammalia
ON624282/NA/CHN/2021/Bos-taurus/Mammalia	ON624277/NA/CHN/2021/Bos-taurus/Mammalia
ON624282/NA/CHN/2021/Bos-taurus/Mammalia	ON885952/NA/CHN/2021/Budorcas-tibetana/Mammalia
ON624282/NA/CHN/2021/Bos-taurus/Mammalia	ON624276/NA/CHN/2021/Bos-taurus/Mammalia
ON624282/NA/CHN/2021/Bos-taurus/Mammalia	MW373715/BoAstv-CHN-HLJ-1-2019/CHN/2019-01/Bos-taurus/Mammalia
ON624282/NA/CHN/2021/Bos-taurus/Mammalia	ON624275/NA/CHN/2021/Bos-taurus/Mammalia
ON624282/NA/CHN/2021/Bos-taurus/Mammalia	MW373714/BoAstv-CHN-HLJ-2-2019/CHN/2019-01/Bos-taurus/Mammalia
ON624282/NA/CHN/2021/Bos-taurus/Mammalia	MW373713/BoAstv-CHN-Hunan-1-2019/CHN/2019-01/Bos-taurus/Mammalia
ON624282/NA/CHN/2021/Bos-taurus/Mammalia	ON624273/NA/CHN/2021/Bos-taurus/Mammalia
ON624282/NA/CHN/2021/Bos-taurus/Mammalia	MW373712/BoAstv-CHN-Hebei-1-2019/CHN/2019-01/Bos-taurus/Mammalia
ON624282/NA/CHN/2021/Bos-taurus/Mammalia	ON624272/NA/CHN/2021/Bos-taurus/Mammalia
ON624282/NA/CHN/2021/Bos-taurus/Mammalia	ON624269/NA/CHN/2021/Bos-taurus/Mammalia
ON624282/NA/CHN/2021/Bos-taurus/Mammalia	KM822593/S8/CHN/2013/Bos-grunniens/Mammalia
ON624282/NA/CHN/2021/Bos-taurus/Mammalia	HQ916317/NA/HKG/NA/Bos-taurus/Mammalia
ON624282/NA/CHN/2021/Bos-taurus/Mammalia	ON624268/NA/CHN/2021/Bos-taurus/Mammalia
ON624282/NA/CHN/2021/Bos-taurus/Mammalia	MN150125/NA/SVN/2014/Capreolus-capreolus/Mammalia
ON624282/NA/CHN/2021/Bos-taurus/Mammalia	OQ686756/NA/CHN/2021-05/Bos-taurus/Mammalia
ON624282/NA/CHN/2021/Bos-taurus/Mammalia	ON624267/NA/CHN/2021/Bos-taurus/Mammalia
ON624282/NA/CHN/2021/Bos-taurus/Mammalia	MN150124/NA/SVN/2014/Capreolus-capreolus/Mammalia
ON624282/NA/CHN/2021/Bos-taurus/Mammalia	NC_037655/LLT03/CHN/2013/Budorcas-tibetana/Mammalia
ON624282/NA/CHN/2021/Bos-taurus/Mammalia	OQ686755/NA/CHN/2021-05/Bos-taurus/Mammalia
ON624282/NA/CHN/2021/Bos-taurus/Mammalia	ON624266/NA/CHN/2021/Bos-taurus/Mammalia
ON624282/NA/CHN/2021/Bos-taurus/Mammalia	HQ916313/NA/HKG/NA/Bos-taurus/Mammalia
ON624282/NA/CHN/2021/Bos-taurus/Mammalia	OQ686754/NA/CHN/2021-05/Bos-taurus/Mammalia
ON624282/NA/CHN/2021/Bos-taurus/Mammalia	ON624265/NA/CHN/2021/Bos-taurus/Mammalia
ON624282/NA/CHN/2021/Bos-taurus/Mammalia	LC047787/NA/JPN/2013/Bos-taurus/Mammalia
ON624282/NA/CHN/2021/Bos-taurus/Mammalia	OQ686753/NA/CHN/2021-05/Bos-taurus/Mammalia
ON624282/NA/CHN/2021/Bos-taurus/Mammalia	MT758371/Egy-1/EGY/2015/Bos-taurus/Mammalia
ON624282/NA/CHN/2021/Bos-taurus/Mammalia	ON624255/NA/CHN/2021/Bos-taurus/Mammalia
ON624282/NA/CHN/2021/Bos-taurus/Mammalia	LC047797/NA/JPN/2015/Bos-taurus/Mammalia
OM480542/NA/CHN/2020/Myocastor-coypus/Mammalia	OM480542/NA/CHN/2020/Myocastor-coypus/Mammalia
OM480542/NA/CHN/2020/Myocastor-coypus/Mammalia	OM480543/NA/CHN/2020/Myocastor-coypus/Mammalia
MT138002/cra070ast1/NA/2018/NA/NA	MT138002/cra070ast1/NA/2018/NA/NA
MG599899/NA/CHN/NA/Pleuronichthys-japonicus/Actinopteri	MG599899/NA/CHN/NA/Pleuronichthys-japonicus/Actinopteri
MG599910/NA/CHN/NA/Duttaphrynus-melanostictus/Amphibia	MG599910/NA/CHN/NA/Duttaphrynus-melanostictus/Amphibia
MG599910/NA/CHN/NA/Duttaphrynus-melanostictus/Amphibia	MG661261/NA/CHN/2015/NA/NA
AF206663/NA/NA/NA/NA/NA	AF206663/NA/NA/NA/NA/NA
AF206663/NA/NA/NA/NA/NA	EU143850/NA/NA/NA/NA/NA
AF206663/NA/NA/NA/NA/NA	EU143849/NA/NA/NA/NA/NA
AF206663/NA/NA/NA/NA/NA	EU143848/NA/NA/NA/NA/NA
AF206663/NA/NA/NA/NA/NA	EU143847/NA/NA/NA/NA/NA
AF206663/NA/NA/NA/NA/NA	EU143846/NA/NA/NA/NA/NA
AF206663/NA/NA/NA/NA/NA	EU143845/NA/NA/NA/NA/NA
AF206663/NA/NA/NA/NA/NA	EU143844/NA/NA/NA/NA/NA
AF206663/NA/NA/NA/NA/NA	EU143843/NA/NA/NA/NA/NA
AF206663/NA/NA/NA/NA/NA	NC_005790/NA/NA/NA/NA/NA
AF206663/NA/NA/NA/NA/NA	EU143851/NA/NA/NA/NA/NA
PX597466/JSYC2504/CHN/2025/Anser-cygnoides/Aves	PX597466/JSYC2504/CHN/2025/Anser-cygnoides/Aves
PX597466/JSYC2504/CHN/2025/Anser-cygnoides/Aves	PZ195463/G29/CHN/2024-06-23/Gallus-gallus/Aves
PX597466/JSYC2504/CHN/2025/Anser-cygnoides/Aves	PX289198/tissue/CHN/2024/Anser-anser/Aves
PX597466/JSYC2504/CHN/2025/Anser-cygnoides/Aves	OQ909424/Sichuan/CHN/2021-05-09/Anser-anser/Aves
PX597466/JSYC2504/CHN/2025/Anser-cygnoides/Aves	MZ648231/AAstV-Goose-CHN-2021-ZM/CHN/2021/Anser-anser/Aves
PX597466/JSYC2504/CHN/2025/Anser-cygnoides/Aves	OM273305/NA/CHN/2021-04-15/Anser-anser/Aves
PX597466/JSYC2504/CHN/2025/Anser-cygnoides/Aves	MW592377/HNKF-1-China-2020/CHN/2020/Anser-anser/Aves
PX597466/JSYC2504/CHN/2025/Anser-cygnoides/Aves	PZ195462/X-1/CHN/2024-07-08/Anser-anser/Aves
PX597466/JSYC2504/CHN/2025/Anser-cygnoides/Aves	PX289197/tissue/CHN/2024/Anser-anser/Aves
PX597466/JSYC2504/CHN/2025/Anser-cygnoides/Aves	ON382522/GAstV-GD2105/CHN/2022-01-15/Anser-anser/Aves
PX597466/JSYC2504/CHN/2025/Anser-cygnoides/Aves	OP556137/NA/CHN/2018-07/Anser-anser/Aves
PX597466/JSYC2504/CHN/2025/Anser-cygnoides/Aves	OM273304/NA/CHN/2021-04-10/Anser-anser/Aves
PX597466/JSYC2504/CHN/2025/Anser-cygnoides/Aves	MW345727/SDPD/CHN/2019-01/Anser-anser/Aves
PX597466/JSYC2504/CHN/2025/Anser-cygnoides/Aves	MH052598/NA/CHN/2017-11-16/Anser-anser/Aves
PX597466/JSYC2504/CHN/2025/Anser-cygnoides/Aves	PZ195461/G292/CHN/2024-07-22/Anser-anser/Aves
PX597466/JSYC2504/CHN/2025/Anser-cygnoides/Aves	PX289196/tissue/CHN/2024/Anser-anser/Aves
PX597466/JSYC2504/CHN/2025/Anser-cygnoides/Aves	ON382521/GAstV-GD2103/CHN/2021-11-16/Anser-anser/Aves
PX597466/JSYC2504/CHN/2025/Anser-cygnoides/Aves	OM100603/AstV-JS04-Goose-0919-20/CHN/2020-09-19/Anser-anser/Aves
PX597466/JSYC2504/CHN/2025/Anser-cygnoides/Aves	OL982615/JSZ29/CHN/2020-10-11/Anser-anser/Aves
PX597466/JSYC2504/CHN/2025/Anser-cygnoides/Aves	OM273303/NA/CHN/2021-03-28/Anser-anser/Aves
PX597466/JSYC2504/CHN/2025/Anser-cygnoides/Aves	KY807085/HN1G/CHN/2014-05-20/Anser-cygnoides/Aves
PX597466/JSYC2504/CHN/2025/Anser-cygnoides/Aves	PZ195460/G259/CHN/2024-07-19/Anser-anser/Aves
PX597466/JSYC2504/CHN/2025/Anser-cygnoides/Aves	PV600843/HNJZ-2023/CHN/2023/Anser-anser/Aves
PX597466/JSYC2504/CHN/2025/Anser-cygnoides/Aves	ON382520/GAstV-GD2102/CHN/2021-11-16/Anser-anser/Aves
PX597466/JSYC2504/CHN/2025/Anser-cygnoides/Aves	OM100602/AstV-JS03-Goose-0702-20/CHN/2020-07-02/Anser-anser/Aves
PX597466/JSYC2504/CHN/2025/Anser-cygnoides/Aves	OL982614/JSCZ15/CHN/2015-11-11/Anser-anser/Aves
PX597466/JSYC2504/CHN/2025/Anser-cygnoides/Aves	MZ819184/ZJLD/CHN/2020-06/Anser-anser/Aves
PX597466/JSYC2504/CHN/2025/Anser-cygnoides/Aves	OM273302/NA/CHN/2021-03-12/Anser-anser/Aves
PX597466/JSYC2504/CHN/2025/Anser-cygnoides/Aves	MN809622/AstV-SDTA/CHN/NA/Anas-platyrhynchos/Aves
PX597466/JSYC2504/CHN/2025/Anser-cygnoides/Aves	PZ195459/G253/CHN/2024-07-18/Anser-anser/Aves
PX597466/JSYC2504/CHN/2025/Anser-cygnoides/Aves	PP444710/GAstV-GDCS-Goose-2023/CHN/2023/Anser-anser/Aves
PX597466/JSYC2504/CHN/2025/Anser-cygnoides/Aves	ON382519/GAstV-GD2101/CHN/2021-10-26/Anser-anser/Aves
PX597466/JSYC2504/CHN/2025/Anser-cygnoides/Aves	OM100601/AstV-JS02-Goose-0518-20/CHN/2020-05-18/Anser-anser/Aves
PX597466/JSYC2504/CHN/2025/Anser-cygnoides/Aves	OL982613/XSSH/CHN/2020-06-10/Anser-anser/Aves
PX597466/JSYC2504/CHN/2025/Anser-cygnoides/Aves	MZ819183/JRMS/CHN/2020-06/Anser-anser/Aves
PX597466/JSYC2504/CHN/2025/Anser-cygnoides/Aves	PZ195458/G200/CHN/2024-07-16/Anser-anser/Aves
PX597466/JSYC2504/CHN/2025/Anser-cygnoides/Aves	PP444709/GAstV_GXNN_Goose_2023/CHN/2023/Anser-anser/Aves
PX597466/JSYC2504/CHN/2025/Anser-cygnoides/Aves	OM100600/AstV-JS01-Goose-0518-20/CHN/2020-05-18/Anser-anser/Aves
PX597466/JSYC2504/CHN/2025/Anser-cygnoides/Aves	OL963558/JSW10/CHN/2020-09-24/Anser-anser/Aves
PX597466/JSYC2504/CHN/2025/Anser-cygnoides/Aves	MW536497/YC20/CHN/2020-08-10/Anser-anser/Aves
PX597466/JSYC2504/CHN/2025/Anser-cygnoides/Aves	PZ195457/G148/CHN/2024-07-07/Anser-anser/Aves
PX597466/JSYC2504/CHN/2025/Anser-cygnoides/Aves	OM100599/AstV-HN05-Goose-0514-20/CHN/2020-05-14/Anser-anser/Aves
PX597466/JSYC2504/CHN/2025/Anser-cygnoides/Aves	OL963557/JSW1/CHN/2020-09-03/Anser-anser/Aves
PX597466/JSYC2504/CHN/2025/Anser-cygnoides/Aves	PZ195456/G134/CHN/2024-07-06/Anser-anser/Aves
PX597466/JSYC2504/CHN/2025/Anser-cygnoides/Aves	PP382210/J2-2021/CHN/2021-10-14/Anser-cygnoides/Aves
PX597466/JSYC2504/CHN/2025/Anser-cygnoides/Aves	OM100598/AstV-HN04-Goose-0514-20/CHN/2020-05-14/Anser-anser/Aves
PX597466/JSYC2504/CHN/2025/Anser-cygnoides/Aves	OL963556/JSSQ/CHN/2020-07-11/Anser-anser/Aves
PX597466/JSYC2504/CHN/2025/Anser-cygnoides/Aves	MZ367612/HNNY0620/CHN/2020-06-20/Cairina-moschata/Aves
PX597466/JSYC2504/CHN/2025/Anser-cygnoides/Aves	MF772821/NA/CHN/2017-04/Anser-anser/Aves
PX597466/JSYC2504/CHN/2025/Anser-cygnoides/Aves	PZ195455/G47/CHN/2024-06-27/Anser-anser/Aves
PX597466/JSYC2504/CHN/2025/Anser-cygnoides/Aves	ON745304/ZJCX/CHN/2021-06-15/Anser-anser/Aves
PX597466/JSYC2504/CHN/2025/Anser-cygnoides/Aves	OM100597/AstV-HB06-Goose-1226-19/CHN/2019-12-26/Anser-anser/Aves
PX597466/JSYC2504/CHN/2025/Anser-cygnoides/Aves	OL963555/JSCZ/CHN/2020-06-15/Anser-anser/Aves
PX597466/JSYC2504/CHN/2025/Anser-cygnoides/Aves	MN428645/AHAU5/CHN/2018/Anser-anser/Aves
PX597466/JSYC2504/CHN/2025/Anser-cygnoides/Aves	PZ195454/G24/CHN/2024-06-23/Anser-anser/Aves
PX597466/JSYC2504/CHN/2025/Anser-cygnoides/Aves	PV524668/JXNC1/CHN/2025-03-15/Anser-anser/Aves
PX597466/JSYC2504/CHN/2025/Anser-cygnoides/Aves	PQ740944/CH-HBXT-2022/CHN/2022/Anser-anser/Aves
PX597466/JSYC2504/CHN/2025/Anser-cygnoides/Aves	OM937013/NA/CHN/2017-05/Anser-anser/Aves
PX597466/JSYC2504/CHN/2025/Anser-cygnoides/Aves	OM100596/AstV-HB05-Goose-0812-19/CHN/2019-08-12/Anser-anser/Aves
PX597466/JSYC2504/CHN/2025/Anser-cygnoides/Aves	MW413813/XT1/CHN/2020-05-05/Anser-anser/Aves
PX597466/JSYC2504/CHN/2025/Anser-cygnoides/Aves	MN428644/AHAU4/CHN/2018/Anser-anser/Aves
PX597466/JSYC2504/CHN/2025/Anser-cygnoides/Aves	PX597465/JSTZ2503/CHN/2025/Anser-cygnoides/Aves
PX597466/JSYC2504/CHN/2025/Anser-cygnoides/Aves	OR902765/NA/CHN/2023-06-19/Anser-anser/Aves
PX597466/JSYC2504/CHN/2025/Anser-cygnoides/Aves	ON376722/HNZZ-4/CHN/2021-12/Anser-anser/Aves
PX597466/JSYC2504/CHN/2025/Anser-cygnoides/Aves	OL762473/JXGZ/CHN/2020-03/Anser-anser/Aves
PX597466/JSYC2504/CHN/2025/Anser-cygnoides/Aves	OM100595/AstV-HB04-Goose-0811-19/CHN/2019-08-12/Anser-anser/Aves
PX597466/JSYC2504/CHN/2025/Anser-cygnoides/Aves	OP020131/NA/CHN/2022-01-16/Anser-anser/Aves
PX597466/JSYC2504/CHN/2025/Anser-cygnoides/Aves	OK148600/NA/CHN/2020-10-02/Anser-anser/Aves
PX597466/JSYC2504/CHN/2025/Anser-cygnoides/Aves	MT934439/NA/CHN/2019-05/Anser-anser/Aves
PX597466/JSYC2504/CHN/2025/Anser-cygnoides/Aves	MN428643/AHAU3/CHN/2018/Anser-anser/Aves
PX597466/JSYC2504/CHN/2025/Anser-cygnoides/Aves	OR902764/NA/CHN/2023-06-21/Anser-anser/Aves
PX597466/JSYC2504/CHN/2025/Anser-cygnoides/Aves	OM100594/AstV-HB03-Goose-0810-19/CHN/2019-08-11/Anser-anser/Aves
PX597466/JSYC2504/CHN/2025/Anser-cygnoides/Aves	OL536330/HeB-BD1-2020/CHN/2020-10-21/Anser-anser/Aves
PX597466/JSYC2504/CHN/2025/Anser-cygnoides/Aves	MT934438/NA/CHN/2019-05/Anser-anser/Aves
PX597466/JSYC2504/CHN/2025/Anser-cygnoides/Aves	MN428642/GD-AHAU2/CHN/2018/Anser-anser/Aves
PX597466/JSYC2504/CHN/2025/Anser-cygnoides/Aves	PX703104/NA/CHN/2024/Anser-anser/Aves
PX597466/JSYC2504/CHN/2025/Anser-cygnoides/Aves	OR902763/NA/CHN/2023-06-25/Anser-anser/Aves
PX597466/JSYC2504/CHN/2025/Anser-cygnoides/Aves	OP621341/NA/CHN/2019-10-09/Anser-anser/Aves
PX597466/JSYC2504/CHN/2025/Anser-cygnoides/Aves	OM100593/AstV-AN06-Goose-0714-19/CHN/2019-07-14/Anser-anser/Aves
PX597466/JSYC2504/CHN/2025/Anser-cygnoides/Aves	MT934437/NA/CHN/2019-05/Anser-anser/Aves
PX597466/JSYC2504/CHN/2025/Anser-cygnoides/Aves	MN428641/AHAU1/CHN/2018/Anser-anser/Aves
PX597466/JSYC2504/CHN/2025/Anser-cygnoides/Aves	PX548819/JSYC2503/CHN/2025/Anser-cygnoides/Aves
PX597466/JSYC2504/CHN/2025/Anser-cygnoides/Aves	OR902762/NA/CHN/2023-07-10/Anser-anser/Aves
PX597466/JSYC2504/CHN/2025/Anser-cygnoides/Aves	OP621340/NA/CHN/2019-12-02/Anser-anser/Aves
PX597466/JSYC2504/CHN/2025/Anser-cygnoides/Aves	OM100592/AstV-AH05-Goose-0711-19/CHN/2019-07-11/Anser-anser/Aves
PX597466/JSYC2504/CHN/2025/Anser-cygnoides/Aves	MZ576222/JX01-China-2021/CHN/2021-05-20/Anser-anser/Aves
PX597466/JSYC2504/CHN/2025/Anser-cygnoides/Aves	MH807626/NA/CHN/2018-01-08/Anser-anser/Aves
PX597466/JSYC2504/CHN/2025/Anser-cygnoides/Aves	OR902761/NA/CHN/2023-10-21/Anser-anser/Aves
PX597466/JSYC2504/CHN/2025/Anser-cygnoides/Aves	OP621339/NA/CHN/2019-12-02/Anser-anser/Aves
PX597466/JSYC2504/CHN/2025/Anser-cygnoides/Aves	OM100591/AstV-AH04-Goose-0614-19/CHN/2019-06-14/Anser-anser/Aves
PX597466/JSYC2504/CHN/2025/Anser-cygnoides/Aves	MN307120/AstV-HN03-Goose-0402-19/CHN/2019-04-02/Anser-anser/Aves
PX597466/JSYC2504/CHN/2025/Anser-cygnoides/Aves	PX489687/JX07-China-2025/CHN/2025-07-08/Anser-anser/Aves
PX597466/JSYC2504/CHN/2025/Anser-cygnoides/Aves	OQ787033/JL01-0801-19/CHN/2019-08-01/Anser-anser/Aves
PX597466/JSYC2504/CHN/2025/Anser-cygnoides/Aves	OP621338/NA/CHN/2018-03-29/Anser-anser/Aves
PX597466/JSYC2504/CHN/2025/Anser-cygnoides/Aves	OM100590/AstV-AH03-Goose-0422-19/CHN/2019-04-22/Anser-anser/Aves
PX597466/JSYC2504/CHN/2025/Anser-cygnoides/Aves	MT708902/AAstV-Goose-CHN-2019-DY-19/CHN/2019-09/Anser-anser/Aves
PX597466/JSYC2504/CHN/2025/Anser-cygnoides/Aves	MN307119/AstV-HB02-Goose-0310-19/CHN/2019-03-10/Anser-anser/Aves
PX597466/JSYC2504/CHN/2025/Anser-cygnoides/Aves	PX489686/JX06-China-2025/CHN/2025-05-20/Anser-anser/Aves
PX597466/JSYC2504/CHN/2025/Anser-cygnoides/Aves	PQ435198/NA/CHN/2023/Anser-anser/Aves
PX597466/JSYC2504/CHN/2025/Anser-cygnoides/Aves	OP621337/NA/CHN/2018-02-06/Anser-anser/Aves
PX597466/JSYC2504/CHN/2025/Anser-cygnoides/Aves	OM455389/HeB-BD4-2019/CHN/2019-09-16/Anser-anser/Aves
PX597466/JSYC2504/CHN/2025/Anser-cygnoides/Aves	MN307118/AstV-HB01-Goose-0123-19/CHN/2019-01-03/Anser-anser/Aves
PX597466/JSYC2504/CHN/2025/Anser-cygnoides/Aves	MN175321/NA/CHN/2018-07-09/Anser-anser/Aves
PX597466/JSYC2504/CHN/2025/Anser-cygnoides/Aves	PX703601/AAstV-Goose-Shandong-D513-2024/CHN/2024-06-23/Anser-anser/Aves
PX597466/JSYC2504/CHN/2025/Anser-cygnoides/Aves	PX488484/JX08-China-2025/CHN/2025-10-08/Anser-anser/Aves
PX597466/JSYC2504/CHN/2025/Anser-cygnoides/Aves	PV780437/JX05/CHN/2025-04-28/Anser-anser/Aves
PX597466/JSYC2504/CHN/2025/Anser-cygnoides/Aves	OP621336/NA/CHN/2018-04-22/Anser-anser/Aves
PX597466/JSYC2504/CHN/2025/Anser-cygnoides/Aves	OM455388/HeB-BD1-2021/CHN/2021-01-24/Anser-anser/Aves
PX597466/JSYC2504/CHN/2025/Anser-cygnoides/Aves	MZ540211/NA/CHN/2019/Anser-anser/Aves
PX597466/JSYC2504/CHN/2025/Anser-cygnoides/Aves	MN307117/AstV-HN02-Goose-1119-18/CHN/2018-11-19/Anser-anser/Aves
PX597466/JSYC2504/CHN/2025/Anser-cygnoides/Aves	PX703600/AAstV-Goose-Shandong-D204-2023/CHN/2022-06-05/Anser-anser/Aves
PX597466/JSYC2504/CHN/2025/Anser-cygnoides/Aves	PV780436/JX04/CHN/2023-01-27/Anser-anser/Aves
PX597466/JSYC2504/CHN/2025/Anser-cygnoides/Aves	OP621335/NA/CHN/2021-05-08/Anser-anser/Aves
PX597466/JSYC2504/CHN/2025/Anser-cygnoides/Aves	OM066895/AAstV-Goose-CHN-2021-ZY02/CHN/2021-04/Anser-anser/Aves
PX597466/JSYC2504/CHN/2025/Anser-cygnoides/Aves	MN109957/NA/CHN/2018-10-11/Anser-anser/Aves
PX597466/JSYC2504/CHN/2025/Anser-cygnoides/Aves	MN307116/AstV-AH02-Goose-0715-18/CHN/2018-07-15/Anser-anser/Aves
PX597466/JSYC2504/CHN/2025/Anser-cygnoides/Aves	PX703599/AAstV-Goose-Shandong-D198-2024/CHN/2024-04-24/Anser-anser/Aves
PX597466/JSYC2504/CHN/2025/Anser-cygnoides/Aves	PV780435/JX03/CHN/2023-01-27/Anser-anser/Aves
PX597466/JSYC2504/CHN/2025/Anser-cygnoides/Aves	OP764611/NA/CHN/2021/Anser-anser/Aves
PX597466/JSYC2504/CHN/2025/Anser-cygnoides/Aves	OP621334/NA/CHN/2019-11-15/Anser-anser/Aves
PX597466/JSYC2504/CHN/2025/Anser-cygnoides/Aves	ON205965/AAstv-CHN-Goose-2018/CHN/2018-05/Anser-anser/Aves
PX597466/JSYC2504/CHN/2025/Anser-cygnoides/Aves	OM066894/AAstV-Goose-CHN-2021-HR2110-1/CHN/2021-10/Anser-anser/Aves
PX597466/JSYC2504/CHN/2025/Anser-cygnoides/Aves	MN109956/NA/CHN/2018-08-25/Anser-anser/Aves
PX597466/JSYC2504/CHN/2025/Anser-cygnoides/Aves	MN307115/AstV-AH01-Goose-0512-18/CHN/2018-05-12/Anser-anser/Aves
PX597466/JSYC2504/CHN/2025/Anser-cygnoides/Aves	PX703598/AAstV-Goose-Shandong-D06-2024/CHN/2024-03-05/Anser-anser/Aves
PX597466/JSYC2504/CHN/2025/Anser-cygnoides/Aves	PV780434/JX02/CHN/2023-01-27/Anser-anser/Aves
PX597466/JSYC2504/CHN/2025/Anser-cygnoides/Aves	OR965521/AAstV-Goose-CHN-2023-MG-23/CHN/2023-07/Anser-anser/Aves
PX597466/JSYC2504/CHN/2025/Anser-cygnoides/Aves	OP621333/NA/CHN/2019-12-16/Anser-anser/Aves
PX597466/JSYC2504/CHN/2025/Anser-cygnoides/Aves	OM811458/Astv-Goose-Heilongjiang-ZYL01-2018/CHN/2018-12-31/Anser-anser/Aves
PX597466/JSYC2504/CHN/2025/Anser-cygnoides/Aves	OM066893/AAstV-Goose-CHN-2021-HR2105-2/CHN/2021-05/Anser-anser/Aves
PX597466/JSYC2504/CHN/2025/Anser-cygnoides/Aves	MN109955/NA/CHN/2018-03-09/Anser-anser/Aves
PX597466/JSYC2504/CHN/2025/Anser-cygnoides/Aves	MN307114/AstV-HN01-Goose-0103-18/CHN/2018-01-03/Anser-anser/Aves
PX597466/JSYC2504/CHN/2025/Anser-cygnoides/Aves	PX703597/AAstV-Goose-Shandong-D238-2023/CHN/2023-09-01/Anser-anser/Aves
PX597466/JSYC2504/CHN/2025/Anser-cygnoides/Aves	PQ037214/SDWF/CHN/2024/Anser-anser/Aves
PX597466/JSYC2504/CHN/2025/Anser-cygnoides/Aves	OR958817/AAstV-Goose-CHN-2023-HR2306-1/CHN/2023-06/Anser-anser/Aves
PX597466/JSYC2504/CHN/2025/Anser-cygnoides/Aves	OP946449/GAstV-SDHZ/CHN/2022/Gallus-gallus/Aves
PX597466/JSYC2504/CHN/2025/Anser-cygnoides/Aves	OP776629/NA/CHN/2021/Anser-anser/Aves
PX597466/JSYC2504/CHN/2025/Anser-cygnoides/Aves	OP621332/NA/CHN/2020-11-18/Anser-anser/Aves
PX597466/JSYC2504/CHN/2025/Anser-cygnoides/Aves	OM066892/AAstV-Goose-CHN-2021-HR2105-1/CHN/2021-05/Anser-anser/Aves
PX597466/JSYC2504/CHN/2025/Anser-cygnoides/Aves	MN109954/NA/CHN/2018-07-01/Anser-anser/Aves
PX597466/JSYC2504/CHN/2025/Anser-cygnoides/Aves	PX703596/AAstV-Goose-Shandong-D202-2023/CHN/2023-05-28/Anser-anser/Aves
PX597466/JSYC2504/CHN/2025/Anser-cygnoides/Aves	OR906208/HNxy2111/CHN/2021/Anser-anser/Aves
PX597466/JSYC2504/CHN/2025/Anser-cygnoides/Aves	OP621331/NA/CHN/2019-05-03/Anser-anser/Aves
PX597466/JSYC2504/CHN/2025/Anser-cygnoides/Aves	ON156528/NA/CHN/2022-01-10/Anser-anser/Aves
PX597466/JSYC2504/CHN/2025/Anser-cygnoides/Aves	MN127959/NA/CHN/2018-12-18/Anser-anser/Aves
PX597466/JSYC2504/CHN/2025/Anser-cygnoides/Aves	PX703595/AAstV-Goose-Shandong-D05-2023/CHN/2023-03-10/Anser-anser/Aves
PX597466/JSYC2504/CHN/2025/Anser-cygnoides/Aves	OR906207/HNxy2106/CHN/2021/Anser-anser/Aves
PX597466/JSYC2504/CHN/2025/Anser-cygnoides/Aves	OP621330/NA/CHN/2021-03-16/Anser-anser/Aves
PX597466/JSYC2504/CHN/2025/Anser-cygnoides/Aves	OL853843/HLJ/CHN/2019/Anser-anser/Aves
PX597466/JSYC2504/CHN/2025/Anser-cygnoides/Aves	MW505493/NA/CHN/2019-08-21/Anser-anser/Aves
PX597466/JSYC2504/CHN/2025/Anser-cygnoides/Aves	MN127958/NA/CHN/2018-11-30/Anser-anser/Aves
PX597466/JSYC2504/CHN/2025/Anser-cygnoides/Aves	MN068024/GTF-07/CHN/2018-04/Anser-anser/Aves
PX597466/JSYC2504/CHN/2025/Anser-cygnoides/Aves	PX703594/AAstV-Goose-Shandong-D496-2024/CHN/2024-01-11/Anser-anser/Aves
PX597466/JSYC2504/CHN/2025/Anser-cygnoides/Aves	OP484924/NA/CHN/2018-04-11/Anser-anser/Aves
PX597466/JSYC2504/CHN/2025/Anser-cygnoides/Aves	MW505492/NA/CHN/2019-06-20/Anser-anser/Aves
PX597466/JSYC2504/CHN/2025/Anser-cygnoides/Aves	MN127957/NA/CHN/2018-11-29/Anser-anser/Aves
PX597466/JSYC2504/CHN/2025/Anser-cygnoides/Aves	MN068023/GTF-04/CHN/2018-04/Anser-anser/Aves
PX597466/JSYC2504/CHN/2025/Anser-cygnoides/Aves	PX703593/AAstV-Goose-Shandong-D08-2022/CHN/2022-08-20/Anser-anser/Aves
PX597466/JSYC2504/CHN/2025/Anser-cygnoides/Aves	PX495085/GAstV-China-EP50-2024/CHN/2024/Anser-anser/Aves
PX597466/JSYC2504/CHN/2025/Anser-cygnoides/Aves	OP484923/NA/CHN/2018-03-09/Anser-anser/Aves
PX597466/JSYC2504/CHN/2025/Anser-cygnoides/Aves	MW505491/NA/CHN/2019-06-06/Anser-anser/Aves
PX597466/JSYC2504/CHN/2025/Anser-cygnoides/Aves	MN127956/NA/CHN/2018-11-25/Anser-anser/Aves
PX597466/JSYC2504/CHN/2025/Anser-cygnoides/Aves	PX703592/AAstV-Goose-Shandong-D12-2022/CHN/2022-12-11/Anser-anser/Aves
PX597466/JSYC2504/CHN/2025/Anser-cygnoides/Aves	PP966939/GZ2301/CHN/2023/Anser-anser/Aves
PX597466/JSYC2504/CHN/2025/Anser-cygnoides/Aves	MW505490/NA/CHN/2019-06-21/Anser-anser/Aves
PX597466/JSYC2504/CHN/2025/Anser-cygnoides/Aves	MN127955/NA/CHN/2019-01-16/Anser-anser/Aves
PX597466/JSYC2504/CHN/2025/Anser-cygnoides/Aves	PX703591/AAstV-Goose-Shandong-D01-2021/CHN/2021-06-22/Anser-anser/Aves
PX597466/JSYC2504/CHN/2025/Anser-cygnoides/Aves	MW505489/NA/CHN/2019-06-21/Anser-anser/Aves
PX597466/JSYC2504/CHN/2025/Anser-cygnoides/Aves	OM273310/NA/CHN/2021-08-21/Anser-anser/Aves
PX597466/JSYC2504/CHN/2025/Anser-cygnoides/Aves	MN127954/NA/CHN/2019-01-16/Anser-anser/Aves
PX597466/JSYC2504/CHN/2025/Anser-cygnoides/Aves	MN894548/NA/CHN/2019-06-16/Anser-anser/Aves
PX597466/JSYC2504/CHN/2025/Anser-cygnoides/Aves	PX703590/AAstV-Goose-Guangdong-D09-2022/CHN/2022-12-09/Anser-anser/Aves
PX597466/JSYC2504/CHN/2025/Anser-cygnoides/Aves	MW505488/NA/CHN/2019-07-16/Anser-anser/Aves
PX597466/JSYC2504/CHN/2025/Anser-cygnoides/Aves	OM273309/NA/CHN/2021-07-16/Anser-anser/Aves
PX597466/JSYC2504/CHN/2025/Anser-cygnoides/Aves	MN127953/NA/CHN/2019-01-03/Anser-anser/Aves
PX597466/JSYC2504/CHN/2025/Anser-cygnoides/Aves	MN337323/XX/CHN/2018-07-10/Anser-anser/Aves
PX597466/JSYC2504/CHN/2025/Anser-cygnoides/Aves	MG934571/GD/CHN/2017-11-01/Anser-anser/Aves
PX597466/JSYC2504/CHN/2025/Anser-cygnoides/Aves	PQ308726/GAstV_GDFS_Goose_2024/CHN/2024/Anser-anser/Aves
PX597466/JSYC2504/CHN/2025/Anser-cygnoides/Aves	ON954324/NA/CHN/2021/Anser-anser/Aves
PX597466/JSYC2504/CHN/2025/Anser-cygnoides/Aves	MW505487/NA/CHN/2019-06-11/Anser-anser/Aves
PX597466/JSYC2504/CHN/2025/Anser-cygnoides/Aves	OM273308/NA/CHN/2021-06-30/Anser-anser/Aves
PX597466/JSYC2504/CHN/2025/Anser-cygnoides/Aves	OK571390/JRMS/CHN/2020-12-03/Anser-anser/Aves
PX597466/JSYC2504/CHN/2025/Anser-cygnoides/Aves	MN127952/NA/CHN/2018-12-19/Anser-anser/Aves
PX597466/JSYC2504/CHN/2025/Anser-cygnoides/Aves	MN399857/SDXT/CHN/2019-03-15/Anas-platyrhynchos/Aves
PX597466/JSYC2504/CHN/2025/Anser-cygnoides/Aves	MK125058/JSHA/CHN/2016/Anser-anser/Aves
PX597466/JSYC2504/CHN/2025/Anser-cygnoides/Aves	PQ552759/NA/CHN/2024/Anas-platyrhynchos/Aves
PX597466/JSYC2504/CHN/2025/Anser-cygnoides/Aves	OP179660/NA/CHN/2022-06-25/Anser-anser/Aves
PX597466/JSYC2504/CHN/2025/Anser-cygnoides/Aves	MW505486/NA/CHN/2019-07-05/Anser-anser/Aves
PX597466/JSYC2504/CHN/2025/Anser-cygnoides/Aves	OM273307/NA/CHN/2021-05-07/Anser-anser/Aves
PX597466/JSYC2504/CHN/2025/Anser-cygnoides/Aves	OK571389/ZJLD/CHN/2020-06-10/Anser-anser/Aves
PX597466/JSYC2504/CHN/2025/Anser-cygnoides/Aves	MW592379/HNXX-6-China-2020/CHN/2020/Anser-anser/Aves
PX597466/JSYC2504/CHN/2025/Anser-cygnoides/Aves	MN127951/NA/CHN/2018-11-20/Anser-anser/Aves
PX597466/JSYC2504/CHN/2025/Anser-cygnoides/Aves	ON400505/GAstV-GD2104/CHN/2021-12-01/Anser-anser/Aves
PX597466/JSYC2504/CHN/2025/Anser-cygnoides/Aves	MW505485/NA/CHN/2019-08-05/Anser-anser/Aves
PX597466/JSYC2504/CHN/2025/Anser-cygnoides/Aves	OM273306/NA/CHN/2021-04-26/Anser-anser/Aves
PX597466/JSYC2504/CHN/2025/Anser-cygnoides/Aves	MW592378/HNSQ-6-China-2020/CHN/2020/Anser-anser/Aves
PX597466/JSYC2504/CHN/2025/Anser-cygnoides/Aves	MN103532/NA/CHN/2018-07-01/Anser-anser/Aves
PV166024/PAstV3-XJJY17-2023/CHN/2023/Sus-scrofa/Mammalia	PV166024/PAstV3-XJJY17-2023/CHN/2023/Sus-scrofa/Mammalia
PV166024/PAstV3-XJJY17-2023/CHN/2023/Sus-scrofa/Mammalia	PX137026/PAstV3-XJCZ24-2024/CHN/2024-04-24/Sus-scrofa/Mammalia
PV166024/PAstV3-XJJY17-2023/CHN/2023/Sus-scrofa/Mammalia	MW732151/NA/USA/2019/Sus-scrofa/Mammalia
PV166024/PAstV3-XJJY17-2023/CHN/2023/Sus-scrofa/Mammalia	PX137025/PAstV3-XJJY5-2023/CHN/2023-02-20/Sus-scrofa/Mammalia
PV166024/PAstV3-XJJY17-2023/CHN/2023/Sus-scrofa/Mammalia	MW732150/NA/USA/2020/Sus-scrofa/Mammalia
PV166024/PAstV3-XJJY17-2023/CHN/2023/Sus-scrofa/Mammalia	KY940545/NA/USA/2017/Sus-scrofa/Mammalia
PV166024/PAstV3-XJJY17-2023/CHN/2023/Sus-scrofa/Mammalia	PX137024/PAstV3-XJJY9-2023/CHN/2023-02-20/Sus-scrofa/Mammalia
PV166024/PAstV3-XJJY17-2023/CHN/2023/Sus-scrofa/Mammalia	MW732149/NA/USA/2020/Sus-scrofa/Mammalia
PV166024/PAstV3-XJJY17-2023/CHN/2023/Sus-scrofa/Mammalia	KY073232/NA/HUN/2015/Sus-scrofa/Mammalia
PV166024/PAstV3-XJJY17-2023/CHN/2023/Sus-scrofa/Mammalia	LC201599/NA/JPN/2014/Sus-scrofa/Mammalia
PV166024/PAstV3-XJJY17-2023/CHN/2023/Sus-scrofa/Mammalia	PX137023/PAstV3-XJJY17-2023/CHN/2023-02-20/Sus-scrofa/Mammalia
PV166024/PAstV3-XJJY17-2023/CHN/2023/Sus-scrofa/Mammalia	MW732148/NA/USA/2018/Sus-scrofa/Mammalia
PV166024/PAstV3-XJJY17-2023/CHN/2023/Sus-scrofa/Mammalia	LT898424/PAstV-GER-L00919-K17_14-02-2014/NA/NA/NA/NA
PV166024/PAstV3-XJJY17-2023/CHN/2023/Sus-scrofa/Mammalia	KY073231/NA/HUN/2016/Sus-scrofa/Mammalia
PV166024/PAstV3-XJJY17-2023/CHN/2023/Sus-scrofa/Mammalia	LC201598/NA/JPN/2014/Sus-scrofa/Mammalia
PV166024/PAstV3-XJJY17-2023/CHN/2023/Sus-scrofa/Mammalia	PX137022/PAstV3-XJJY14-2023/CHN/2023-02-20/Sus-scrofa/Mammalia
PV166024/PAstV3-XJJY17-2023/CHN/2023/Sus-scrofa/Mammalia	MW732146/NA/USA/2020/Sus-scrofa/Mammalia
PV166024/PAstV3-XJJY17-2023/CHN/2023/Sus-scrofa/Mammalia	KY073229/NA/HUN/2016/Sus-scrofa/Mammalia
PV166024/PAstV3-XJJY17-2023/CHN/2023/Sus-scrofa/Mammalia	LC201597/NA/JPN/2014/Sus-scrofa/Mammalia
PV166024/PAstV3-XJJY17-2023/CHN/2023/Sus-scrofa/Mammalia	PX137021/PAstV3-LNBP9-2022/CHN/2022-12-01/Sus-scrofa/Mammalia
PV166024/PAstV3-XJJY17-2023/CHN/2023/Sus-scrofa/Mammalia	MW732145/NA/USA/2020/Sus-scrofa/Mammalia
PV166024/PAstV3-XJJY17-2023/CHN/2023/Sus-scrofa/Mammalia	LC201596/NA/JPN/2014/Sus-scrofa/Mammalia
PV166024/PAstV3-XJJY17-2023/CHN/2023/Sus-scrofa/Mammalia	PX137020/PAstV3-AHCZ3-2022/CHN/2022-07-12/Sus-scrofa/Mammalia
PV166024/PAstV3-XJJY17-2023/CHN/2023/Sus-scrofa/Mammalia	LC201595/NA/JPN/2014/Sus-scrofa/Mammalia
PV166024/PAstV3-XJJY17-2023/CHN/2023/Sus-scrofa/Mammalia	LC900406/PoAstV-3-wt-Pig-Japan-Uchi-12-2019/JPN/2019-10-08/Sus-scrofa/Mammalia
PV166024/PAstV3-XJJY17-2023/CHN/2023/Sus-scrofa/Mammalia	PV166023/PAstV3-XJJY14-2023/CHN/2023/Sus-scrofa/Mammalia
PV166024/PAstV3-XJJY17-2023/CHN/2023/Sus-scrofa/Mammalia	PV166022/PAstV3-XJJY9-2023/CHN/2023/Sus-scrofa/Mammalia
PV166024/PAstV3-XJJY17-2023/CHN/2023/Sus-scrofa/Mammalia	NC_019494/US-MO123/USA/2011-06-24/Sus-scrofa/Mammalia
PV166024/PAstV3-XJJY17-2023/CHN/2023/Sus-scrofa/Mammalia	PV166021/PAstV3-XJJY5-2023/CHN/2023/Sus-scrofa/Mammalia
PV166024/PAstV3-XJJY17-2023/CHN/2023/Sus-scrofa/Mammalia	PV166020/PAstV3-NMBB3-2023/CHN/2023/Sus-scrofa/Mammalia
PV166024/PAstV3-XJJY17-2023/CHN/2023/Sus-scrofa/Mammalia	LC900450/PoAstV-3-wt-Pig-Japan-G-Taji-9-2022/JPN/2022-05-26/Sus-scrofa/Mammalia
PV166024/PAstV3-XJJY17-2023/CHN/2023/Sus-scrofa/Mammalia	PV166019/PAstV3-LNLY-2024/CHN/2024/Sus-scrofa/Mammalia
PV166024/PAstV3-XJJY17-2023/CHN/2023/Sus-scrofa/Mammalia	LC900448/PoAstV-3-wt-Pig-Japan-G-Taji-5-2022/JPN/2022-05-26/Sus-scrofa/Mammalia
PV166024/PAstV3-XJJY17-2023/CHN/2023/Sus-scrofa/Mammalia	PV166018/PAstV3-LNBP9-2023/CHN/2023/Sus-scrofa/Mammalia
PV166024/PAstV3-XJJY17-2023/CHN/2023/Sus-scrofa/Mammalia	PV166017/PAstV3-LNBP7-2023/CHN/2023/Sus-scrofa/Mammalia
PV166024/PAstV3-XJJY17-2023/CHN/2023/Sus-scrofa/Mammalia	PV166016/PAstV3-HLJDQ8-2018/CHN/2018/Sus-scrofa/Mammalia
PV166024/PAstV3-XJJY17-2023/CHN/2023/Sus-scrofa/Mammalia	PV166015/PAstV3-GDYJ173-2011/CHN/2011/Sus-scrofa/Mammalia
PV166024/PAstV3-XJJY17-2023/CHN/2023/Sus-scrofa/Mammalia	PV166014/PAstV3-GDFS59-2011/CHN/2011/Sus-scrofa/Mammalia
PV166024/PAstV3-XJJY17-2023/CHN/2023/Sus-scrofa/Mammalia	PV166013/PAstV3-GDQY16-1998/CHN/1998/Sus-scrofa/Mammalia
PV166024/PAstV3-XJJY17-2023/CHN/2023/Sus-scrofa/Mammalia	PV166012/PAstV3-GDFS5-1994/CHN/1994/Sus-scrofa/Mammalia
PV166024/PAstV3-XJJY17-2023/CHN/2023/Sus-scrofa/Mammalia	MW653753/USA-IA-32345-2020/USA/2020/Sus-scrofa/Mammalia
PV166024/PAstV3-XJJY17-2023/CHN/2023/Sus-scrofa/Mammalia	PV166011/PAstV3-AHCZ4-2022/CHN/2022/Sus-scrofa/Mammalia
PV166024/PAstV3-XJJY17-2023/CHN/2023/Sus-scrofa/Mammalia	MW653752/USA-IA-72701B-2019/USA/2019/Sus-scrofa/Mammalia
PV166024/PAstV3-XJJY17-2023/CHN/2023/Sus-scrofa/Mammalia	JX556691/US-MO123/USA/2011-06-24/Sus-scrofa/Mammalia
PV166024/PAstV3-XJJY17-2023/CHN/2023/Sus-scrofa/Mammalia	MW653751/USA-IA-72701A-2019/USA/2019/Sus-scrofa/Mammalia
PV166024/PAstV3-XJJY17-2023/CHN/2023/Sus-scrofa/Mammalia	MW653750/USA-IA-53797GA-2019/USA/2019/Sus-scrofa/Mammalia
PV166024/PAstV3-XJJY17-2023/CHN/2023/Sus-scrofa/Mammalia	MW653749/USA-IA-53214C-2018/USA/2018/Sus-scrofa/Mammalia
PV166024/PAstV3-XJJY17-2023/CHN/2023/Sus-scrofa/Mammalia	MW653748/USA-IA-6535D-2018/USA/2018/Sus-scrofa/Mammalia
PV166024/PAstV3-XJJY17-2023/CHN/2023/Sus-scrofa/Mammalia	MW732157/NA/USA/2020/Sus-scrofa/Mammalia
PV166024/PAstV3-XJJY17-2023/CHN/2023/Sus-scrofa/Mammalia	MW732156/NA/USA/2020/Sus-scrofa/Mammalia
PV166024/PAstV3-XJJY17-2023/CHN/2023/Sus-scrofa/Mammalia	MW732155/NA/USA/2020/Sus-scrofa/Mammalia
PV166024/PAstV3-XJJY17-2023/CHN/2023/Sus-scrofa/Mammalia	MW732153/NA/USA/2018/Sus-scrofa/Mammalia
PV166024/PAstV3-XJJY17-2023/CHN/2023/Sus-scrofa/Mammalia	MK962342/NA/ESP/2017-07-04/Sus-scrofa/Mammalia
PV166024/PAstV3-XJJY17-2023/CHN/2023/Sus-scrofa/Mammalia	ON715001/SP-VC29/ESP/2017-08-04/Sus-scrofa/Mammalia
PV166024/PAstV3-XJJY17-2023/CHN/2023/Sus-scrofa/Mammalia	MW732152/NA/USA/2020/Sus-scrofa/Mammalia
PV166024/PAstV3-XJJY17-2023/CHN/2023/Sus-scrofa/Mammalia	MK962341/NA/ESP/2017-06-08/Sus-scrofa/Mammalia
OR951068/YN2016_267_21909/CHN/2016/Rousettus-leschenaultii/Mammalia	OR951068/YN2016_267_21909/CHN/2016/Rousettus-leschenaultii/Mammalia
PP623814/MP22-196/CHN/2022-11-09/Mareca-falcata/Aves	PP623814/MP22-196/CHN/2022-11-09/Mareca-falcata/Aves
PP352010/Hunan-CHN-2022/CHN/2022/Pelophylax-nigromaculatus/Amphibia	PP352010/Hunan-CHN-2022/CHN/2022/Pelophylax-nigromaculatus/Amphibia
OQ802733/JM_Cr.shantungensis_astro_1/CHN/2016_2017/Crocidura-shantungensis/Mammalia	OQ802733/JM_Cr.shantungensis_astro_1/CHN/2016_2017/Crocidura-shantungensis/Mammalia
OM140654/NA/CHN/2016/Marmota-caudata/Mammalia	OM140654/NA/CHN/2016/Marmota-caudata/Mammalia
KT946721/D11-148.2-HK/HKG/NA/NA/Aves	KT946721/D11-148.2-HK/HKG/NA/NA/Aves
MT138013/rob181ast1/NA/2018/NA/NA	MT138013/rob181ast1/NA/2018/NA/NA
MG599929/NA/CHN/NA/Echelus-uropterus/Actinopteri	MG599929/NA/CHN/NA/Echelus-uropterus/Actinopteri
MG599929/NA/CHN/NA/Echelus-uropterus/Actinopteri	MG599885/NA/CHN/NA/NA/NA
MG599929/NA/CHN/NA/Echelus-uropterus/Actinopteri	MG599926/NA/CHN/NA/NA/Actinopteri
MG599897/NA/CHN/NA/Coelorinchus-multispinulosus/Actinopteri	MG599897/NA/CHN/NA/Coelorinchus-multispinulosus/Actinopteri
KY855439/NA/CHN/2013/Marmota-himalayana/Mammalia	KY855439/NA/CHN/2013/Marmota-himalayana/Mammalia
KY855439/NA/CHN/2013/Marmota-himalayana/Mammalia	KY855442/NA/CHN/2013/Marmota-himalayana/Mammalia
KY855439/NA/CHN/2013/Marmota-himalayana/Mammalia	KY855441/NA/CHN/2013/Marmota-himalayana/Mammalia
KY855439/NA/CHN/2013/Marmota-himalayana/Mammalia	KY855440/NA/CHN/2013/Marmota-himalayana/Mammalia
PQ893527/QLD-2021/AUS/2021-01/Alisterus-scapularis/Aves	PQ893527/QLD-2021/AUS/2021-01/Alisterus-scapularis/Aves
PP711857/14A-Kenya-BAT1537-2015/KEN/2015/Mops-condylurus/Mammalia	PP711857/14A-Kenya-BAT1537-2015/KEN/2015/Mops-condylurus/Mammalia
PP711857/14A-Kenya-BAT1537-2015/KEN/2015/Mops-condylurus/Mammalia	PP711858/14B-Kenya-BAT1549-2015/KEN/2015/Mops-condylurus/Mammalia
OP589977/EBW-Sk-1/AUS/2013_2021/Miniopterus-orianae/Mammalia	OP589977/EBW-Sk-1/AUS/2013_2021/Miniopterus-orianae/Mammalia
MT138009/prf037ast1nc/NA/2018/NA/NA	MT138009/prf037ast1nc/NA/2018/NA/NA
MG693176/CMR-Bat-AsV-P02/CMR/2013-12/Eidolon-helvum/Mammalia	MG693176/CMR-Bat-AsV-P02/CMR/2013-12/Eidolon-helvum/Mammalia
MG599922/NA/CHN/NA/Gonorynchus-abbreviatus/Actinopteri	MG599922/NA/CHN/NA/Gonorynchus-abbreviatus/Actinopteri
MG599893/NA/CHN/NA/Coelorinchus-multispinulosus/Actinopteri	MG599893/NA/CHN/NA/Coelorinchus-multispinulosus/Actinopteri
KY855438/NA/CHN/2013/Marmota-himalayana/Mammalia	KY855438/NA/CHN/2013/Marmota-himalayana/Mammalia
OR951034/GD2017_191_26815/CHN/2017/Hipposideros-larvatus/Mammalia	OR951034/GD2017_191_26815/CHN/2017/Hipposideros-larvatus/Mammalia
PV169360/NA/CHN/2024/Anas-platyrhynchos/Aves	PV169360/NA/CHN/2024/Anas-platyrhynchos/Aves
PV169360/NA/CHN/2024/Anas-platyrhynchos/Aves	MW217578/DAstV-SDZZ/CHN/2020/Anas-platyrhynchos/Aves
PV169360/NA/CHN/2024/Anas-platyrhynchos/Aves	MN149392/D17/CHN/2013-10-13/Anas-platyrhynchos/Aves
PV169360/NA/CHN/2024/Anas-platyrhynchos/Aves	MH712856/NA/CHN/2012-02-06/Anas-platyrhynchos/Aves
PV169360/NA/CHN/2024/Anas-platyrhynchos/Aves	OR134528/NA/CHN/2022-10-26/Cairina-moschata/Aves
PV169360/NA/CHN/2024/Anas-platyrhynchos/Aves	OR134527/NA/CHN/2022-10-22/Cairina-moschata/Aves
PV169360/NA/CHN/2024/Anas-platyrhynchos/Aves	OR134526/NA/CHN/2022-11-10/Cairina-moschata/Aves
PV169360/NA/CHN/2024/Anas-platyrhynchos/Aves	OL652659/DAstV-SDWF/CHN/2021/Anas-platyrhynchos/Aves
PV169360/NA/CHN/2024/Anas-platyrhynchos/Aves	OR134525/NA/CHN/2022-09-16/Cairina-moschata/Aves
PV169360/NA/CHN/2024/Anas-platyrhynchos/Aves	OR134524/NA/CHN/2022-11-27/Cairina-moschata/Aves
PV169360/NA/CHN/2024/Anas-platyrhynchos/Aves	NC_012437/NA/CHN/2008-07-09/Anas-platyrhynchos/Aves
PV169360/NA/CHN/2024/Anas-platyrhynchos/Aves	OR134523/NA/CHN/2022-12-12/Cairina-moschata/Aves
PV169360/NA/CHN/2024/Anas-platyrhynchos/Aves	KY646154/HB2015/CHN/2015/Anas-platyrhynchos/Aves
PV169360/NA/CHN/2024/Anas-platyrhynchos/Aves	OR134522/NA/CHN/2022-10-29/Cairina-moschata/Aves
PV169360/NA/CHN/2024/Anas-platyrhynchos/Aves	OR134521/NA/CHN/2022-10-22/Cairina-moschata/Aves
PV169360/NA/CHN/2024/Anas-platyrhynchos/Aves	FJ919228/NA/CHN/NA/Anas-platyrhynchos/Aves
PV169360/NA/CHN/2024/Anas-platyrhynchos/Aves	OR134520/NA/CHN/2022-10-15/Cairina-moschata/Aves
PV169360/NA/CHN/2024/Anas-platyrhynchos/Aves	MN149395/D390/CHN/2013-10-13/Anas-platyrhynchos/Aves
PV169360/NA/CHN/2024/Anas-platyrhynchos/Aves	FJ919227/NA/CHN/NA/Anas-platyrhynchos/Aves
PV169360/NA/CHN/2024/Anas-platyrhynchos/Aves	OR134519/NA/CHN/2022-10-12/Cairina-moschata/Aves
PV169360/NA/CHN/2024/Anas-platyrhynchos/Aves	MN149394/D200/CHN/2013-10-13/Anas-platyrhynchos/Aves
PV169360/NA/CHN/2024/Anas-platyrhynchos/Aves	FJ919226/NA/CHN/NA/Anas-platyrhynchos/Aves
PV169360/NA/CHN/2024/Anas-platyrhynchos/Aves	OR134518/NA/CHN/2022-08-15/Cairina-moschata/Aves
PV169360/NA/CHN/2024/Anas-platyrhynchos/Aves	MN149393/D120/CHN/2013-10-13/Anas-platyrhynchos/Aves
PV169360/NA/CHN/2024/Anas-platyrhynchos/Aves	FJ919225/NA/CHN/NA/Anas-platyrhynchos/Aves
PV169360/NA/CHN/2024/Anas-platyrhynchos/Aves	JX439643/NA/CHN/2012-01-01/Anas-platyrhynchos/Aves
PV169360/NA/CHN/2024/Anas-platyrhynchos/Aves	FJ434664/NA/CHN/2008-07-09/Anas-platyrhynchos/Aves
PP478075/PL_pigeon_4a-2023/LAO/2023-05/Columba-livia/Aves	PP478075/PL_pigeon_4a-2023/LAO/2023-05/Columba-livia/Aves
PP478075/PL_pigeon_4a-2023/LAO/2023-05/Columba-livia/Aves	MW784094/5-86563/CHN/NA/NA/NA
PP478075/PL_pigeon_4a-2023/LAO/2023-05/Columba-livia/Aves	KT946725/D10-5628-HK/HKG/NA/Spilopelia-chinensis/Aves
PP478075/PL_pigeon_4a-2023/LAO/2023-05/Columba-livia/Aves	KT946724/D11-440-HK/HKG/NA/Columba-livia/Aves
PP478075/PL_pigeon_4a-2023/LAO/2023-05/Columba-livia/Aves	KT946723/D11-336.2-HK/HKG/NA/Spilopelia-chinensis/Aves
PP478075/PL_pigeon_4a-2023/LAO/2023-05/Columba-livia/Aves	KT946722/D11-116-HK/HKG/NA/Spilopelia-chinensis/Aves
PP478075/PL_pigeon_4a-2023/LAO/2023-05/Columba-livia/Aves	PV989640/PLKT01/CHN/2024/Columba-livia/Aves
PP478075/PL_pigeon_4a-2023/LAO/2023-05/Columba-livia/Aves	PP478076/PL_pigeon_24-2023/LAO/2023-04/Columba-livia/Aves
PP478075/PL_pigeon_4a-2023/LAO/2023-05/Columba-livia/Aves	PX237222/pigeon-FSU1/CHN/2025-07-04/Columba-livia/Aves
PP711856/13A-Kenya-BAT1552-2015/KEN/2015/Mops-condylurus/Mammalia	PP711856/13A-Kenya-BAT1552-2015/KEN/2015/Mops-condylurus/Mammalia
OQ986679/GEIG/LAO/2021-02_2021-03/NA/NA	OQ986679/GEIG/LAO/2021-02_2021-03/NA/NA
OQ802710/JM_My.chinensis_astro_6/CHN/2016_2017/Myotis-chinensis/Mammalia	OQ802710/JM_My.chinensis_astro_6/CHN/2016_2017/Myotis-chinensis/Mammalia
OQ693700/DAstV-1/NA/NA/Equus-asinus/Mammalia	OQ693700/DAstV-1/NA/NA/Equus-asinus/Mammalia
OL345583/DB03F-SX-2018/CHN/2018/Meriones-unguiculatus/Mammalia	OL345583/DB03F-SX-2018/CHN/2018/Meriones-unguiculatus/Mammalia
OL345583/DB03F-SX-2018/CHN/2018/Meriones-unguiculatus/Mammalia	OL345584/DB01F-SX-2018/CHN/2018/Meriones-unguiculatus/Mammalia
MZ375139/3PE-RDRP-2/CHN/2020/Phrynocephalus-erythrurus/Lepidosauria	MZ375139/3PE-RDRP-2/CHN/2020/Phrynocephalus-erythrurus/Lepidosauria
MT993595/MW09_1o/AUS/2015/Arenaria-interpres/Aves	MT993595/MW09_1o/AUS/2015/Arenaria-interpres/Aves
MT138004/hftbif16ast1nc/NA/2016/NA/NA	MT138004/hftbif16ast1nc/NA/2016/NA/NA
MG599916/NA/CHN/NA/Hypselotriton-orientalis/Amphibia	MG599916/NA/CHN/NA/Hypselotriton-orientalis/Amphibia
MG599887/NA/CHN/NA/Hemitrygon-akajei/Chondrichthyes	MG599887/NA/CHN/NA/Hemitrygon-akajei/Chondrichthyes
KC692365/fox-5/LAO/2012-03-15/Vulpes-vulpes/Mammalia	KC692365/fox-5/LAO/2012-03-15/Vulpes-vulpes/Mammalia
PV605151/22SS640/CHN/2022/Rattus-norvegicus/Mammalia	PV605151/22SS640/CHN/2022/Rattus-norvegicus/Mammalia
PV605151/22SS640/CHN/2022/Rattus-norvegicus/Mammalia	MZ357118/Moin135AstV01-8/CHN/2020/Rattus-norvegicus/Mammalia
PV605151/22SS640/CHN/2022/Rattus-norvegicus/Mammalia	OQ802721/WZ_Ra.norvegicus_astro_1/CHN/2016_2017/Rattus-norvegicus/Mammalia
PV605151/22SS640/CHN/2022/Rattus-norvegicus/Mammalia	OQ802716/JM_Ra.norvegicus_astro_1/CHN/2016_2017/Rattus-norvegicus/Mammalia
PV605151/22SS640/CHN/2022/Rattus-norvegicus/Mammalia	PP871752/astro_vt_34/VNM/2014-05-29_2016-07-14/Sus-scrofa/Mammalia
PV605151/22SS640/CHN/2022/Rattus-norvegicus/Mammalia	KT946731/HK-CWRN1RV/HKG/NA/Rattus-norvegicus/Mammalia
OR951026/GX2017_185_6114/CHN/2017/Scotophilus-kuhlii/Mammalia	OR951026/GX2017_185_6114/CHN/2017/Scotophilus-kuhlii/Mammalia
OQ986609/RHFU/LAO/2021-02_2021-03/NA/NA	OQ986609/RHFU/LAO/2021-02_2021-03/NA/NA
OQ606244/RR034B/MDG/2018/Rousettus-madagascariensis/Mammalia	OQ606244/RR034B/MDG/2018/Rousettus-madagascariensis/Mammalia
MZ375137/2PE-RDRP-2/CHN/2020/Phrynocephalus-erythrurus/Lepidosauria	MZ375137/2PE-RDRP-2/CHN/2020/Phrynocephalus-erythrurus/Lepidosauria
MT993583/MW06_2o/AUS/2014/Arenaria-interpres/Aves	MT993583/MW06_2o/AUS/2014/Arenaria-interpres/Aves
MT138003/ecw123ast1/NA/2018/NA/NA	MT138003/ecw123ast1/NA/2018/NA/NA
MG599909/NA/CHN/NA/Microhyla-pulchra/Amphibia	MG599909/NA/CHN/NA/Microhyla-pulchra/Amphibia
MG599883/NA/CHN/NA/Cephalopholis-spiloparaea/Actinopteri	MG599883/NA/CHN/NA/Cephalopholis-spiloparaea/Actinopteri
JN420352/1148/USA/2010/Zalophus-californianus/Mammalia	JN420352/1148/USA/2010/Zalophus-californianus/Mammalia
JN420352/1148/USA/2010/Zalophus-californianus/Mammalia	JN420359/9822/USA/2010/Zalophus-californianus/Mammalia
LC900440/PoAstV-5-wt-Pig-Japan-G-Tsuru-2-2022/JPN/2022-05-19/Sus-scrofa/Mammalia	LC900440/PoAstV-5-wt-Pig-Japan-G-Tsuru-2-2022/JPN/2022-05-19/Sus-scrofa/Mammalia
LC900440/PoAstV-5-wt-Pig-Japan-G-Tsuru-2-2022/JPN/2022-05-19/Sus-scrofa/Mammalia	LC900454/PoAstV-5-wt-Pig-Japan-G-Fuku-2-2022/JPN/2022-06-03/Sus-scrofa/Mammalia
LC900440/PoAstV-5-wt-Pig-Japan-G-Tsuru-2-2022/JPN/2022-05-19/Sus-scrofa/Mammalia	OQ781001/PAstV5-HNPDS-01-P10/CHN/2021/Sus-scrofa/Mammalia
LC900440/PoAstV-5-wt-Pig-Japan-G-Tsuru-2-2022/JPN/2022-05-19/Sus-scrofa/Mammalia	LC900439/PoAstV-5-wt-Pig-Japan-G-Tsuru-1-2022/JPN/2022-05-19/Sus-scrofa/Mammalia
LC900440/PoAstV-5-wt-Pig-Japan-G-Tsuru-2-2022/JPN/2022-05-19/Sus-scrofa/Mammalia	MK378555/PoAstV_VIRES_NM02_C5/CHN/2017-04/Sus-scrofa/Mammalia
LC900440/PoAstV-5-wt-Pig-Japan-G-Tsuru-2-2022/JPN/2022-05-19/Sus-scrofa/Mammalia	MK378540/PoAstV_VIRES_JL01_C2/CHN/2017-04/Sus-scrofa/Mammalia
LC900440/PoAstV-5-wt-Pig-Japan-G-Tsuru-2-2022/JPN/2022-05-19/Sus-scrofa/Mammalia	KP747574/AstV-LL-2/CHN/2006-10/Sus-scrofa/Mammalia
LC900440/PoAstV-5-wt-Pig-Japan-G-Tsuru-2-2022/JPN/2022-05-19/Sus-scrofa/Mammalia	LC900435/PoAstV-5-wt-Pig-Japan-TPF-8-2021/JPN/2021-05-21/Sus-scrofa/Mammalia
LC900440/PoAstV-5-wt-Pig-Japan-G-Tsuru-2-2022/JPN/2022-05-19/Sus-scrofa/Mammalia	PX137061/PAstV5-XJCZ19-2024/CHN/2024-04-24/Sus-scrofa/Mammalia
LC900440/PoAstV-5-wt-Pig-Japan-G-Tsuru-2-2022/JPN/2022-05-19/Sus-scrofa/Mammalia	PX137060/PAstV5-XJCZ16-2024/CHN/2024-04-24/Sus-scrofa/Mammalia
LC900440/PoAstV-5-wt-Pig-Japan-G-Tsuru-2-2022/JPN/2022-05-19/Sus-scrofa/Mammalia	PP871800/astro_vt_82/VNM/2014-05-29_2016-07-14/Sus-scrofa/Mammalia
LC900440/PoAstV-5-wt-Pig-Japan-G-Tsuru-2-2022/JPN/2022-05-19/Sus-scrofa/Mammalia	MK378498/PoAstV_VIRES_GZ04_C6/CHN/2017-04/Sus-scrofa/Mammalia
LC900440/PoAstV-5-wt-Pig-Japan-G-Tsuru-2-2022/JPN/2022-05-19/Sus-scrofa/Mammalia	PX137059/PAstV5-NMBB15-2023/CHN/2023-09-17/Sus-scrofa/Mammalia
LC900440/PoAstV-5-wt-Pig-Japan-G-Tsuru-2-2022/JPN/2022-05-19/Sus-scrofa/Mammalia	LC900428/PoAstV-5-wt-Pig-Japan-TPF-2-2021/JPN/2021-05-21/Sus-scrofa/Mammalia
LC900440/PoAstV-5-wt-Pig-Japan-G-Tsuru-2-2022/JPN/2022-05-19/Sus-scrofa/Mammalia	PX137058/PAstV5-LNBP9-2022/CHN/2022-12-01/Sus-scrofa/Mammalia
LC900440/PoAstV-5-wt-Pig-Japan-G-Tsuru-2-2022/JPN/2022-05-19/Sus-scrofa/Mammalia	PV089624/PAstV5-CHN-SW3-2023/CHN/2023/Sus-scrofa/Mammalia
LC900440/PoAstV-5-wt-Pig-Japan-G-Tsuru-2-2022/JPN/2022-05-19/Sus-scrofa/Mammalia	PX137057/PAstV5-FJSY6-2023/CHN/2023-02-23/Sus-scrofa/Mammalia
LC900440/PoAstV-5-wt-Pig-Japan-G-Tsuru-2-2022/JPN/2022-05-19/Sus-scrofa/Mammalia	LC900474/PoAstV-5-wt-Pig-Japan-G-Nii-6-2022/JPN/2022-08-04/Sus-scrofa/Mammalia
LC900440/PoAstV-5-wt-Pig-Japan-G-Tsuru-2-2022/JPN/2022-05-19/Sus-scrofa/Mammalia	LC900425/PoAstV-5-wt-Pig-Japan-TPF-1-2021/JPN/2021-05-21/Sus-scrofa/Mammalia
LC900440/PoAstV-5-wt-Pig-Japan-G-Tsuru-2-2022/JPN/2022-05-19/Sus-scrofa/Mammalia	PX137056/PAstV5-FJLY1-2023/CHN/2023-03-08/Sus-scrofa/Mammalia
LC900440/PoAstV-5-wt-Pig-Japan-G-Tsuru-2-2022/JPN/2022-05-19/Sus-scrofa/Mammalia	PX137055/PAStV5-AHCZ3-2-2022/CHN/2022-07-12/Sus-scrofa/Mammalia
LC900440/PoAstV-5-wt-Pig-Japan-G-Tsuru-2-2022/JPN/2022-05-19/Sus-scrofa/Mammalia	PP871789/astro_vt_71/VNM/2014-08-19_2015-06-30/Sus-scrofa/Mammalia
LC900440/PoAstV-5-wt-Pig-Japan-G-Tsuru-2-2022/JPN/2022-05-19/Sus-scrofa/Mammalia	LC900423/PoAstV-5-wt-Pig-Japan-Mina-8-2021/JPN/2021-05-27/Sus-scrofa/Mammalia
LC900440/PoAstV-5-wt-Pig-Japan-G-Tsuru-2-2022/JPN/2022-05-19/Sus-scrofa/Mammalia	PX137054/PAstV5-AHCZ10-2022/CHN/2022-07-12/Sus-scrofa/Mammalia
LC900440/PoAstV-5-wt-Pig-Japan-G-Tsuru-2-2022/JPN/2022-05-19/Sus-scrofa/Mammalia	PP871719/astro_vt_1/VNM/2014-08-15/Sus-scrofa/Mammalia
OR951025/GD2018_176_158949/CHN/2018/Scotophilus-kuhlii/Mammalia	OR951025/GD2018_176_158949/CHN/2018/Scotophilus-kuhlii/Mammalia
OR951025/GD2018_176_158949/CHN/2018/Scotophilus-kuhlii/Mammalia	OR951027/GX2017_186_13431/CHN/2017/Scotophilus-kuhlii/Mammalia
MW504552/15214_AST_len_6117_cov_31.526724/USA/2018-10-09/Sus-scrofa/Mammalia	MW504552/15214_AST_len_6117_cov_31.526724/USA/2018-10-09/Sus-scrofa/Mammalia
MW504552/15214_AST_len_6117_cov_31.526724/USA/2018-10-09/Sus-scrofa/Mammalia	LC900362/PoAstV-2-wt-Wild_Boar-Japan-Noto-5-2023/JPN/2023-07-13/Sus-scrofa/Mammalia
MW504552/15214_AST_len_6117_cov_31.526724/USA/2018-10-09/Sus-scrofa/Mammalia	ON714997/SP-VC9/ESP/2017-01-25/Sus-scrofa/Mammalia
MW504552/15214_AST_len_6117_cov_31.526724/USA/2018-10-09/Sus-scrofa/Mammalia	LC900470/PoAstV-2-wt-Pig-Japan-G-HTuji-5-2022/JPN/2022-07-13/Sus-scrofa/Mammalia
MW504552/15214_AST_len_6117_cov_31.526724/USA/2018-10-09/Sus-scrofa/Mammalia	LC900420/PoAstV-2-wt-Pig-Japan-Hira-4-2021/JPN/2021-05-18/Sus-scrofa/Mammalia
MW504552/15214_AST_len_6117_cov_31.526724/USA/2018-10-09/Sus-scrofa/Mammalia	LC900361/PoAstV-2-wt-Wild_Boar-Japan-Noto-2-2023/JPN/2023-07-05/Sus-scrofa/Mammalia
MW504552/15214_AST_len_6117_cov_31.526724/USA/2018-10-09/Sus-scrofa/Mammalia	ON714996/SP-VC36/ESP/2017-08-04/Sus-scrofa/Mammalia
MW504552/15214_AST_len_6117_cov_31.526724/USA/2018-10-09/Sus-scrofa/Mammalia	LC900469/PoAstV-2-wt-Pig-Japan-G-HTsuji-3-2022/JPN/2022-07-13/Sus-scrofa/Mammalia
MW504552/15214_AST_len_6117_cov_31.526724/USA/2018-10-09/Sus-scrofa/Mammalia	LC900418/PoAstV-2-wt-Pig-Japan-Ebi-7-2019/JPN/2019-10-15/Sus-scrofa/Mammalia
MW504552/15214_AST_len_6117_cov_31.526724/USA/2018-10-09/Sus-scrofa/Mammalia	LC900462/PoAstV-2-wt-Pig-Japan-G-MieYa-10-2022/JPN/2022-07-04/Sus-scrofa/Mammalia
MW504552/15214_AST_len_6117_cov_31.526724/USA/2018-10-09/Sus-scrofa/Mammalia	MZ357117/Rpf011AstV01-5/CHN/2020-05/Ailurus-fulgens/Mammalia
MW504552/15214_AST_len_6117_cov_31.526724/USA/2018-10-09/Sus-scrofa/Mammalia	NC_023674/NA/USA/2010/Sus-scrofa/Mammalia
MW504552/15214_AST_len_6117_cov_31.526724/USA/2018-10-09/Sus-scrofa/Mammalia	LC900461/PoAstV-2-wt-Pig-Japan-G-MieYa-9-2022/JPN/2022-07-04/Sus-scrofa/Mammalia
MW504552/15214_AST_len_6117_cov_31.526724/USA/2018-10-09/Sus-scrofa/Mammalia	PP871776/astro_vt_58/VNM/2014-07-03/Sus-scrofa/Mammalia
MW504552/15214_AST_len_6117_cov_31.526724/USA/2018-10-09/Sus-scrofa/Mammalia	LC900460/PoAstV-2-wt-Pig-Japan-G-MieYa-7-2022/JPN/2022-07-04/Sus-scrofa/Mammalia
MW504552/15214_AST_len_6117_cov_31.526724/USA/2018-10-09/Sus-scrofa/Mammalia	LC900343/PoAstV-2-wt-Wild_Boar-Japan-Toya-10-2019/JPN/2019-07-23/Sus-scrofa/Mammalia
MW504552/15214_AST_len_6117_cov_31.526724/USA/2018-10-09/Sus-scrofa/Mammalia	MW784106/R96-75684/CHN/NA/NA/NA
MW504552/15214_AST_len_6117_cov_31.526724/USA/2018-10-09/Sus-scrofa/Mammalia	LC900459/PoAstV-2-wt-Pig-Japan-G-MieYa-4-2022/JPN/2022-07-04/Sus-scrofa/Mammalia
MW504552/15214_AST_len_6117_cov_31.526724/USA/2018-10-09/Sus-scrofa/Mammalia	MW784105/R69-151373/CHN/NA/NA/NA
MW504552/15214_AST_len_6117_cov_31.526724/USA/2018-10-09/Sus-scrofa/Mammalia	LC201594/NA/JPN/2015/Sus-scrofa/Mammalia
MW504552/15214_AST_len_6117_cov_31.526724/USA/2018-10-09/Sus-scrofa/Mammalia	PX137018/PAstV2-LNBP7-2022/CHN/2022-12-01/Sus-scrofa/Mammalia
MW504552/15214_AST_len_6117_cov_31.526724/USA/2018-10-09/Sus-scrofa/Mammalia	PV539770/PAstV2-NMG-2025/CHN/2025-02-18/Sus-scrofa/Mammalia
MW504552/15214_AST_len_6117_cov_31.526724/USA/2018-10-09/Sus-scrofa/Mammalia	LC900456/PoAstV-2-wt-Pig-Japan-G-Fuku-9-2022/JPN/2022-06-03/Sus-scrofa/Mammalia
MW504552/15214_AST_len_6117_cov_31.526724/USA/2018-10-09/Sus-scrofa/Mammalia	LC900455/PoAstV-2-wt-Pig-Japan-G-Fuku-3-2022/JPN/2022-06-03/Sus-scrofa/Mammalia
MW504552/15214_AST_len_6117_cov_31.526724/USA/2018-10-09/Sus-scrofa/Mammalia	PX137016/PAstV2-AHFW5-2023/CHN/2023-11-10/Sus-scrofa/Mammalia
MW504552/15214_AST_len_6117_cov_31.526724/USA/2018-10-09/Sus-scrofa/Mammalia	PP871765/astro_vt_47/VNM/2014-06-03/Sus-scrofa/Mammalia
MW504552/15214_AST_len_6117_cov_31.526724/USA/2018-10-09/Sus-scrofa/Mammalia	PX137015/PAstV2-AHFW4-2023/CHN/2023-11-10/Sus-scrofa/Mammalia
MW504552/15214_AST_len_6117_cov_31.526724/USA/2018-10-09/Sus-scrofa/Mammalia	PX137014/PAstV2-AHCZ10-2-2022/CHN/2022-07-12/Sus-scrofa/Mammalia
MW504552/15214_AST_len_6117_cov_31.526724/USA/2018-10-09/Sus-scrofa/Mammalia	OP076765/BcAstV-NMG31-CHN-2015/CHN/2015-06/Camelus-bactrianus/Mammalia
MW504552/15214_AST_len_6117_cov_31.526724/USA/2018-10-09/Sus-scrofa/Mammalia	LC201589/NA/JPN/2015/Sus-scrofa/Mammalia
MW504552/15214_AST_len_6117_cov_31.526724/USA/2018-10-09/Sus-scrofa/Mammalia	LC900452/PoAstV-2-wt-Pig-Japan-G-Fuku-2-2022/JPN/2022-06-03/Sus-scrofa/Mammalia
MW504552/15214_AST_len_6117_cov_31.526724/USA/2018-10-09/Sus-scrofa/Mammalia	LC900394/PoAstV-2-wt-Pig-Japan-MoI-23-2018/JPN/2018-06-27/Sus-scrofa/Mammalia
MW504552/15214_AST_len_6117_cov_31.526724/USA/2018-10-09/Sus-scrofa/Mammalia	MW784092/287-60804/CHN/NA/NA/NA
MW504552/15214_AST_len_6117_cov_31.526724/USA/2018-10-09/Sus-scrofa/Mammalia	LC201586/NA/JPN/2015/Sus-scrofa/Mammalia
MW504552/15214_AST_len_6117_cov_31.526724/USA/2018-10-09/Sus-scrofa/Mammalia	OM966723/BSF3/ZAF/2021-03/Sus-scrofa/Mammalia
MW504552/15214_AST_len_6117_cov_31.526724/USA/2018-10-09/Sus-scrofa/Mammalia	OP076747/DcAstV-Jd53-KSA-2014/SAU/2014-06-02/Camelus-dromedarius/Mammalia
MW504552/15214_AST_len_6117_cov_31.526724/USA/2018-10-09/Sus-scrofa/Mammalia	MK460230/PoAstV2-CHN-WG-R2-2017/CHN/2017-11/Sus-scrofa/Mammalia
MW504552/15214_AST_len_6117_cov_31.526724/USA/2018-10-09/Sus-scrofa/Mammalia	LC201585/NA/JPN/2014/Sus-scrofa/Mammalia
MW504552/15214_AST_len_6117_cov_31.526724/USA/2018-10-09/Sus-scrofa/Mammalia	LC900392/PoAstV-2-wt-Pig-Japan-MoI-22-2018/JPN/2018-06-27/Sus-scrofa/Mammalia
MW504552/15214_AST_len_6117_cov_31.526724/USA/2018-10-09/Sus-scrofa/Mammalia	OM966722/BSF2/ZAF/2021-03/Sus-scrofa/Mammalia
MW504552/15214_AST_len_6117_cov_31.526724/USA/2018-10-09/Sus-scrofa/Mammalia	OP076746/DcAstV-Jd76-KSA-2014/SAU/2014-06-02/Camelus-dromedarius/Mammalia
MW504552/15214_AST_len_6117_cov_31.526724/USA/2018-10-09/Sus-scrofa/Mammalia	JF713712/NA/USA/2010/Sus-scrofa/Mammalia
MW504552/15214_AST_len_6117_cov_31.526724/USA/2018-10-09/Sus-scrofa/Mammalia	LC900441/PoAstV-2-wt-Pig-Japan-G-Tsuru-8-2022/JPN/2022-05-19/Sus-scrofa/Mammalia
MW504552/15214_AST_len_6117_cov_31.526724/USA/2018-10-09/Sus-scrofa/Mammalia	LC900389/PoAstV-2-wt-Pig-Japan-HgOg-13-2018/JPN/2018-06-27/Sus-scrofa/Mammalia
MW504552/15214_AST_len_6117_cov_31.526724/USA/2018-10-09/Sus-scrofa/Mammalia	JF713710/NA/USA/2010/Sus-scrofa/Mammalia
MW504552/15214_AST_len_6117_cov_31.526724/USA/2018-10-09/Sus-scrofa/Mammalia	PP871744/astro_vt_26/VNM/2014-08-31_2016-09-22/Sus-scrofa/Mammalia
MW504552/15214_AST_len_6117_cov_31.526724/USA/2018-10-09/Sus-scrofa/Mammalia	KJ495986/NA/USA/2012/Sus-scrofa/Mammalia
MW504552/15214_AST_len_6117_cov_31.526724/USA/2018-10-09/Sus-scrofa/Mammalia	MW784081/227-2671/CHN/NA/NA/NA
MW504552/15214_AST_len_6117_cov_31.526724/USA/2018-10-09/Sus-scrofa/Mammalia	JX556690/AstV2-US-IA122/USA/2011-06-23/Sus-scrofa/Mammalia
MW504552/15214_AST_len_6117_cov_31.526724/USA/2018-10-09/Sus-scrofa/Mammalia	LC900436/PoAstV-2-wt-Pig-Japan-TPF-10-2021/JPN/2021-05-21/Sus-scrofa/Mammalia
MW504552/15214_AST_len_6117_cov_31.526724/USA/2018-10-09/Sus-scrofa/Mammalia	PP871737/astro_vt_19/VNM/2015-01-27_2016-02-25/Sus-scrofa/Mammalia
MW504552/15214_AST_len_6117_cov_31.526724/USA/2018-10-09/Sus-scrofa/Mammalia	PP871734/astro_vt_16/VNM/2014-07-08_2016-10-11/Sus-scrofa/Mammalia
MW504552/15214_AST_len_6117_cov_31.526724/USA/2018-10-09/Sus-scrofa/Mammalia	LC900433/PoAstV-2-wt-Pig-Japan-TPF-6-2021/JPN/2021-05-21/Sus-scrofa/Mammalia
MW504552/15214_AST_len_6117_cov_31.526724/USA/2018-10-09/Sus-scrofa/Mammalia	MK378505/PoAstV_VIRES_HeB02_C1/CHN/2017-04/Sus-scrofa/Mammalia
MW504552/15214_AST_len_6117_cov_31.526724/USA/2018-10-09/Sus-scrofa/Mammalia	LC900432/PoAstV-2-wt-Pig-Japan-TPF-5-2021/JPN/2021-05-21/Sus-scrofa/Mammalia
MW504552/15214_AST_len_6117_cov_31.526724/USA/2018-10-09/Sus-scrofa/Mammalia	PP871729/astro_vt_11/VNM/2014-06-19_2016-11-18/Sus-scrofa/Mammalia
MW504552/15214_AST_len_6117_cov_31.526724/USA/2018-10-09/Sus-scrofa/Mammalia	MW784075/85-137625/CHN/NA/NA/NA
MW504552/15214_AST_len_6117_cov_31.526724/USA/2018-10-09/Sus-scrofa/Mammalia	MZ819165/PoAstV2-Swine-CHI-CF2673-2017/CHL/2017/Sus-scrofa/Mammalia
MW504552/15214_AST_len_6117_cov_31.526724/USA/2018-10-09/Sus-scrofa/Mammalia	LC900431/PoAstV-2-wt-Pig-Japan-TPF-3-2021/JPN/2021-05-21/Sus-scrofa/Mammalia
MW504552/15214_AST_len_6117_cov_31.526724/USA/2018-10-09/Sus-scrofa/Mammalia	MW504557/15217_AST_len_6431_cov_31.131274/USA/2018-11-18/Sus-scrofa/Mammalia
MW504552/15214_AST_len_6117_cov_31.526724/USA/2018-10-09/Sus-scrofa/Mammalia	MZ819164/PoAstV2-Swine-CHI-FB036-2017/CHL/2017/Sus-scrofa/Mammalia
MW504552/15214_AST_len_6117_cov_31.526724/USA/2018-10-09/Sus-scrofa/Mammalia	KJ571486/LP084-Guangxi/CHN/2011-12-01/Hystrix-brachyura/Mammalia
MW504552/15214_AST_len_6117_cov_31.526724/USA/2018-10-09/Sus-scrofa/Mammalia	MW504556/15209_AST_len_6414_cov_16.838497/USA/2018-05-17/Sus-scrofa/Mammalia
MW504552/15214_AST_len_6117_cov_31.526724/USA/2018-10-09/Sus-scrofa/Mammalia	MK378474/PoAstV_VIRES_GX03_C2/CHN/2017-04/Sus-scrofa/Mammalia
MW504552/15214_AST_len_6117_cov_31.526724/USA/2018-10-09/Sus-scrofa/Mammalia	LC900427/PoAstV-2-wt-Pig-Japan-TPF-2-2021/JPN/2021-05-21/Sus-scrofa/Mammalia
MW504552/15214_AST_len_6117_cov_31.526724/USA/2018-10-09/Sus-scrofa/Mammalia	PP871725/astro_vt_7/VNM/2015-04-01_2016-12-12/Sus-scrofa/Mammalia
MW504552/15214_AST_len_6117_cov_31.526724/USA/2018-10-09/Sus-scrofa/Mammalia	OL695853/AH2-3/CHN/2021/Sus-scrofa/Mammalia
MW504552/15214_AST_len_6117_cov_31.526724/USA/2018-10-09/Sus-scrofa/Mammalia	MW504554/15213_AST_len_6398_cov_89.848021/USA/2018-10-02/Sus-scrofa/Mammalia
MW504552/15214_AST_len_6117_cov_31.526724/USA/2018-10-09/Sus-scrofa/Mammalia	OL695852/AH2-2/CHN/2021/Sus-scrofa/Mammalia
MW504552/15214_AST_len_6117_cov_31.526724/USA/2018-10-09/Sus-scrofa/Mammalia	MW504553/15216_AST_len_6394_cov_49.822685/USA/2018-11-17/Sus-scrofa/Mammalia
MW504552/15214_AST_len_6117_cov_31.526724/USA/2018-10-09/Sus-scrofa/Mammalia	LC900473/PoAstV-2-wt-Pig-Japan-G-Nii-6-2022/JPN/2022-08-04/Sus-scrofa/Mammalia
MW504552/15214_AST_len_6117_cov_31.526724/USA/2018-10-09/Sus-scrofa/Mammalia	LC900424/PoAstV-2-wt-Pig-Japan-TPF-1-2021/JPN/2021-05-21/Sus-scrofa/Mammalia
MW504552/15214_AST_len_6117_cov_31.526724/USA/2018-10-09/Sus-scrofa/Mammalia	LC900365/PoAstV-2-wt-Wild_Boar-Japan-Toya-7-2023/JPN/2023-07-09/Sus-scrofa/Mammalia
MW504552/15214_AST_len_6117_cov_31.526724/USA/2018-10-09/Sus-scrofa/Mammalia	MW504551/15211_AST_len_5924_cov_1028.513035/USA/2018-07-18/Sus-scrofa/Mammalia
MW504552/15214_AST_len_6117_cov_31.526724/USA/2018-10-09/Sus-scrofa/Mammalia	MW504550/15211_AST_len_6383_cov_846.694532/USA/2018-07-18/Sus-scrofa/Mammalia
MW826530/YSS03/CHN/2019-07/Rattus-norvegicus/Mammalia	MW826530/YSS03/CHN/2019-07/Rattus-norvegicus/Mammalia
MW684820/Chicken-NLD-2019-V_M_033_astro_3/LAO/2019/Gallus-gallus/Aves	MW684820/Chicken-NLD-2019-V_M_033_astro_3/LAO/2019/Gallus-gallus/Aves
MW684820/Chicken-NLD-2019-V_M_033_astro_3/LAO/2019/Gallus-gallus/Aves	OM469229/ANV-PB23-SI7-Switzerland-2019/LAO/2019/Gallus-gallus/Aves
MW684820/Chicken-NLD-2019-V_M_033_astro_3/LAO/2019/Gallus-gallus/Aves	MW784099/361bR-171897/CHN/NA/NA/NA
MW684820/Chicken-NLD-2019-V_M_033_astro_3/LAO/2019/Gallus-gallus/Aves	MW684832/Chicken-NLD-2019-V_M_048_astro_2/LAO/2019/Gallus-gallus/Aves
MW684820/Chicken-NLD-2019-V_M_033_astro_3/LAO/2019/Gallus-gallus/Aves	PP871786/astro_vt_68/VNM/2014-07-08_2016-10-11/Gallus-gallus/Aves
MW684820/Chicken-NLD-2019-V_M_033_astro_3/LAO/2019/Gallus-gallus/Aves	MW784097/297b-22705/CHN/NA/NA/NA
MW684820/Chicken-NLD-2019-V_M_033_astro_3/LAO/2019/Gallus-gallus/Aves	MW784086/232-76811/CHN/NA/NA/NA
MW684820/Chicken-NLD-2019-V_M_033_astro_3/LAO/2019/Gallus-gallus/Aves	MW684829/Chicken-NLD-2019-V_M_041_astro_13/LAO/2019/Gallus-gallus/Aves
MW684820/Chicken-NLD-2019-V_M_033_astro_3/LAO/2019/Gallus-gallus/Aves	MW684827/Chicken-NLD-2019-V_M_039_astro_3/LAO/2019/Gallus-gallus/Aves
MW684820/Chicken-NLD-2019-V_M_033_astro_3/LAO/2019/Gallus-gallus/Aves	MW684826/Chicken-NLD-2019-V_M_039_astro_2/LAO/2019/Gallus-gallus/Aves
MW684820/Chicken-NLD-2019-V_M_033_astro_3/LAO/2019/Gallus-gallus/Aves	PP228886/CH-B7-7W2-SA-22/ZAF/2021-08-11/Gallus-gallus/Aves
MW684820/Chicken-NLD-2019-V_M_033_astro_3/LAO/2019/Gallus-gallus/Aves	MW684825/Chicken-NLD-2019-V_M_038_astro_6/LAO/2019/Gallus-gallus/Aves
MW684820/Chicken-NLD-2019-V_M_033_astro_3/LAO/2019/Gallus-gallus/Aves	PP228885/CH-B8-7W3-SA-22/ZAF/2021-08-11/Gallus-gallus/Aves
MW684820/Chicken-NLD-2019-V_M_033_astro_3/LAO/2019/Gallus-gallus/Aves	OQ685945/ANV-ck-TZ-Iringa-2151-IM162-2019/TZA/2019-04-11/Gallus-gallus/Aves
MW684820/Chicken-NLD-2019-V_M_033_astro_3/LAO/2019/Gallus-gallus/Aves	MW684824/Chicken-NLD-2019-V_M_038_astro_5/LAO/2019/Gallus-gallus/Aves
MW684820/Chicken-NLD-2019-V_M_033_astro_3/LAO/2019/Gallus-gallus/Aves	KM254166/AstroQ45-2013/KOR/2013-08/Gallus-gallus/Aves
MW684820/Chicken-NLD-2019-V_M_033_astro_3/LAO/2019/Gallus-gallus/Aves	MW684822/Chicken-NLD-2019-V_M_036_astro_4/LAO/2019/Gallus-gallus/Aves
MW684820/Chicken-NLD-2019-V_M_033_astro_3/LAO/2019/Gallus-gallus/Aves	MW684821/Chicken-NLD-2019-V_M_034_astro_2/LAO/2019/Gallus-gallus/Aves
MW684820/Chicken-NLD-2019-V_M_033_astro_3/LAO/2019/Gallus-gallus/Aves	MW684819/Chicken-NLD-2019-V_M_030_astro_12/LAO/2019/Gallus-gallus/Aves
MW684820/Chicken-NLD-2019-V_M_033_astro_3/LAO/2019/Gallus-gallus/Aves	MW684818/Chicken-NLD-2019-V_M_015_astro_2/LAO/2019/Gallus-gallus/Aves
MW684820/Chicken-NLD-2019-V_M_033_astro_3/LAO/2019/Gallus-gallus/Aves	MH028405/NA/BRA/2009/Gallus-gallus/Aves
MW684820/Chicken-NLD-2019-V_M_033_astro_3/LAO/2019/Gallus-gallus/Aves	MN732559/NA/CHN/2017/Gallus-gallus/Aves
MW684820/Chicken-NLD-2019-V_M_033_astro_3/LAO/2019/Gallus-gallus/Aves	PV093023/NA/CHN/2023-01-01/Neogale-vison/Mammalia
MW684820/Chicken-NLD-2019-V_M_033_astro_3/LAO/2019/Gallus-gallus/Aves	MN732558/NA/CHN/2018/Gallus-gallus/Aves
MW684820/Chicken-NLD-2019-V_M_033_astro_3/LAO/2019/Gallus-gallus/Aves	PV093022/NA/CHN/2023-01-01/Neogale-vison/Mammalia
MW684820/Chicken-NLD-2019-V_M_033_astro_3/LAO/2019/Gallus-gallus/Aves	MG846415/NA/BRA/2015/Gallus-gallus/Aves
MW684820/Chicken-NLD-2019-V_M_033_astro_3/LAO/2019/Gallus-gallus/Aves	ON964512/NA/CHN/2020-12/Gallus-gallus/Aves
MW684820/Chicken-NLD-2019-V_M_033_astro_3/LAO/2019/Gallus-gallus/Aves	OM469237/ANV-PB55-SI14-Switzerland-2019/LAO/2019/Gallus-gallus/Aves
MW684820/Chicken-NLD-2019-V_M_033_astro_3/LAO/2019/Gallus-gallus/Aves	NC_003790/NA/NA/NA/NA/NA
MW684820/Chicken-NLD-2019-V_M_033_astro_3/LAO/2019/Gallus-gallus/Aves	HM029238/NA/CHN/2009/Gallus-gallus/Aves
MW684820/Chicken-NLD-2019-V_M_033_astro_3/LAO/2019/Gallus-gallus/Aves	OM469236/ANV-PB5-HI5-Switzerland-2019/LAO/2019/Gallus-gallus/Aves
MW684820/Chicken-NLD-2019-V_M_033_astro_3/LAO/2019/Gallus-gallus/Aves	OM469235/ANV-PB15-HI11-Switzerland-2019/LAO/2019/Gallus-gallus/Aves
MW684820/Chicken-NLD-2019-V_M_033_astro_3/LAO/2019/Gallus-gallus/Aves	PP871798/astro_vt_80/VNM/2015-04-09_2015-04-14/Sus-scrofa/Mammalia
MW684820/Chicken-NLD-2019-V_M_033_astro_3/LAO/2019/Gallus-gallus/Aves	OM469234/ANV-PB1-HI5-Switzerland-2019/LAO/2019/Gallus-gallus/Aves
MW684820/Chicken-NLD-2019-V_M_033_astro_3/LAO/2019/Gallus-gallus/Aves	MZ150559/ANV-Chicken-CHN-2020-AH202017/CHN/2020/Gallus-gallus/Aves
MW684820/Chicken-NLD-2019-V_M_033_astro_3/LAO/2019/Gallus-gallus/Aves	AB033998/NA/NA/NA/NA/NA
MW684820/Chicken-NLD-2019-V_M_033_astro_3/LAO/2019/Gallus-gallus/Aves	OM469233/ANV-PB11-HI6-Switzerland-2019/LAO/2019/Gallus-gallus/Aves
MW684820/Chicken-NLD-2019-V_M_033_astro_3/LAO/2019/Gallus-gallus/Aves	OM469232/ANV-PB7-HI6-Switzerland-2019/LAO/2019/Gallus-gallus/Aves
MW684820/Chicken-NLD-2019-V_M_033_astro_3/LAO/2019/Gallus-gallus/Aves	OM469231/ANV-PB21-SI5-Switzerland-2019/LAO/2019/Gallus-gallus/Aves
MW684820/Chicken-NLD-2019-V_M_033_astro_3/LAO/2019/Gallus-gallus/Aves	OM469230/ANV-PB31-SI19-Switzerland-2019/LAO/2019/Gallus-gallus/Aves
MW684820/Chicken-NLD-2019-V_M_033_astro_3/LAO/2019/Gallus-gallus/Aves	MW684833/Chicken-NLD-2019-V_M_053_astro_2/LAO/2019/Gallus-gallus/Aves
MN837532/TW2/TWN/NA/Mus-musculus/Mammalia	MN837532/TW2/TWN/NA/Mus-musculus/Mammalia
MN837532/TW2/TWN/NA/Mus-musculus/Mammalia	MK395166/SJ002/USA/2016-05/Mus-musculus/Mammalia
MN837532/TW2/TWN/NA/Mus-musculus/Mammalia	ON482290/fe01/CHN/2020/Mus-musculus/Mammalia
MN837532/TW2/TWN/NA/Mus-musculus/Mammalia	MF175075/MAV1-NYC-2014-M029-0266/USA/2014-09-03/Mus-musculus/Mammalia
MN837532/TW2/TWN/NA/Mus-musculus/Mammalia	MK395165/SJ001/USA/2016-05/Mus-musculus/Mammalia
MN837532/TW2/TWN/NA/Mus-musculus/Mammalia	MN837533/TW3/TWN/NA/Mus-musculus/Mammalia
MN837532/TW2/TWN/NA/Mus-musculus/Mammalia	MN837531/TW1/TWN/NA/Mus-musculus/Mammalia
MN837532/TW2/TWN/NA/Mus-musculus/Mammalia	OQ802715/JM_Mus.musculus_astro_1/CHN/2016_2017/Mus-musculus/Mammalia
MN837532/TW2/TWN/NA/Mus-musculus/Mammalia	NC_018702/NA/USA/2011-01/NA/NA
MN837532/TW2/TWN/NA/Mus-musculus/Mammalia	KC609001/NA/USA/2012-06-01/Mus-musculus/Mammalia
MN837532/TW2/TWN/NA/Mus-musculus/Mammalia	OK491635/NA/NA/2019/NA/Mammalia
MN837532/TW2/TWN/NA/Mus-musculus/Mammalia	ON571550/TZ/CHN/2015-01/Mus-musculus/Mammalia
MN837532/TW2/TWN/NA/Mus-musculus/Mammalia	MN780842/JS1/USA/2016-07-01/Mus-musculus/Mammalia
MN837532/TW2/TWN/NA/Mus-musculus/Mammalia	JX544744/NA/USA/2011-01/NA/NA
MN837532/TW2/TWN/NA/Mus-musculus/Mammalia	JX544743/NA/USA/2011-01/NA/NA
MT138016/rtr168ast1/NA/2018/NA/NA	MT138016/rtr168ast1/NA/2018/NA/NA
MG599886/NA/CHN/NA/Lethenteron-camtschaticum/Hyperoartia	MG599886/NA/CHN/NA/Lethenteron-camtschaticum/Hyperoartia
MG599902/NA/CHN/NA/Pterygotrigla-hemisticta/Actinopteri	MG599902/NA/CHN/NA/Pterygotrigla-hemisticta/Actinopteri
JF832365/4175/USA/2006-11/Gallus-gallus/Aves	JF832365/4175/USA/2006-11/Gallus-gallus/Aves
JF832365/4175/USA/2006-11/Gallus-gallus/Aves	OR351273/JS202103/CHN/2021/Gallus-gallus/Aves
JF832365/4175/USA/2006-11/Gallus-gallus/Aves	MT789783/CAstV-CA-AB-Chicken-17-0773b-17/NA/2017-07-25/Gallus-gallus/Aves
JF832365/4175/USA/2006-11/Gallus-gallus/Aves	MW684831/Chicken-NLD-2019-V_M_047_astro_4/LAO/2019/Gallus-gallus/Aves
JF832365/4175/USA/2006-11/Gallus-gallus/Aves	MT789782/CAstV-CA-AB-Chicken-17-0773a-17/NA/2017-07-25/Gallus-gallus/Aves
JF832365/4175/USA/2006-11/Gallus-gallus/Aves	MW684830/Chicken-NLD-2019-V_M_046_astro_12/LAO/2019/Gallus-gallus/Aves
JF832365/4175/USA/2006-11/Gallus-gallus/Aves	MT789781/CAstV-CA-AB-Chicken-15-1262d-15/NA/2015-11-19/Gallus-gallus/Aves
JF832365/4175/USA/2006-11/Gallus-gallus/Aves	MT789780/CAstV-CA-AB-Chicken-15-1262c-15/NA/2015-11-19/Gallus-gallus/Aves
JF832365/4175/USA/2006-11/Gallus-gallus/Aves	MT789779/CAstV-CA-AB-Chicken-15-1262b-15/NA/2015-11-19/Gallus-gallus/Aves
JF832365/4175/USA/2006-11/Gallus-gallus/Aves	MT789778/CAstV-CA-AB-Chicken-15-1262a-15/NA/2015-11-19/Gallus-gallus/Aves
JF832365/4175/USA/2006-11/Gallus-gallus/Aves	OQ685946/CAstV-ck-TZ-Iringa-2151-IM162-2019/TZA/2019-04-11/Gallus-gallus/Aves
JF832365/4175/USA/2006-11/Gallus-gallus/Aves	MT789777/CAstV-CA-AB-Chicken-14-1235d-14/NA/2014-12-09/Gallus-gallus/Aves
JF832365/4175/USA/2006-11/Gallus-gallus/Aves	MT789776/CAstV-CA-AB-Chicken-14-1235c-14/NA/2014-12-08/Gallus-gallus/Aves
JF832365/4175/USA/2006-11/Gallus-gallus/Aves	KX397576/CkP5/USA/NA/Gallus-gallus/Aves
JF832365/4175/USA/2006-11/Gallus-gallus/Aves	MW684823/Chicken-NLD-2019-V_M_038_astro_4/LAO/2019/Gallus-gallus/Aves
JF832365/4175/USA/2006-11/Gallus-gallus/Aves	MT789775/CAstV-CA-AB-Chicken-14-1235b-14/NA/2014-12-08/Gallus-gallus/Aves
JF832365/4175/USA/2006-11/Gallus-gallus/Aves	KX397575/CC_CkAstV/USA/NA/Gallus-gallus/Aves
JF832365/4175/USA/2006-11/Gallus-gallus/Aves	MT789774/CAstV-CA-AB-Chicken-14-1235a-14/NA/2014-12-08/Gallus-gallus/Aves
JF832365/4175/USA/2006-11/Gallus-gallus/Aves	MT491732/IBS543-2017/LAO/2017/Gallus-gallus/Aves
JF832365/4175/USA/2006-11/Gallus-gallus/Aves	MW684817/Environment-NLD-2019-VE_7_astro_14/LAO/2019/Gallus-gallus/Aves
JF832365/4175/USA/2006-11/Gallus-gallus/Aves	MT491731/UPM1019-2018/LAO/2018-01/Gallus-gallus/Aves
JF832365/4175/USA/2006-11/Gallus-gallus/Aves	MT491730/IBS503-2017/LAO/2017/Gallus-gallus/Aves
JF832365/4175/USA/2006-11/Gallus-gallus/Aves	JF414802/GA2011/USA/2007-08/Gallus-gallus/Aves
JF832365/4175/USA/2006-11/Gallus-gallus/Aves	OM469245/CAstV-PB23-SI7-Switzerland-2019/LAO/2019/Gallus-gallus/Aves
JF832365/4175/USA/2006-11/Gallus-gallus/Aves	OM469244/CAstV-PB55-SI14-Switzerland-2019/LAO/2019/Gallus-gallus/Aves
JF832365/4175/USA/2006-11/Gallus-gallus/Aves	KT886453/CAstV-Poland-G059-2014/LAO/2014-02/Gallus-gallus/Aves
JF832365/4175/USA/2006-11/Gallus-gallus/Aves	OM469243/CAstV-PB33-SI20-Switzerland-2019/LAO/2019/Gallus-gallus/Aves
JF832365/4175/USA/2006-11/Gallus-gallus/Aves	OM469242/CAstV-PB15-HI11-Switzerland-2019/LAO/2019/Gallus-gallus/Aves
JF832365/4175/USA/2006-11/Gallus-gallus/Aves	OL874469/CAstV-WSC-Gallus-gallus-20191117-WSC/CHN/2019-11/Gallus-gallus/Aves
JF832365/4175/USA/2006-11/Gallus-gallus/Aves	OM469240/CAstV-PB41-SI14-Switzerland-2019/LAO/2019/Gallus-gallus/Aves
JF832365/4175/USA/2006-11/Gallus-gallus/Aves	KY038163/CAstV-INDIA-ANAND-2016/IND/2016-02-24/Gallus-gallus/Aves
JF832365/4175/USA/2006-11/Gallus-gallus/Aves	PP871812/astro_vt_94/VNM/2014-12-21_2016-04-02/Canis-lupus/Mammalia
JF832365/4175/USA/2006-11/Gallus-gallus/Aves	OM469239/CAstV-PB7-HI6-Switzerland-2019/LAO/2019/Gallus-gallus/Aves
JF832365/4175/USA/2006-11/Gallus-gallus/Aves	OM469238/CAstV-PB1-HI5-Switzerland-2019/LAO/2019/Gallus-gallus/Aves
JF832365/4175/USA/2006-11/Gallus-gallus/Aves	PP871804/astro_vt_86/VNM/2014-05-29_2015-03-16/Canis-lupus/Mammalia
JF832365/4175/USA/2006-11/Gallus-gallus/Aves	OR571426/SDAU2022-3/CHN/2023/Gallus-gallus/Aves
JF832365/4175/USA/2006-11/Gallus-gallus/Aves	OR286522/SDAU2022-1/CHN/2022/Gallus-gallus/Aves
JF832365/4175/USA/2006-11/Gallus-gallus/Aves	MW846319/CAstV-Chicken-CHN-2020-GD202013/CHN/2020/Gallus-gallus/Aves
JF832365/4175/USA/2006-11/Gallus-gallus/Aves	OR286521/SDAU2022-2/CHN/2022/Gallus-gallus/Aves
JF832365/4175/USA/2006-11/Gallus-gallus/Aves	MT789787/CAstV-CA-SK-Chicken-19-0981-19/NA/2019-04-24/Gallus-gallus/Aves
JF832365/4175/USA/2006-11/Gallus-gallus/Aves	MT789786/CAstV-CA-SK-Chicken-19-0935-19/NA/2019-04-16/Gallus-gallus/Aves
JF832365/4175/USA/2006-11/Gallus-gallus/Aves	MT789785/CAstV-CA-SK-Chicken-18-0942-18/NA/2018-06-19/Gallus-gallus/Aves
JF832365/4175/USA/2006-11/Gallus-gallus/Aves	MT789784/CAstV-CA-AB-Chicken-17-0823-17/NA/2017-08-09/Gallus-gallus/Aves
OR951049/GD2017_211_130439/CHN/2017/Myotis-pilosus/Mammalia	OR951049/GD2017_211_130439/CHN/2017/Myotis-pilosus/Mammalia
OR951049/GD2017_211_130439/CHN/2017/Myotis-pilosus/Mammalia	OQ802706/JM_My.chinensis_astro_3/CHN/2016_2017/Myotis-chinensis/Mammalia
OR951049/GD2017_211_130439/CHN/2017/Myotis-pilosus/Mammalia	OQ802704/JM_My.chinensis_astro_1/CHN/2016_2017/Myotis-chinensis/Mammalia
PV093029/NA/CHN/2023-01-01/Neogale-vison/Mammalia	PV093029/NA/CHN/2023-01-01/Neogale-vison/Mammalia
PV093029/NA/CHN/2023-01-01/Neogale-vison/Mammalia	PZ133622/Z1105-GD-2024/CHN/2024/Ptyas-mucosa/Lepidosauria
PV093029/NA/CHN/2023-01-01/Neogale-vison/Mammalia	LC918465/CAstV-Chicken-JP-WG-5-89/JPN/1989/Gallus-gallus/Aves
PV093029/NA/CHN/2023-01-01/Neogale-vison/Mammalia	PV093028/NA/CHN/2023-01-01/Neogale-vison/Mammalia
PV093029/NA/CHN/2023-01-01/Neogale-vison/Mammalia	PV093027/NA/CHN/2023-01-01/Neogale-vison/Mammalia
PV093029/NA/CHN/2023-01-01/Neogale-vison/Mammalia	PV093026/NA/CHN/2023-01-01/Neogale-vison/Mammalia
PV093029/NA/CHN/2023-01-01/Neogale-vison/Mammalia	PV093025/NA/CHN/2023-01-01/Neogale-vison/Mammalia
PV093029/NA/CHN/2023-01-01/Neogale-vison/Mammalia	MN725026/NA/CHN/2018/Gallus-gallus/Aves
PV093029/NA/CHN/2023-01-01/Neogale-vison/Mammalia	MN725025/NA/CHN/2018/Gallus-gallus/Aves
PV093029/NA/CHN/2023-01-01/Neogale-vison/Mammalia	MK746105/AAstV-Chicken-CHN-2017-NJ1701/CHN/2017/Gallus-gallus/Aves
PV093029/NA/CHN/2023-01-01/Neogale-vison/Mammalia	OR545548/AAstV-Chicken-CHN-2022-SQ2201/CHN/2022/Gallus-gallus/Aves
PV093029/NA/CHN/2023-01-01/Neogale-vison/Mammalia	OP169001/AAstV-Chicken-CHN-2021-HA2101/CHN/2021/Gallus-gallus/Aves
PV093029/NA/CHN/2023-01-01/Neogale-vison/Mammalia	MN807051/AAstV-Chicken-CHN-2018-CZ1801/CHN/2018/Gallus-gallus/Aves
PP711872/2A-Uganda-UV32-2018/UGA/2018/Rousettus-aegyptiacus/Mammalia	PP711872/2A-Uganda-UV32-2018/UGA/2018/Rousettus-aegyptiacus/Mammalia
OP589979/EBW-Sk-3/AUS/2013_2021/Miniopterus-orianae/Mammalia	OP589979/EBW-Sk-3/AUS/2013_2021/Miniopterus-orianae/Mammalia
KT946718/D11-139-HK/HKG/NA/Corvus-splendens/Aves	KT946718/D11-139-HK/HKG/NA/Corvus-splendens/Aves
KT946718/D11-139-HK/HKG/NA/Corvus-splendens/Aves	KT946720/D11-515-HK/HKG/NA/Corvus-splendens/Aves
KT946718/D11-139-HK/HKG/NA/Corvus-splendens/Aves	KT946719/D11-467-HK/HKG/NA/Corvus-splendens/Aves
MW826371/XZN01/CHN/2018-04/NA/Aves	MW826371/XZN01/CHN/2018-04/NA/Aves
MT734809/BAstV-RB/USA/2020-02/NA/Mammalia	MT734809/BAstV-RB/USA/2020-02/NA/Mammalia
MK521912/Stony-Head-Tasmania-Sarcophilus_harrisii-2016-DN108473/AUS/2016/Sarcophilus-harrisii/Mammalia	MK521912/Stony-Head-Tasmania-Sarcophilus_harrisii-2016-DN108473/AUS/2016/Sarcophilus-harrisii/Mammalia
MK521912/Stony-Head-Tasmania-Sarcophilus_harrisii-2016-DN108473/AUS/2016/Sarcophilus-harrisii/Mammalia	MK521913/Buckbys-Road-Tasmania-Sarcophilus_harrisii-2016-DN93019/AUS/2017/Sarcophilus-harrisii/Mammalia
MG599931/NA/CHN/NA/Polypedates-megacephalus/Amphibia	MG599931/NA/CHN/NA/Polypedates-megacephalus/Amphibia
MG599901/NA/CHN/NA/NA/Actinopteri	MG599901/NA/CHN/NA/NA/Actinopteri
NC_019028/MLB3-human-Vellore-26564-2004/IND/2004/Homo-sapiens/Mammalia	NC_019028/MLB3-human-Vellore-26564-2004/IND/2004/Homo-sapiens/Mammalia
NC_019028/MLB3-human-Vellore-26564-2004/IND/2004/Homo-sapiens/Mammalia	OR448835/A60_AFP17_NGR_2020/NER/2020/Homo-sapiens/Mammalia
NC_019028/MLB3-human-Vellore-26564-2004/IND/2004/Homo-sapiens/Mammalia	OR448834/A24_AFP7_NGR_2020/NER/2020/Homo-sapiens/Mammalia
NC_019028/MLB3-human-Vellore-26564-2004/IND/2004/Homo-sapiens/Mammalia	OR448833/A25_AFP6_NGR_2020/NER/2020/Homo-sapiens/Mammalia
NC_019028/MLB3-human-Vellore-26564-2004/IND/2004/Homo-sapiens/Mammalia	LC732125/Child-with-acute-gastroenteritis/JPN/2019-12-14/Homo-sapiens/Mammalia
NC_019028/MLB3-human-Vellore-26564-2004/IND/2004/Homo-sapiens/Mammalia	JX857870/MLB3-human-Vellore-26564-2004/IND/2004/Homo-sapiens/Mammalia
NC_019028/MLB3-human-Vellore-26564-2004/IND/2004/Homo-sapiens/Mammalia	PV088328/NA/BRA/2014-02/Homo-sapiens/Mammalia
OR951045/GD2017_207_27658/CHN/2017/Myotis-pilosus/Mammalia	OR951045/GD2017_207_27658/CHN/2017/Myotis-pilosus/Mammalia
PP871761/astro_vt_43/VNM/2016-04-02/Gallus-gallus/Aves	PP871761/astro_vt_43/VNM/2016-04-02/Gallus-gallus/Aves
PP871761/astro_vt_43/VNM/2016-04-02/Gallus-gallus/Aves	NC_023675/NA/USA/2010/Sus-scrofa/Mammalia
PP871761/astro_vt_43/VNM/2016-04-02/Gallus-gallus/Aves	OL695848/AH4-1/CHN/2021/Sus-scrofa/Mammalia
PP871761/astro_vt_43/VNM/2016-04-02/Gallus-gallus/Aves	LC201601/NA/JPN/2014/Sus-scrofa/Mammalia
PP871761/astro_vt_43/VNM/2016-04-02/Gallus-gallus/Aves	LC201600/NA/JPN/2014/Sus-scrofa/Mammalia
PP871761/astro_vt_43/VNM/2016-04-02/Gallus-gallus/Aves	PP871785/astro_vt_67/VNM/2015-04-09_2015-04-14/Sus-scrofa/Mammalia
PP871761/astro_vt_43/VNM/2016-04-02/Gallus-gallus/Aves	LC900463/PoAstV-4-wt-Pig-Japan-G-HYoko-3-2022/JPN/2022-07-11/Sus-scrofa/Mammalia
PP871761/astro_vt_43/VNM/2016-04-02/Gallus-gallus/Aves	LC900346/PoAstV-4-wt-Wild_Boar-Japan-Toya-13-2019/JPN/2019-07-29/Sus-scrofa/Mammalia
PP871761/astro_vt_43/VNM/2016-04-02/Gallus-gallus/Aves	LC900416/PoAstV-4-wt-Pig-Japan-Ebi-5-2019/JPN/2019-10-15/Sus-scrofa/Mammalia
PP871761/astro_vt_43/VNM/2016-04-02/Gallus-gallus/Aves	LC900344/PoAstV-2-wt-Wild_Boar-Japan-Toya-12-2019/JPN/2019-07-08/Sus-scrofa/Mammalia
PP871761/astro_vt_43/VNM/2016-04-02/Gallus-gallus/Aves	PP871775/astro_vt_57/VNM/2014-07-03/Sus-scrofa/Mammalia
PP871761/astro_vt_43/VNM/2016-04-02/Gallus-gallus/Aves	LC900458/PoAstV-4-wt-Pig-Japan-G-MieYa-1-2022/JPN/2022-07-04/Sus-scrofa/Mammalia
PP871761/astro_vt_43/VNM/2016-04-02/Gallus-gallus/Aves	PP871769/astro_vt_51/VNM/2015-06-16_2016-07-07/Sus-scrofa/Mammalia
PP871761/astro_vt_43/VNM/2016-04-02/Gallus-gallus/Aves	KY933398/K456/KEN/2012-08/Sus-scrofa/Mammalia
PP871761/astro_vt_43/VNM/2016-04-02/Gallus-gallus/Aves	LC900401/PoAstV-4-wt-Pig-Japan-Uchi-4-2019/JPN/2019-10-08/Sus-scrofa/Mammalia
PP871761/astro_vt_43/VNM/2016-04-02/Gallus-gallus/Aves	PP871766/astro_vt_48/VNM/2015-06-16_2016-07-07/Sus-scrofa/Mammalia
PP871761/astro_vt_43/VNM/2016-04-02/Gallus-gallus/Aves	MW784101/R67-109978/CHN/NA/NA/NA
PP871761/astro_vt_43/VNM/2016-04-02/Gallus-gallus/Aves	LC900400/PoAstV-4-wt-Pig-Japan-Uchi-2-2019/JPN/2019-10-08/Sus-scrofa/Mammalia
PP871761/astro_vt_43/VNM/2016-04-02/Gallus-gallus/Aves	LC900453/PoAstV-4-wt-Pig-Japan-G-Fuku-2-2022/JPN/2022-06-03/Sus-scrofa/Mammalia
PP871761/astro_vt_43/VNM/2016-04-02/Gallus-gallus/Aves	LC900398/PoAstV-4-wt-Pig-Japan-Uchi-1-2019/JPN/2019-10-08/Sus-scrofa/Mammalia
PP871761/astro_vt_43/VNM/2016-04-02/Gallus-gallus/Aves	MW784096/275R-116493/CHN/NA/NA/NA
PP871761/astro_vt_43/VNM/2016-04-02/Gallus-gallus/Aves	MW504577/15217_AST_len_6652_cov_21.318023/USA/2018-11-18/Sus-scrofa/Mammalia
PP871761/astro_vt_43/VNM/2016-04-02/Gallus-gallus/Aves	KU764486/15-12/LAO/2015-03-13/Sus-scrofa/Mammalia
PP871761/astro_vt_43/VNM/2016-04-02/Gallus-gallus/Aves	LC900397/PoAstV-4-wt-Pig-Japan-MoI-25-2018/JPN/2018-06-27/Sus-scrofa/Mammalia
PP871761/astro_vt_43/VNM/2016-04-02/Gallus-gallus/Aves	MW784095/138bR-178666/CHN/NA/NA/NA
PP871761/astro_vt_43/VNM/2016-04-02/Gallus-gallus/Aves	MW504576/15210_AST_len_6624_cov_2753.325011/USA/2018-06-07/Sus-scrofa/Mammalia
PP871761/astro_vt_43/VNM/2016-04-02/Gallus-gallus/Aves	MT642666/NA/BEL/2019/Sus-scrofa/Mammalia
PP871761/astro_vt_43/VNM/2016-04-02/Gallus-gallus/Aves	MK613068/PAstV-CH-HB-SJZ-2018/CHN/2018/Sus-scrofa/Mammalia
PP871761/astro_vt_43/VNM/2016-04-02/Gallus-gallus/Aves	KU764485/15-14/LAO/2015-10-21/Sus-scrofa/Mammalia
PP871761/astro_vt_43/VNM/2016-04-02/Gallus-gallus/Aves	LC900395/PoAstV-4-wt-Pig-Japan-MoI-23-2018/JPN/2018-06-27/Sus-scrofa/Mammalia
PP871761/astro_vt_43/VNM/2016-04-02/Gallus-gallus/Aves	PP871758/astro_vt_40/VNM/2014-12-21_2016-09-21/Sus-scrofa/Mammalia
PP871761/astro_vt_43/VNM/2016-04-02/Gallus-gallus/Aves	MW784093/288-122863/CHN/NA/NA/NA
PP871761/astro_vt_43/VNM/2016-04-02/Gallus-gallus/Aves	MW504573/15213_AST_len_6253_cov_80.443692/USA/2018-10-02/Sus-scrofa/Mammalia
PP871761/astro_vt_43/VNM/2016-04-02/Gallus-gallus/Aves	KU764484/15-13/LAO/2015-10-21/Sus-scrofa/Mammalia
PP871761/astro_vt_43/VNM/2016-04-02/Gallus-gallus/Aves	MW504572/15213_AST_len_6681_cov_706.788258/USA/2018-10-02/Sus-scrofa/Mammalia
PP871761/astro_vt_43/VNM/2016-04-02/Gallus-gallus/Aves	MK460231/PoAstV4-CHN-WG-R2-2017/CHN/2017-11/Sus-scrofa/Mammalia
PP871761/astro_vt_43/VNM/2016-04-02/Gallus-gallus/Aves	LC900393/PoAstV-4-wt-Pig-Japan-MoI-22-2018/JPN/2018-06-27/Sus-scrofa/Mammalia
PP871761/astro_vt_43/VNM/2016-04-02/Gallus-gallus/Aves	MW504571/15211_AST_len_6232_cov_1330.863040/USA/2018-07-18/Sus-scrofa/Mammalia
PP871761/astro_vt_43/VNM/2016-04-02/Gallus-gallus/Aves	JF713713/NA/USA/2010/Sus-scrofa/Mammalia
PP871761/astro_vt_43/VNM/2016-04-02/Gallus-gallus/Aves	LC900442/PoAstV-4-wt-Pig-Japan-G-Tsuru-9-2022/JPN/2022-05-19/Sus-scrofa/Mammalia
PP871761/astro_vt_43/VNM/2016-04-02/Gallus-gallus/Aves	PP871749/astro_vt_31/VNM/2014-05-29_2016-07-14/Sus-scrofa/Mammalia
PP871761/astro_vt_43/VNM/2016-04-02/Gallus-gallus/Aves	MW784090/286-165764/CHN/NA/NA/NA
PP871761/astro_vt_43/VNM/2016-04-02/Gallus-gallus/Aves	LC900386/PoAstV-4-wt-Pig-Japan-HgOg-11-2018/JPN/2018-06-27/Sus-scrofa/Mammalia
PP871761/astro_vt_43/VNM/2016-04-02/Gallus-gallus/Aves	MW962975/PAstV4--YN01-2020-/CHN/2020/Sus-scrofa/Mammalia
PP871761/astro_vt_43/VNM/2016-04-02/Gallus-gallus/Aves	LC201614/NA/JPN/2015/Sus-scrofa/Mammalia
PP871761/astro_vt_43/VNM/2016-04-02/Gallus-gallus/Aves	LC201613/NA/JPN/2015/Sus-scrofa/Mammalia
PP871761/astro_vt_43/VNM/2016-04-02/Gallus-gallus/Aves	JX556692/AstV4-US-IL135/USA/2011-06-27/Sus-scrofa/Mammalia
PP871761/astro_vt_43/VNM/2016-04-02/Gallus-gallus/Aves	LC900438/PoAstV-4-wt-Pig-Japan-G-Tsuru-1-2022/JPN/2022-05-19/Sus-scrofa/Mammalia
PP871761/astro_vt_43/VNM/2016-04-02/Gallus-gallus/Aves	LC900383/PoAstV-4-wt-Pig-Japan-HgYa-1-2018/JPN/2018-06-27/Sus-scrofa/Mammalia
PP871761/astro_vt_43/VNM/2016-04-02/Gallus-gallus/Aves	PP871742/astro_vt_24/VNM/2014-08-31_2016-09-22/Sus-scrofa/Mammalia
PP871761/astro_vt_43/VNM/2016-04-02/Gallus-gallus/Aves	LC201612/NA/JPN/2015/Sus-scrofa/Mammalia
PP871761/astro_vt_43/VNM/2016-04-02/Gallus-gallus/Aves	MK378536/PoAstV_VIRES_HuN01_C1/CHN/2017-04/Sus-scrofa/Mammalia
PP871761/astro_vt_43/VNM/2016-04-02/Gallus-gallus/Aves	LC201611/NA/JPN/2015/Sus-scrofa/Mammalia
PP871761/astro_vt_43/VNM/2016-04-02/Gallus-gallus/Aves	KX033447/NA/CHN/2015-06/Sus-scrofa/Mammalia
PP871761/astro_vt_43/VNM/2016-04-02/Gallus-gallus/Aves	LC201610/NA/JPN/2015/Sus-scrofa/Mammalia
PP871761/astro_vt_43/VNM/2016-04-02/Gallus-gallus/Aves	PP871731/astro_vt_13/VNM/2014-06-19_2016-11-18/Canis-lupus/Mammalia
PP871761/astro_vt_43/VNM/2016-04-02/Gallus-gallus/Aves	MT549855/CHN-01/CHN/2016/Rattus-norvegicus/Mammalia
PP871761/astro_vt_43/VNM/2016-04-02/Gallus-gallus/Aves	MH425243/TJ060606/CHN/2018/Sus-scrofa/Mammalia
PP871761/astro_vt_43/VNM/2016-04-02/Gallus-gallus/Aves	LC201609/NA/JPN/2015/Sus-scrofa/Mammalia
PP871761/astro_vt_43/VNM/2016-04-02/Gallus-gallus/Aves	LC900377/PoAstV-4-wt-Pig-Japan-Ishi-Kahoku-3-2-2017/JPN/2017-11-01/Sus-scrofa/Mammalia
PP871761/astro_vt_43/VNM/2016-04-02/Gallus-gallus/Aves	ON792972/SP-VT41/ESP/2018-05-16/Sus-scrofa/Mammalia
PP871761/astro_vt_43/VNM/2016-04-02/Gallus-gallus/Aves	LC201608/NA/JPN/2015/Sus-scrofa/Mammalia
PP871761/astro_vt_43/VNM/2016-04-02/Gallus-gallus/Aves	LC900376/PoAstV-4-wt-Pig-Japan-Ishi-Kahoku-3-1-2017/JPN/2017-11-01/Sus-scrofa/Mammalia
PP871761/astro_vt_43/VNM/2016-04-02/Gallus-gallus/Aves	PP871799/astro_vt_81/VNM/2015-04-01_2016-12-12/Sus-scrofa/Mammalia
PP871761/astro_vt_43/VNM/2016-04-02/Gallus-gallus/Aves	ON792971/SP-VC19/ESP/2017-03-07/Sus-scrofa/Mammalia
PP871761/astro_vt_43/VNM/2016-04-02/Gallus-gallus/Aves	MW784074/68-5299/CHN/NA/NA/NA
PP871761/astro_vt_43/VNM/2016-04-02/Gallus-gallus/Aves	LC201607/NA/JPN/2015/Sus-scrofa/Mammalia
PP871761/astro_vt_43/VNM/2016-04-02/Gallus-gallus/Aves	LC900476/PoAstV-4-wt-Pig-Japan-G-Nii-9-2022/JPN/2022-08-04/Sus-scrofa/Mammalia
PP871761/astro_vt_43/VNM/2016-04-02/Gallus-gallus/Aves	ON792970/SP-VC9/ESP/2017-01-25/Sus-scrofa/Mammalia
PP871761/astro_vt_43/VNM/2016-04-02/Gallus-gallus/Aves	MW784073/67-73244/CHN/NA/NA/NA
PP871761/astro_vt_43/VNM/2016-04-02/Gallus-gallus/Aves	LC201606/NA/JPN/2015/Sus-scrofa/Mammalia
PP871761/astro_vt_43/VNM/2016-04-02/Gallus-gallus/Aves	LC900475/PoAstV-4-wt-Pig-Japan-G-Nii-8-2022/JPN/2022-08-04/Sus-scrofa/Mammalia
PP871761/astro_vt_43/VNM/2016-04-02/Gallus-gallus/Aves	PV089623/PAstV4-CHN-SW24-2024/CHN/2023/Sus-scrofa/Mammalia
PP871761/astro_vt_43/VNM/2016-04-02/Gallus-gallus/Aves	ON792969/SP-VT9/ESP/2018-01-31/Sus-scrofa/Mammalia
PP871761/astro_vt_43/VNM/2016-04-02/Gallus-gallus/Aves	MW784070/7-333329/CHN/NA/NA/NA
PP871761/astro_vt_43/VNM/2016-04-02/Gallus-gallus/Aves	LC201605/NA/JPN/2015/Sus-scrofa/Mammalia
PP871761/astro_vt_43/VNM/2016-04-02/Gallus-gallus/Aves	KX060809/NA/CHN/2014-03/Sus-scrofa/Mammalia
PP871761/astro_vt_43/VNM/2016-04-02/Gallus-gallus/Aves	PP871790/astro_vt_72/VNM/2015-06-16_2016-07-07/Sus-scrofa/Mammalia
PP871761/astro_vt_43/VNM/2016-04-02/Gallus-gallus/Aves	PV089622/PAstV4-CHN-SW2-2023/CHN/2023/Sus-scrofa/Mammalia
PP871761/astro_vt_43/VNM/2016-04-02/Gallus-gallus/Aves	MK987099/BoAstV-VC34-338/LAO/2016/Bos-taurus/Mammalia
PP871761/astro_vt_43/VNM/2016-04-02/Gallus-gallus/Aves	ON792968/SP-VC41/ESP/2017-10-19/Sus-scrofa/Mammalia
PP871761/astro_vt_43/VNM/2016-04-02/Gallus-gallus/Aves	LC201604/NA/JPN/2014/Sus-scrofa/Mammalia
PP871761/astro_vt_43/VNM/2016-04-02/Gallus-gallus/Aves	KX060808/NA/CHN/2014-09/Sus-scrofa/Mammalia
PP871761/astro_vt_43/VNM/2016-04-02/Gallus-gallus/Aves	ON792967/SP-VC29/ESP/2017-06-06/Sus-scrofa/Mammalia
PP871761/astro_vt_43/VNM/2016-04-02/Gallus-gallus/Aves	LC201603/NA/JPN/2014/Sus-scrofa/Mammalia
PP871761/astro_vt_43/VNM/2016-04-02/Gallus-gallus/Aves	OL695850/AH4-3/CHN/2021/Sus-scrofa/Mammalia
PP871761/astro_vt_43/VNM/2016-04-02/Gallus-gallus/Aves	MW784071/8-286142/CHN/NA/NA/NA
PP871761/astro_vt_43/VNM/2016-04-02/Gallus-gallus/Aves	LC201602/NA/JPN/2014/Sus-scrofa/Mammalia
PP871761/astro_vt_43/VNM/2016-04-02/Gallus-gallus/Aves	JQ340310/NA/HUN/2011-04/Sus-scrofa/Mammalia
PP871761/astro_vt_43/VNM/2016-04-02/Gallus-gallus/Aves	NC_016896/NA/HUN/2011-04/Sus-scrofa/Mammalia
PP871761/astro_vt_43/VNM/2016-04-02/Gallus-gallus/Aves	MK378475/PoAstV_VIRES_GX03_C3/CHN/2017-04/Sus-scrofa/Mammalia
FJ973620/VA1/USA/2008-08/Homo-sapiens/Mammalia	FJ973620/VA1/USA/2008-08/Homo-sapiens/Mammalia
FJ973620/VA1/USA/2008-08/Homo-sapiens/Mammalia	KY933670/C-P5/USA/2017-04-01/Homo-sapiens/Mammalia
FJ973620/VA1/USA/2008-08/Homo-sapiens/Mammalia	MT432184/ITA-2018-205.18-5/ITA/2018/Homo-sapiens/Mammalia
FJ973620/VA1/USA/2008-08/Homo-sapiens/Mammalia	NC_013060/VA1/USA/2008-08/Homo-sapiens/Mammalia
FJ973620/VA1/USA/2008-08/Homo-sapiens/Mammalia	KJ920197/HMO-CLondon2/GBR/2014-02-06/NA/NA
FJ973620/VA1/USA/2008-08/Homo-sapiens/Mammalia	OP594725/NA/USA/2020/Homo-sapiens/Mammalia
FJ973620/VA1/USA/2008-08/Homo-sapiens/Mammalia	KJ920196/HMO-CLondon1/GBR/2013-07-02/NA/NA
FJ973620/VA1/USA/2008-08/Homo-sapiens/Mammalia	KM401565/NA/NA/NA/NA/NA
FJ973620/VA1/USA/2008-08/Homo-sapiens/Mammalia	GQ891990/SG/USA/2007/Homo-sapiens/Mammalia
FJ973620/VA1/USA/2008-08/Homo-sapiens/Mammalia	KM358468/NA/NA/NA/NA/NA
FJ973620/VA1/USA/2008-08/Homo-sapiens/Mammalia	GQ267696/SZ908/NA/2008/Homo-sapiens/Mammalia
PQ893528/NSW-2021/AUS/2021-01/Eolophus-roseicapilla/Aves	PQ893528/NSW-2021/AUS/2021-01/Eolophus-roseicapilla/Aves
OQ802720/WZ_Ra.losea_astro_1/CHN/2016_2017/Rattus-losea/Mammalia	OQ802720/WZ_Ra.losea_astro_1/CHN/2016_2017/Rattus-losea/Mammalia
OQ802720/WZ_Ra.losea_astro_1/CHN/2016_2017/Rattus-losea/Mammalia	OQ802722/WZ_Ra.tanezumi_astro_1/CHN/2016_2017/Rattus-tanezumi/Mammalia
OP589978/EBW-Sk-2/AUS/2013_2021/Miniopterus-orianae/Mammalia	OP589978/EBW-Sk-2/AUS/2013_2021/Miniopterus-orianae/Mammalia
MZ375141/5PT-RDRP-1/CHN/2020/Phrynocephalus-theobaldi/Lepidosauria	MZ375141/5PT-RDRP-1/CHN/2020/Phrynocephalus-theobaldi/Lepidosauria
MT138008/ltt163ast1/NA/2018/NA/NA	MT138008/ltt163ast1/NA/2018/NA/NA
MT138008/ltt163ast1/NA/2018/NA/NA	MT138014/rob181ast2/NA/2018/NA/NA
MN087316/NA/USA/2018/Odocoileus-virginianus/Mammalia	MN087316/NA/USA/2018/Odocoileus-virginianus/Mammalia
MG599920/NA/CHN/NA/Tropidophorus-sinicus/Lepidosauria	MG599920/NA/CHN/NA/Tropidophorus-sinicus/Lepidosauria
MG599892/NA/CHN/NA/Lethenteron-camtschaticum/Hyperoartia	MG599892/NA/CHN/NA/Lethenteron-camtschaticum/Hyperoartia
OZ453978/NA/GBR/2022/NA/NA	OZ453978/NA/GBR/2022/NA/NA
OZ453978/NA/GBR/2022/NA/NA	PV418557/CaAstV-Dog-AUS-perth_6-2022/AUS/2022-03/Canis-lupus/Mammalia
OR951032/GD2016_189_30487/CHN/2016/Hipposideros-larvatus/Mammalia	OR951032/GD2016_189_30487/CHN/2016/Hipposideros-larvatus/Mammalia
OR951032/GD2016_189_30487/CHN/2016/Hipposideros-larvatus/Mammalia	OR951036/GD2018_193_3704/CHN/2018/Hipposideros-larvatus/Mammalia
OR951032/GD2016_189_30487/CHN/2016/Hipposideros-larvatus/Mammalia	OP963600/NA/CHN/2015/Hipposideros-larvatus/Mammalia
OR951032/GD2016_189_30487/CHN/2016/Hipposideros-larvatus/Mammalia	OR613299/HLNN15-1/CHN/2015/Hipposideros-larvatus/Mammalia
OR951032/GD2016_189_30487/CHN/2016/Hipposideros-larvatus/Mammalia	OR613297/HAGXC131516-10/CHN/2015/Hipposideros-armiger/Mammalia
OQ802712/JM_Rh.sinicus_astro_2/CHN/2016_2017/Rhinolophus-sinicus/Mammalia	OQ802712/JM_Rh.sinicus_astro_2/CHN/2016_2017/Rhinolophus-sinicus/Mammalia
MZ375136/2PE-RDRP-1/CHN/2020/Phrynocephalus-erythrurus/Lepidosauria	MZ375136/2PE-RDRP-1/CHN/2020/Phrynocephalus-erythrurus/Lepidosauria
MT993596/MW10_1o/AUS/2015/Arenaria-interpres/Aves	MT993596/MW10_1o/AUS/2015/Arenaria-interpres/Aves
MT138006/hwf182ast2/NA/2018/NA/NA	MT138006/hwf182ast2/NA/2018/NA/NA
MG599918/NA/CHN/NA/Hemidactylus-bowringii/Lepidosauria	MG599918/NA/CHN/NA/Hemidactylus-bowringii/Lepidosauria
MG599890/NA/CHN/NA/Lethenteron-camtschaticum/Hyperoartia	MG599890/NA/CHN/NA/Lethenteron-camtschaticum/Hyperoartia
JN420354/1169/USA/2010/Zalophus-californianus/Mammalia	JN420354/1169/USA/2010/Zalophus-californianus/Mammalia
JN420354/1169/USA/2010/Zalophus-californianus/Mammalia	JN420356/1234/USA/2010/Zalophus-californianus/Mammalia
JN420354/1169/USA/2010/Zalophus-californianus/Mammalia	JN420358/9715/USA/2010/Zalophus-californianus/Mammalia
JN420354/1169/USA/2010/Zalophus-californianus/Mammalia	JN420357/9715/USA/2010/Zalophus-californianus/Mammalia
PV605181/21DB39/CHN/2021/Bandicota-indica/Mammalia	PV605181/21DB39/CHN/2021/Bandicota-indica/Mammalia
PP711853/10A-Kenya-BAT273-2015/KEN/2015/Coleura-afra/Mammalia	PP711853/10A-Kenya-BAT273-2015/KEN/2015/Coleura-afra/Mammalia
PP711853/10A-Kenya-BAT273-2015/KEN/2015/Coleura-afra/Mammalia	PP711855/12A-Kenya-BAT1597-2015/KEN/2015/Coleura-afra/Mammalia
